# Niyanta Digital Twin Asset: terrain_valley
v 0.0000 97.7810 0.0000
v 20.0000 94.8674 0.0000
v 40.0000 92.0665 0.0000
v 60.0000 89.9054 0.0000
v 80.0000 87.7952 0.0000
v 100.0000 86.1377 0.0000
v 120.0000 86.6252 0.0000
v 140.0000 87.8224 0.0000
v 160.0000 88.3921 0.0000
v 180.0000 88.3623 0.0000
v 200.0000 88.1389 0.0000
v 220.0000 88.0186 0.0000
v 240.0000 86.8315 0.0000
v 260.0000 85.7476 0.0000
v 280.0000 85.8538 0.0000
v 300.0000 85.6167 0.0000
v 320.0000 85.4964 0.0000
v 340.0000 84.3800 0.0000
v 360.0000 81.2224 0.0000
v 380.0000 77.9220 0.0000
v 400.0000 74.4950 0.0000
v 420.0000 71.0973 0.0000
v 440.0000 67.9785 0.0000
v 460.0000 64.7459 0.0000
v 480.0000 60.9597 0.0000
v 500.0000 57.0734 0.0000
v 520.0000 53.0307 0.0000
v 540.0000 50.3552 0.0000
v 560.0000 47.1821 0.0000
v 580.0000 45.9469 0.0000
v 600.0000 45.1132 0.0000
v 620.0000 45.1132 0.0000
v 640.0000 45.1132 0.0000
v 660.0000 45.1132 0.0000
v 680.0000 45.1132 0.0000
v 700.0000 45.1132 0.0000
v 720.0000 45.1132 0.0000
v 740.0000 45.1132 0.0000
v 760.0000 45.1132 0.0000
v 780.0000 45.1132 0.0000
v 800.0000 45.1132 0.0000
v 820.0000 45.1132 0.0000
v 840.0000 45.1132 0.0000
v 860.0000 45.1132 0.0000
v 880.0000 45.9810 0.0000
v 900.0000 48.7534 0.0000
v 920.0000 51.8681 0.0000
v 940.0000 53.8125 0.0000
v 960.0000 53.4617 0.0000
v 980.0000 51.0972 0.0000
v 1000.0000 50.4039 0.0000
v 0.0000 96.4045 20.0000
v 20.0000 93.8114 20.0000
v 40.0000 91.2258 20.0000
v 60.0000 88.9587 20.0000
v 80.0000 87.0250 20.0000
v 100.0000 84.8095 20.0000
v 120.0000 83.5930 20.0000
v 140.0000 83.6714 20.0000
v 160.0000 83.9767 20.0000
v 180.0000 84.3027 20.0000
v 200.0000 84.6205 20.0000
v 220.0000 85.3397 20.0000
v 240.0000 85.3819 20.0000
v 260.0000 84.3995 20.0000
v 280.0000 83.8459 20.0000
v 300.0000 83.3509 20.0000
v 320.0000 82.9845 20.0000
v 340.0000 82.7314 20.0000
v 360.0000 81.2246 20.0000
v 380.0000 78.5000 20.0000
v 400.0000 74.9992 20.0000
v 420.0000 71.1808 20.0000
v 440.0000 67.8861 20.0000
v 460.0000 64.1345 20.0000
v 480.0000 60.5737 20.0000
v 500.0000 57.4491 20.0000
v 520.0000 54.2168 20.0000
v 540.0000 51.1996 20.0000
v 560.0000 47.4259 20.0000
v 580.0000 45.1132 20.0000
v 600.0000 45.1132 20.0000
v 620.0000 45.1132 20.0000
v 640.0000 45.1132 20.0000
v 660.0000 45.1132 20.0000
v 680.0000 45.1132 20.0000
v 700.0000 45.1132 20.0000
v 720.0000 45.1132 20.0000
v 740.0000 45.1132 20.0000
v 760.0000 45.1132 20.0000
v 780.0000 45.1132 20.0000
v 800.0000 45.1132 20.0000
v 820.0000 45.1132 20.0000
v 840.0000 45.1132 20.0000
v 860.0000 45.1132 20.0000
v 880.0000 45.2963 20.0000
v 900.0000 46.3979 20.0000
v 920.0000 48.3974 20.0000
v 940.0000 49.2350 20.0000
v 960.0000 49.5093 20.0000
v 980.0000 48.9762 20.0000
v 1000.0000 48.7169 20.0000
v 0.0000 94.6588 40.0000
v 20.0000 92.2637 40.0000
v 40.0000 89.9270 40.0000
v 60.0000 87.5026 40.0000
v 80.0000 85.2645 40.0000
v 100.0000 83.4805 40.0000
v 120.0000 82.0105 40.0000
v 140.0000 80.7359 40.0000
v 160.0000 79.8967 40.0000
v 180.0000 80.4031 40.0000
v 200.0000 81.1834 40.0000
v 220.0000 81.6242 40.0000
v 240.0000 82.4543 40.0000
v 260.0000 82.6904 40.0000
v 280.0000 82.5680 40.0000
v 300.0000 82.1418 40.0000
v 320.0000 81.5230 40.0000
v 340.0000 80.5400 40.0000
v 360.0000 79.8733 40.0000
v 380.0000 78.6724 40.0000
v 400.0000 75.5477 40.0000
v 420.0000 71.6223 40.0000
v 440.0000 68.0987 40.0000
v 460.0000 64.6971 40.0000
v 480.0000 61.9684 40.0000
v 500.0000 59.9416 40.0000
v 520.0000 57.6131 40.0000
v 540.0000 54.0499 40.0000
v 560.0000 50.2550 40.0000
v 580.0000 45.7288 40.0000
v 600.0000 45.1132 40.0000
v 620.0000 45.1132 40.0000
v 640.0000 45.1132 40.0000
v 660.0000 45.1132 40.0000
v 680.0000 45.1132 40.0000
v 700.0000 45.1132 40.0000
v 720.0000 45.1132 40.0000
v 740.0000 45.1132 40.0000
v 760.0000 45.1132 40.0000
v 780.0000 45.1334 40.0000
v 800.0000 45.1425 40.0000
v 820.0000 45.1313 40.0000
v 840.0000 45.1132 40.0000
v 860.0000 45.1132 40.0000
v 880.0000 45.1132 40.0000
v 900.0000 45.1132 40.0000
v 920.0000 45.1132 40.0000
v 940.0000 45.4191 40.0000
v 960.0000 45.7949 40.0000
v 980.0000 45.9106 40.0000
v 1000.0000 46.2988 40.0000
v 0.0000 92.2874 60.0000
v 20.0000 89.8655 60.0000
v 40.0000 87.7295 60.0000
v 60.0000 85.1503 60.0000
v 80.0000 82.6488 60.0000
v 100.0000 80.9309 60.0000
v 120.0000 79.2131 60.0000
v 140.0000 77.7863 60.0000
v 160.0000 76.7945 60.0000
v 180.0000 76.7429 60.0000
v 200.0000 77.2416 60.0000
v 220.0000 77.8497 60.0000
v 240.0000 78.7716 60.0000
v 260.0000 79.5239 60.0000
v 280.0000 80.2826 60.0000
v 300.0000 80.5968 60.0000
v 320.0000 80.1964 60.0000
v 340.0000 79.0404 60.0000
v 360.0000 78.2362 60.0000
v 380.0000 78.1312 60.0000
v 400.0000 76.3775 60.0000
v 420.0000 73.2742 60.0000
v 440.0000 70.2183 60.0000
v 460.0000 67.1554 60.0000
v 480.0000 64.6821 60.0000
v 500.0000 62.3103 60.0000
v 520.0000 59.6187 60.0000
v 540.0000 55.8524 60.0000
v 560.0000 51.9602 60.0000
v 580.0000 47.5513 60.0000
v 600.0000 45.1132 60.0000
v 620.0000 45.1132 60.0000
v 640.0000 45.1132 60.0000
v 660.0000 45.1132 60.0000
v 680.0000 45.1132 60.0000
v 700.0000 45.1132 60.0000
v 720.0000 45.1132 60.0000
v 740.0000 45.1132 60.0000
v 760.0000 45.1132 60.0000
v 780.0000 45.1361 60.0000
v 800.0000 45.1464 60.0000
v 820.0000 45.1337 60.0000
v 840.0000 45.1132 60.0000
v 860.0000 45.1132 60.0000
v 880.0000 45.1132 60.0000
v 900.0000 45.1132 60.0000
v 920.0000 45.1132 60.0000
v 940.0000 45.1132 60.0000
v 960.0000 45.1132 60.0000
v 980.0000 45.1132 60.0000
v 1000.0000 45.1132 60.0000
v 0.0000 89.2743 80.0000
v 20.0000 87.3940 80.0000
v 40.0000 84.7631 80.0000
v 60.0000 81.6240 80.0000
v 80.0000 79.0945 80.0000
v 100.0000 77.5525 80.0000
v 120.0000 76.5013 80.0000
v 140.0000 75.8146 80.0000
v 160.0000 75.1916 80.0000
v 180.0000 74.5427 80.0000
v 200.0000 74.1641 80.0000
v 220.0000 73.9518 80.0000
v 240.0000 74.1315 80.0000
v 260.0000 74.4353 80.0000
v 280.0000 75.6855 80.0000
v 300.0000 77.1598 80.0000
v 320.0000 77.1511 80.0000
v 340.0000 76.9491 80.0000
v 360.0000 77.1013 80.0000
v 380.0000 77.0633 80.0000
v 400.0000 76.5877 80.0000
v 420.0000 74.8531 80.0000
v 440.0000 72.3270 80.0000
v 460.0000 68.9613 80.0000
v 480.0000 66.2149 80.0000
v 500.0000 63.3238 80.0000
v 520.0000 60.5791 80.0000
v 540.0000 57.0464 80.0000
v 560.0000 53.8796 80.0000
v 580.0000 50.4425 80.0000
v 600.0000 46.7525 80.0000
v 620.0000 45.1132 80.0000
v 640.0000 45.1132 80.0000
v 660.0000 45.1132 80.0000
v 680.0000 45.1132 80.0000
v 700.0000 45.1132 80.0000
v 720.0000 45.1132 80.0000
v 740.0000 45.1132 80.0000
v 760.0000 45.1132 80.0000
v 780.0000 45.1132 80.0000
v 800.0000 45.1132 80.0000
v 820.0000 45.1132 80.0000
v 840.0000 45.1132 80.0000
v 860.0000 45.1132 80.0000
v 880.0000 45.1132 80.0000
v 900.0000 45.1132 80.0000
v 920.0000 45.1132 80.0000
v 940.0000 45.1132 80.0000
v 960.0000 45.1132 80.0000
v 980.0000 45.1132 80.0000
v 1000.0000 45.1132 80.0000
v 0.0000 85.2966 100.0000
v 20.0000 83.4534 100.0000
v 40.0000 80.8503 100.0000
v 60.0000 78.4457 100.0000
v 80.0000 76.8191 100.0000
v 100.0000 75.8177 100.0000
v 120.0000 75.2293 100.0000
v 140.0000 74.6316 100.0000
v 160.0000 74.2720 100.0000
v 180.0000 73.6301 100.0000
v 200.0000 72.8611 100.0000
v 220.0000 72.3773 100.0000
v 240.0000 72.1406 100.0000
v 260.0000 71.6548 100.0000
v 280.0000 71.7418 100.0000
v 300.0000 72.8716 100.0000
v 320.0000 73.8018 100.0000
v 340.0000 74.5304 100.0000
v 360.0000 75.9264 100.0000
v 380.0000 76.5712 100.0000
v 400.0000 76.0221 100.0000
v 420.0000 75.5521 100.0000
v 440.0000 74.4797 100.0000
v 460.0000 71.6524 100.0000
v 480.0000 68.2331 100.0000
v 500.0000 65.1967 100.0000
v 520.0000 62.0564 100.0000
v 540.0000 58.9648 100.0000
v 560.0000 56.1580 100.0000
v 580.0000 53.4601 100.0000
v 600.0000 51.1283 100.0000
v 620.0000 50.0873 100.0000
v 640.0000 49.0953 100.0000
v 660.0000 47.5840 100.0000
v 680.0000 46.2425 100.0000
v 700.0000 45.1132 100.0000
v 720.0000 45.1132 100.0000
v 740.0000 45.1132 100.0000
v 760.0000 45.1132 100.0000
v 780.0000 45.1132 100.0000
v 800.0000 45.1132 100.0000
v 820.0000 45.1132 100.0000
v 840.0000 45.1132 100.0000
v 860.0000 45.1132 100.0000
v 880.0000 45.1132 100.0000
v 900.0000 45.1132 100.0000
v 920.0000 45.1132 100.0000
v 940.0000 45.1132 100.0000
v 960.0000 45.1132 100.0000
v 980.0000 45.1132 100.0000
v 1000.0000 45.1132 100.0000
v 0.0000 83.2270 120.0000
v 20.0000 80.9066 120.0000
v 40.0000 79.3121 120.0000
v 60.0000 77.3057 120.0000
v 80.0000 75.8413 120.0000
v 100.0000 75.0258 120.0000
v 120.0000 74.2438 120.0000
v 140.0000 73.5822 120.0000
v 160.0000 73.2082 120.0000
v 180.0000 72.7863 120.0000
v 200.0000 72.2138 120.0000
v 220.0000 71.8702 120.0000
v 240.0000 71.5430 120.0000
v 260.0000 71.0656 120.0000
v 280.0000 69.9475 120.0000
v 300.0000 68.6319 120.0000
v 320.0000 69.3328 120.0000
v 340.0000 71.8129 120.0000
v 360.0000 73.7567 120.0000
v 380.0000 75.6565 120.0000
v 400.0000 76.1716 120.0000
v 420.0000 75.7236 120.0000
v 440.0000 75.2857 120.0000
v 460.0000 73.9953 120.0000
v 480.0000 71.2338 120.0000
v 500.0000 68.3218 120.0000
v 520.0000 65.3135 120.0000
v 540.0000 62.2405 120.0000
v 560.0000 59.6077 120.0000
v 580.0000 57.3213 120.0000
v 600.0000 55.3996 120.0000
v 620.0000 54.2998 120.0000
v 640.0000 53.1365 120.0000
v 660.0000 51.6425 120.0000
v 680.0000 50.3215 120.0000
v 700.0000 49.2331 120.0000
v 720.0000 47.3174 120.0000
v 740.0000 45.8315 120.0000
v 760.0000 45.7669 120.0000
v 780.0000 45.6315 120.0000
v 800.0000 45.8171 120.0000
v 820.0000 46.4180 120.0000
v 840.0000 45.8381 120.0000
v 860.0000 45.1728 120.0000
v 880.0000 45.1132 120.0000
v 900.0000 45.1132 120.0000
v 920.0000 45.1132 120.0000
v 940.0000 45.1132 120.0000
v 960.0000 45.1132 120.0000
v 980.0000 45.1132 120.0000
v 1000.0000 45.1132 120.0000
v 0.0000 82.7343 140.0000
v 20.0000 79.9885 140.0000
v 40.0000 77.9694 140.0000
v 60.0000 76.1140 140.0000
v 80.0000 74.7929 140.0000
v 100.0000 74.0373 140.0000
v 120.0000 73.4450 140.0000
v 140.0000 72.7770 140.0000
v 160.0000 72.0998 140.0000
v 180.0000 71.7429 140.0000
v 200.0000 71.4411 140.0000
v 220.0000 71.2908 140.0000
v 240.0000 71.0415 140.0000
v 260.0000 70.6973 140.0000
v 280.0000 69.4793 140.0000
v 300.0000 67.0434 140.0000
v 320.0000 65.7380 140.0000
v 340.0000 67.1566 140.0000
v 360.0000 69.6793 140.0000
v 380.0000 72.5803 140.0000
v 400.0000 74.5798 140.0000
v 420.0000 74.9770 140.0000
v 440.0000 74.5297 140.0000
v 460.0000 74.1085 140.0000
v 480.0000 72.7736 140.0000
v 500.0000 70.5229 140.0000
v 520.0000 67.9248 140.0000
v 540.0000 65.0464 140.0000
v 560.0000 62.6516 140.0000
v 580.0000 60.5149 140.0000
v 600.0000 58.3088 140.0000
v 620.0000 56.4742 140.0000
v 640.0000 55.3374 140.0000
v 660.0000 54.4982 140.0000
v 680.0000 53.7949 140.0000
v 700.0000 52.9838 140.0000
v 720.0000 52.1094 140.0000
v 740.0000 51.4092 140.0000
v 760.0000 51.0782 140.0000
v 780.0000 50.4189 140.0000
v 800.0000 50.8242 140.0000
v 820.0000 50.8837 140.0000
v 840.0000 48.8849 140.0000
v 860.0000 45.7167 140.0000
v 880.0000 45.1132 140.0000
v 900.0000 45.1132 140.0000
v 920.0000 45.1132 140.0000
v 940.0000 45.1132 140.0000
v 960.0000 45.1132 140.0000
v 980.0000 45.1132 140.0000
v 1000.0000 45.1132 140.0000
v 0.0000 82.8191 160.0000
v 20.0000 80.7804 160.0000
v 40.0000 79.0191 160.0000
v 60.0000 77.2026 160.0000
v 80.0000 75.3967 160.0000
v 100.0000 73.8851 160.0000
v 120.0000 72.8881 160.0000
v 140.0000 71.9420 160.0000
v 160.0000 71.1041 160.0000
v 180.0000 70.5064 160.0000
v 200.0000 70.2258 160.0000
v 220.0000 70.5294 160.0000
v 240.0000 70.5437 160.0000
v 260.0000 70.2300 160.0000
v 280.0000 69.3394 160.0000
v 300.0000 66.9945 160.0000
v 320.0000 64.3473 160.0000
v 340.0000 63.5663 160.0000
v 360.0000 64.4662 160.0000
v 380.0000 67.0487 160.0000
v 400.0000 69.9401 160.0000
v 420.0000 71.6444 160.0000
v 440.0000 72.6605 160.0000
v 460.0000 72.3627 160.0000
v 480.0000 72.3700 160.0000
v 500.0000 71.8077 160.0000
v 520.0000 69.8010 160.0000
v 540.0000 67.3124 160.0000
v 560.0000 64.8267 160.0000
v 580.0000 62.6567 160.0000
v 600.0000 60.8068 160.0000
v 620.0000 59.1512 160.0000
v 640.0000 58.0712 160.0000
v 660.0000 57.4652 160.0000
v 680.0000 57.4109 160.0000
v 700.0000 56.6716 160.0000
v 720.0000 55.8222 160.0000
v 740.0000 55.4038 160.0000
v 760.0000 55.3787 160.0000
v 780.0000 55.3200 160.0000
v 800.0000 55.3173 160.0000
v 820.0000 54.1832 160.0000
v 840.0000 50.9289 160.0000
v 860.0000 46.1787 160.0000
v 880.0000 45.1132 160.0000
v 900.0000 45.1132 160.0000
v 920.0000 45.1132 160.0000
v 940.0000 45.1132 160.0000
v 960.0000 45.1132 160.0000
v 980.0000 45.1132 160.0000
v 1000.0000 45.1132 160.0000
v 0.0000 84.9124 180.0000
v 20.0000 83.1467 180.0000
v 40.0000 81.3235 180.0000
v 60.0000 79.0653 180.0000
v 80.0000 76.7065 180.0000
v 100.0000 74.6308 180.0000
v 120.0000 72.9206 180.0000
v 140.0000 71.8121 180.0000
v 160.0000 70.8635 180.0000
v 180.0000 69.7213 180.0000
v 200.0000 69.1462 180.0000
v 220.0000 69.7174 180.0000
v 240.0000 70.3744 180.0000
v 260.0000 69.9495 180.0000
v 280.0000 69.0186 180.0000
v 300.0000 66.5339 180.0000
v 320.0000 63.0907 180.0000
v 340.0000 60.2044 180.0000
v 360.0000 59.7603 180.0000
v 380.0000 60.7409 180.0000
v 400.0000 62.8391 180.0000
v 420.0000 64.6259 180.0000
v 440.0000 67.2322 180.0000
v 460.0000 69.0570 180.0000
v 480.0000 69.6773 180.0000
v 500.0000 70.1566 180.0000
v 520.0000 70.2515 180.0000
v 540.0000 69.0623 180.0000
v 560.0000 67.0475 180.0000
v 580.0000 65.0194 180.0000
v 600.0000 63.5038 180.0000
v 620.0000 62.3925 180.0000
v 640.0000 61.6813 180.0000
v 660.0000 61.3692 180.0000
v 680.0000 61.3283 180.0000
v 700.0000 60.4199 180.0000
v 720.0000 59.1579 180.0000
v 740.0000 58.0920 180.0000
v 760.0000 57.1268 180.0000
v 780.0000 55.9479 180.0000
v 800.0000 55.0890 180.0000
v 820.0000 53.4832 180.0000
v 840.0000 50.4907 180.0000
v 860.0000 46.5114 180.0000
v 880.0000 45.1525 180.0000
v 900.0000 45.1132 180.0000
v 920.0000 45.1132 180.0000
v 940.0000 45.1132 180.0000
v 960.0000 45.1132 180.0000
v 980.0000 45.1132 180.0000
v 1000.0000 45.1132 180.0000
v 0.0000 86.9459 200.0000
v 20.0000 84.7217 200.0000
v 40.0000 83.0168 200.0000
v 60.0000 81.2064 200.0000
v 80.0000 78.9111 200.0000
v 100.0000 76.3275 200.0000
v 120.0000 73.2379 200.0000
v 140.0000 71.5175 200.0000
v 160.0000 70.8156 200.0000
v 180.0000 70.2415 200.0000
v 200.0000 69.5398 200.0000
v 220.0000 69.6611 200.0000
v 240.0000 70.2149 200.0000
v 260.0000 69.6058 200.0000
v 280.0000 67.5408 200.0000
v 300.0000 64.9386 200.0000
v 320.0000 61.9851 200.0000
v 340.0000 58.0285 200.0000
v 360.0000 55.4882 200.0000
v 380.0000 54.7698 200.0000
v 400.0000 55.2482 200.0000
v 420.0000 56.9127 200.0000
v 440.0000 60.4735 200.0000
v 460.0000 64.5356 200.0000
v 480.0000 66.0535 200.0000
v 500.0000 66.6754 200.0000
v 520.0000 67.3798 200.0000
v 540.0000 67.5897 200.0000
v 560.0000 66.7401 200.0000
v 580.0000 64.9988 200.0000
v 600.0000 63.1423 200.0000
v 620.0000 61.7756 200.0000
v 640.0000 61.4473 200.0000
v 660.0000 62.4870 200.0000
v 680.0000 63.2781 200.0000
v 700.0000 61.9806 200.0000
v 720.0000 59.3891 200.0000
v 740.0000 56.7726 200.0000
v 760.0000 54.6888 200.0000
v 780.0000 53.2159 200.0000
v 800.0000 51.7097 200.0000
v 820.0000 50.1154 200.0000
v 840.0000 47.9300 200.0000
v 860.0000 45.6572 200.0000
v 880.0000 45.1187 200.0000
v 900.0000 45.1132 200.0000
v 920.0000 45.1132 200.0000
v 940.0000 45.1132 200.0000
v 960.0000 45.1132 200.0000
v 980.0000 45.1132 200.0000
v 1000.0000 45.1132 200.0000
v 0.0000 87.3330 220.0000
v 20.0000 84.4273 220.0000
v 40.0000 82.3100 220.0000
v 60.0000 80.7014 220.0000
v 80.0000 78.9844 220.0000
v 100.0000 77.1495 220.0000
v 120.0000 74.5349 220.0000
v 140.0000 71.9638 220.0000
v 160.0000 70.3888 220.0000
v 180.0000 69.8202 220.0000
v 200.0000 68.9377 220.0000
v 220.0000 68.4532 220.0000
v 240.0000 69.6660 220.0000
v 260.0000 69.3683 220.0000
v 280.0000 67.6425 220.0000
v 300.0000 65.3330 220.0000
v 320.0000 62.2497 220.0000
v 340.0000 57.8198 220.0000
v 360.0000 54.2930 220.0000
v 380.0000 51.5148 220.0000
v 400.0000 50.0991 220.0000
v 420.0000 49.8343 220.0000
v 440.0000 52.8505 220.0000
v 460.0000 57.4212 220.0000
v 480.0000 60.0434 220.0000
v 500.0000 61.6185 220.0000
v 520.0000 62.7992 220.0000
v 540.0000 63.5210 220.0000
v 560.0000 62.8786 220.0000
v 580.0000 61.7875 220.0000
v 600.0000 60.7513 220.0000
v 620.0000 59.6466 220.0000
v 640.0000 59.0530 220.0000
v 660.0000 60.0350 220.0000
v 680.0000 61.1775 220.0000
v 700.0000 59.7357 220.0000
v 720.0000 56.5725 220.0000
v 740.0000 53.8562 220.0000
v 760.0000 51.3967 220.0000
v 780.0000 48.3528 220.0000
v 800.0000 45.1132 220.0000
v 820.0000 45.1132 220.0000
v 840.0000 45.1132 220.0000
v 860.0000 45.1132 220.0000
v 880.0000 45.1132 220.0000
v 900.0000 45.1132 220.0000
v 920.0000 45.1132 220.0000
v 940.0000 45.1132 220.0000
v 960.0000 45.1132 220.0000
v 980.0000 45.1132 220.0000
v 1000.0000 45.1132 220.0000
v 0.0000 86.5782 240.0000
v 20.0000 84.3480 240.0000
v 40.0000 81.8423 240.0000
v 60.0000 79.7500 240.0000
v 80.0000 77.6754 240.0000
v 100.0000 76.0007 240.0000
v 120.0000 74.4058 240.0000
v 140.0000 72.1100 240.0000
v 160.0000 69.7980 240.0000
v 180.0000 68.6736 240.0000
v 200.0000 67.9936 240.0000
v 220.0000 66.7898 240.0000
v 240.0000 67.6052 240.0000
v 260.0000 68.0602 240.0000
v 280.0000 67.1451 240.0000
v 300.0000 65.0778 240.0000
v 320.0000 62.1408 240.0000
v 340.0000 58.2255 240.0000
v 360.0000 53.2810 240.0000
v 380.0000 49.9433 240.0000
v 400.0000 48.5765 240.0000
v 420.0000 47.9293 240.0000
v 440.0000 47.8981 240.0000
v 460.0000 50.2158 240.0000
v 480.0000 52.8486 240.0000
v 500.0000 54.7805 240.0000
v 520.0000 56.3646 240.0000
v 540.0000 57.5332 240.0000
v 560.0000 57.9975 240.0000
v 580.0000 57.7738 240.0000
v 600.0000 58.0869 240.0000
v 620.0000 57.7788 240.0000
v 640.0000 57.0882 240.0000
v 660.0000 57.1739 240.0000
v 680.0000 57.7573 240.0000
v 700.0000 56.1615 240.0000
v 720.0000 53.9054 240.0000
v 740.0000 51.6541 240.0000
v 760.0000 49.3599 240.0000
v 780.0000 45.1132 240.0000
v 800.0000 45.1132 240.0000
v 820.0000 45.1132 240.0000
v 840.0000 45.1132 240.0000
v 860.0000 45.1132 240.0000
v 880.0000 45.1132 240.0000
v 900.0000 45.1132 240.0000
v 920.0000 45.1132 240.0000
v 940.0000 45.1132 240.0000
v 960.0000 45.1132 240.0000
v 980.0000 45.1132 240.0000
v 1000.0000 45.1132 240.0000
v 0.0000 87.6052 260.0000
v 20.0000 85.3114 260.0000
v 40.0000 83.0083 260.0000
v 60.0000 80.6295 260.0000
v 80.0000 78.3247 260.0000
v 100.0000 75.7965 260.0000
v 120.0000 73.7096 260.0000
v 140.0000 71.5809 260.0000
v 160.0000 69.5404 260.0000
v 180.0000 67.6408 260.0000
v 200.0000 66.8680 260.0000
v 220.0000 65.7873 260.0000
v 240.0000 65.2889 260.0000
v 260.0000 65.1532 260.0000
v 280.0000 64.6194 260.0000
v 300.0000 63.3671 260.0000
v 320.0000 62.0215 260.0000
v 340.0000 58.0701 260.0000
v 360.0000 53.3035 260.0000
v 380.0000 49.4844 260.0000
v 400.0000 48.6948 260.0000
v 420.0000 48.4459 260.0000
v 440.0000 47.6206 260.0000
v 460.0000 47.3870 260.0000
v 480.0000 48.4246 260.0000
v 500.0000 49.5752 260.0000
v 520.0000 50.5399 260.0000
v 540.0000 51.4036 260.0000
v 560.0000 52.4341 260.0000
v 580.0000 52.8763 260.0000
v 600.0000 54.4055 260.0000
v 620.0000 55.6266 260.0000
v 640.0000 55.5262 260.0000
v 660.0000 55.8721 260.0000
v 680.0000 56.5134 260.0000
v 700.0000 55.5063 260.0000
v 720.0000 53.5244 260.0000
v 740.0000 51.2768 260.0000
v 760.0000 47.6351 260.0000
v 780.0000 45.1132 260.0000
v 800.0000 45.1132 260.0000
v 820.0000 45.1132 260.0000
v 840.0000 45.1132 260.0000
v 860.0000 45.1132 260.0000
v 880.0000 45.1132 260.0000
v 900.0000 45.1132 260.0000
v 920.0000 45.1132 260.0000
v 940.0000 45.1132 260.0000
v 960.0000 45.1132 260.0000
v 980.0000 45.1132 260.0000
v 1000.0000 45.1132 260.0000
v 0.0000 88.5150 280.0000
v 20.0000 85.6298 280.0000
v 40.0000 83.1427 280.0000
v 60.0000 80.6841 280.0000
v 80.0000 77.7477 280.0000
v 100.0000 74.4986 280.0000
v 120.0000 71.6504 280.0000
v 140.0000 69.2834 280.0000
v 160.0000 67.6407 280.0000
v 180.0000 66.4185 280.0000
v 200.0000 65.3983 280.0000
v 220.0000 63.9771 280.0000
v 240.0000 62.5599 280.0000
v 260.0000 61.8024 280.0000
v 280.0000 61.7895 280.0000
v 300.0000 62.0556 280.0000
v 320.0000 61.2046 280.0000
v 340.0000 57.4249 280.0000
v 360.0000 53.5601 280.0000
v 380.0000 50.5499 280.0000
v 400.0000 50.1012 280.0000
v 420.0000 50.2771 280.0000
v 440.0000 48.6726 280.0000
v 460.0000 47.2628 280.0000
v 480.0000 46.8278 280.0000
v 500.0000 47.3944 280.0000
v 520.0000 47.7774 280.0000
v 540.0000 47.5124 280.0000
v 560.0000 47.8016 280.0000
v 580.0000 49.0314 280.0000
v 600.0000 51.6286 280.0000
v 620.0000 53.3273 280.0000
v 640.0000 54.0896 280.0000
v 660.0000 55.8153 280.0000
v 680.0000 56.8081 280.0000
v 700.0000 55.5710 280.0000
v 720.0000 53.4050 280.0000
v 740.0000 50.7668 280.0000
v 760.0000 46.6683 280.0000
v 780.0000 45.1132 280.0000
v 800.0000 45.1132 280.0000
v 820.0000 45.1132 280.0000
v 840.0000 45.1132 280.0000
v 860.0000 45.1132 280.0000
v 880.0000 45.1132 280.0000
v 900.0000 45.1132 280.0000
v 920.0000 45.1132 280.0000
v 940.0000 45.1132 280.0000
v 960.0000 45.1132 280.0000
v 980.0000 45.1132 280.0000
v 1000.0000 45.1132 280.0000
v 0.0000 86.7716 300.0000
v 20.0000 83.9674 300.0000
v 40.0000 81.5427 300.0000
v 60.0000 78.6937 300.0000
v 80.0000 75.5251 300.0000
v 100.0000 72.9748 300.0000
v 120.0000 70.7586 300.0000
v 140.0000 68.1516 300.0000
v 160.0000 65.9798 300.0000
v 180.0000 64.3893 300.0000
v 200.0000 63.0524 300.0000
v 220.0000 61.8801 300.0000
v 240.0000 60.9234 300.0000
v 260.0000 59.9345 300.0000
v 280.0000 59.7113 300.0000
v 300.0000 60.4574 300.0000
v 320.0000 59.9209 300.0000
v 340.0000 57.1606 300.0000
v 360.0000 53.0624 300.0000
v 380.0000 51.6606 300.0000
v 400.0000 52.2820 300.0000
v 420.0000 52.4141 300.0000
v 440.0000 50.2183 300.0000
v 460.0000 47.5268 300.0000
v 480.0000 46.7287 300.0000
v 500.0000 46.4605 300.0000
v 520.0000 46.3931 300.0000
v 540.0000 45.8166 300.0000
v 560.0000 45.9213 300.0000
v 580.0000 47.3114 300.0000
v 600.0000 50.3234 300.0000
v 620.0000 52.3320 300.0000
v 640.0000 54.1269 300.0000
v 660.0000 56.8763 300.0000
v 680.0000 56.6285 300.0000
v 700.0000 54.7516 300.0000
v 720.0000 52.5369 300.0000
v 740.0000 50.4168 300.0000
v 760.0000 49.2825 300.0000
v 780.0000 48.2461 300.0000
v 800.0000 47.5307 300.0000
v 820.0000 46.2792 300.0000
v 840.0000 45.1132 300.0000
v 860.0000 45.1132 300.0000
v 880.0000 45.1132 300.0000
v 900.0000 45.1132 300.0000
v 920.0000 45.1132 300.0000
v 940.0000 45.1132 300.0000
v 960.0000 45.1132 300.0000
v 980.0000 45.1132 300.0000
v 1000.0000 45.1132 300.0000
v 0.0000 85.2384 320.0000
v 20.0000 82.5696 320.0000
v 40.0000 80.0421 320.0000
v 60.0000 77.9661 320.0000
v 80.0000 76.4827 320.0000
v 100.0000 74.7412 320.0000
v 120.0000 72.9166 320.0000
v 140.0000 70.9677 320.0000
v 160.0000 68.7558 320.0000
v 180.0000 65.9693 320.0000
v 200.0000 63.5141 320.0000
v 220.0000 61.5568 320.0000
v 240.0000 60.0716 320.0000
v 260.0000 57.6354 320.0000
v 280.0000 57.2316 320.0000
v 300.0000 57.9500 320.0000
v 320.0000 57.5266 320.0000
v 340.0000 55.1799 320.0000
v 360.0000 52.1246 320.0000
v 380.0000 53.2496 320.0000
v 400.0000 55.3533 320.0000
v 420.0000 55.5653 320.0000
v 440.0000 52.6379 320.0000
v 460.0000 49.3073 320.0000
v 480.0000 47.6151 320.0000
v 500.0000 47.1086 320.0000
v 520.0000 47.4101 320.0000
v 540.0000 47.5876 320.0000
v 560.0000 46.3671 320.0000
v 580.0000 45.1132 320.0000
v 600.0000 47.3664 320.0000
v 620.0000 51.7054 320.0000
v 640.0000 53.9524 320.0000
v 660.0000 56.6444 320.0000
v 680.0000 55.9644 320.0000
v 700.0000 53.4744 320.0000
v 720.0000 51.0881 320.0000
v 740.0000 50.1255 320.0000
v 760.0000 49.9709 320.0000
v 780.0000 50.4124 320.0000
v 800.0000 50.7949 320.0000
v 820.0000 50.3026 320.0000
v 840.0000 47.4044 320.0000
v 860.0000 45.4045 320.0000
v 880.0000 45.1132 320.0000
v 900.0000 45.1132 320.0000
v 920.0000 45.1132 320.0000
v 940.0000 45.1132 320.0000
v 960.0000 45.1132 320.0000
v 980.0000 45.1132 320.0000
v 1000.0000 45.1132 320.0000
v 0.0000 85.4462 340.0000
v 20.0000 83.1136 340.0000
v 40.0000 81.8413 340.0000
v 60.0000 81.2813 340.0000
v 80.0000 80.2882 340.0000
v 100.0000 78.6129 340.0000
v 120.0000 76.5057 340.0000
v 140.0000 74.3125 340.0000
v 160.0000 71.8848 340.0000
v 180.0000 69.6943 340.0000
v 200.0000 67.5935 340.0000
v 220.0000 64.9405 340.0000
v 240.0000 62.9304 340.0000
v 260.0000 60.2554 340.0000
v 280.0000 57.7025 340.0000
v 300.0000 55.9788 340.0000
v 320.0000 54.7774 340.0000
v 340.0000 53.6038 340.0000
v 360.0000 53.1407 340.0000
v 380.0000 55.1814 340.0000
v 400.0000 58.2085 340.0000
v 420.0000 58.2407 340.0000
v 440.0000 55.0766 340.0000
v 460.0000 52.2217 340.0000
v 480.0000 50.7273 340.0000
v 500.0000 50.6426 340.0000
v 520.0000 51.2772 340.0000
v 540.0000 51.3719 340.0000
v 560.0000 48.4393 340.0000
v 580.0000 45.1132 340.0000
v 600.0000 46.7570 340.0000
v 620.0000 50.1890 340.0000
v 640.0000 51.5267 340.0000
v 660.0000 52.5753 340.0000
v 680.0000 52.4275 340.0000
v 700.0000 50.7406 340.0000
v 720.0000 49.5394 340.0000
v 740.0000 48.6525 340.0000
v 760.0000 48.3091 340.0000
v 780.0000 49.0076 340.0000
v 800.0000 48.7829 340.0000
v 820.0000 46.8240 340.0000
v 840.0000 45.2736 340.0000
v 860.0000 45.1876 340.0000
v 880.0000 45.1132 340.0000
v 900.0000 45.1132 340.0000
v 920.0000 45.1132 340.0000
v 940.0000 45.1132 340.0000
v 960.0000 45.1132 340.0000
v 980.0000 45.1132 340.0000
v 1000.0000 45.1132 340.0000
v 0.0000 88.6278 360.0000
v 20.0000 87.4327 360.0000
v 40.0000 86.4578 360.0000
v 60.0000 85.3109 360.0000
v 80.0000 84.0431 360.0000
v 100.0000 82.5245 360.0000
v 120.0000 80.7708 360.0000
v 140.0000 78.6297 360.0000
v 160.0000 76.4020 360.0000
v 180.0000 74.6739 360.0000
v 200.0000 72.5139 360.0000
v 220.0000 69.5259 360.0000
v 240.0000 67.0243 360.0000
v 260.0000 64.2481 360.0000
v 280.0000 61.3740 360.0000
v 300.0000 58.5671 360.0000
v 320.0000 56.9598 360.0000
v 340.0000 55.3755 360.0000
v 360.0000 55.0598 360.0000
v 380.0000 56.9907 360.0000
v 400.0000 59.6101 360.0000
v 420.0000 59.5402 360.0000
v 440.0000 57.6855 360.0000
v 460.0000 55.8116 360.0000
v 480.0000 54.2151 360.0000
v 500.0000 53.9090 360.0000
v 520.0000 53.9963 360.0000
v 540.0000 52.4665 360.0000
v 560.0000 49.7860 360.0000
v 580.0000 45.1132 360.0000
v 600.0000 45.5741 360.0000
v 620.0000 46.4626 360.0000
v 640.0000 46.9367 360.0000
v 660.0000 47.3897 360.0000
v 680.0000 47.6870 360.0000
v 700.0000 47.2414 360.0000
v 720.0000 47.2651 360.0000
v 740.0000 47.5945 360.0000
v 760.0000 48.2776 360.0000
v 780.0000 48.8707 360.0000
v 800.0000 46.4362 360.0000
v 820.0000 45.1132 360.0000
v 840.0000 45.1132 360.0000
v 860.0000 45.1132 360.0000
v 880.0000 45.1132 360.0000
v 900.0000 45.1132 360.0000
v 920.0000 45.1132 360.0000
v 940.0000 45.1132 360.0000
v 960.0000 45.1132 360.0000
v 980.0000 45.1132 360.0000
v 1000.0000 45.1132 360.0000
v 0.0000 93.4095 380.0000
v 20.0000 91.2136 380.0000
v 40.0000 89.5571 380.0000
v 60.0000 88.5212 380.0000
v 80.0000 87.6729 380.0000
v 100.0000 86.3467 380.0000
v 120.0000 84.4820 380.0000
v 140.0000 82.4565 380.0000
v 160.0000 80.7651 380.0000
v 180.0000 79.0366 380.0000
v 200.0000 76.9146 380.0000
v 220.0000 74.3476 380.0000
v 240.0000 71.9898 380.0000
v 260.0000 69.1395 380.0000
v 280.0000 66.2360 380.0000
v 300.0000 63.6527 380.0000
v 320.0000 60.6433 380.0000
v 340.0000 57.4009 380.0000
v 360.0000 55.7465 380.0000
v 380.0000 56.3705 380.0000
v 400.0000 58.1718 380.0000
v 420.0000 59.3185 380.0000
v 440.0000 60.2344 380.0000
v 460.0000 59.5469 380.0000
v 480.0000 58.3484 380.0000
v 500.0000 57.1614 380.0000
v 520.0000 55.9292 380.0000
v 540.0000 53.8266 380.0000
v 560.0000 50.6472 380.0000
v 580.0000 47.3396 380.0000
v 600.0000 46.5109 380.0000
v 620.0000 46.5874 380.0000
v 640.0000 45.4867 380.0000
v 660.0000 45.2236 380.0000
v 680.0000 45.3846 380.0000
v 700.0000 45.3453 380.0000
v 720.0000 45.8835 380.0000
v 740.0000 47.5406 380.0000
v 760.0000 48.0110 380.0000
v 780.0000 47.6604 380.0000
v 800.0000 45.1132 380.0000
v 820.0000 45.1132 380.0000
v 840.0000 45.4114 380.0000
v 860.0000 46.1220 380.0000
v 880.0000 46.2063 380.0000
v 900.0000 46.0017 380.0000
v 920.0000 45.6169 380.0000
v 940.0000 45.2654 380.0000
v 960.0000 45.2575 380.0000
v 980.0000 45.6219 380.0000
v 1000.0000 45.9676 380.0000
v 0.0000 97.0106 400.0000
v 20.0000 94.5027 400.0000
v 40.0000 92.5768 400.0000
v 60.0000 90.9975 400.0000
v 80.0000 89.8300 400.0000
v 100.0000 88.4668 400.0000
v 120.0000 86.6452 400.0000
v 140.0000 84.8737 400.0000
v 160.0000 83.0508 400.0000
v 180.0000 81.1032 400.0000
v 200.0000 79.1151 400.0000
v 220.0000 77.5353 400.0000
v 240.0000 75.6688 400.0000
v 260.0000 73.2871 400.0000
v 280.0000 70.7377 400.0000
v 300.0000 67.2801 400.0000
v 320.0000 63.1177 400.0000
v 340.0000 59.5562 400.0000
v 360.0000 56.4172 400.0000
v 380.0000 54.9722 400.0000
v 400.0000 55.2761 400.0000
v 420.0000 57.0946 400.0000
v 440.0000 59.7137 400.0000
v 460.0000 61.2582 400.0000
v 480.0000 60.9831 400.0000
v 500.0000 59.4458 400.0000
v 520.0000 57.0563 400.0000
v 540.0000 54.9357 400.0000
v 560.0000 51.9450 400.0000
v 580.0000 49.6943 400.0000
v 600.0000 49.5923 400.0000
v 620.0000 50.7026 400.0000
v 640.0000 49.9628 400.0000
v 660.0000 48.2161 400.0000
v 680.0000 46.7743 400.0000
v 700.0000 45.1132 400.0000
v 720.0000 45.1961 400.0000
v 740.0000 46.0994 400.0000
v 760.0000 46.4359 400.0000
v 780.0000 45.4741 400.0000
v 800.0000 45.1132 400.0000
v 820.0000 45.1132 400.0000
v 840.0000 46.6421 400.0000
v 860.0000 49.1096 400.0000
v 880.0000 49.7490 400.0000
v 900.0000 48.8840 400.0000
v 920.0000 47.3467 400.0000
v 940.0000 45.8977 400.0000
v 960.0000 45.6728 400.0000
v 980.0000 46.7933 400.0000
v 1000.0000 48.0059 400.0000
v 0.0000 99.4919 420.0000
v 20.0000 97.2152 420.0000
v 40.0000 94.8499 420.0000
v 60.0000 93.0359 420.0000
v 80.0000 91.3457 420.0000
v 100.0000 89.8798 420.0000
v 120.0000 88.5226 420.0000
v 140.0000 87.1411 420.0000
v 160.0000 85.4091 420.0000
v 180.0000 83.3277 420.0000
v 200.0000 81.0257 420.0000
v 220.0000 79.3709 420.0000
v 240.0000 77.8250 420.0000
v 260.0000 75.9772 420.0000
v 280.0000 73.1917 420.0000
v 300.0000 68.5685 420.0000
v 320.0000 64.5313 420.0000
v 340.0000 62.7480 420.0000
v 360.0000 60.3925 420.0000
v 380.0000 57.2235 420.0000
v 400.0000 55.3921 420.0000
v 420.0000 55.8216 420.0000
v 440.0000 57.5643 420.0000
v 460.0000 60.5378 420.0000
v 480.0000 62.2646 420.0000
v 500.0000 61.4846 420.0000
v 520.0000 59.1450 420.0000
v 540.0000 56.3331 420.0000
v 560.0000 53.7897 420.0000
v 580.0000 52.1218 420.0000
v 600.0000 52.9099 420.0000
v 620.0000 54.0583 420.0000
v 640.0000 53.0496 420.0000
v 660.0000 51.4126 420.0000
v 680.0000 49.5048 420.0000
v 700.0000 47.2031 420.0000
v 720.0000 45.1132 420.0000
v 740.0000 45.1690 420.0000
v 760.0000 45.2104 420.0000
v 780.0000 45.1132 420.0000
v 800.0000 45.1132 420.0000
v 820.0000 46.0925 420.0000
v 840.0000 49.5556 420.0000
v 860.0000 52.5555 420.0000
v 880.0000 53.4317 420.0000
v 900.0000 52.6262 420.0000
v 920.0000 49.1513 420.0000
v 940.0000 46.1973 420.0000
v 960.0000 46.0721 420.0000
v 980.0000 47.1519 420.0000
v 1000.0000 47.5123 420.0000
v 0.0000 100.1660 440.0000
v 20.0000 98.2077 440.0000
v 40.0000 96.1895 440.0000
v 60.0000 94.1228 440.0000
v 80.0000 92.4126 440.0000
v 100.0000 90.9691 440.0000
v 120.0000 89.5235 440.0000
v 140.0000 88.1266 440.0000
v 160.0000 86.7498 440.0000
v 180.0000 85.1662 440.0000
v 200.0000 83.2586 440.0000
v 220.0000 81.2607 440.0000
v 240.0000 79.4797 440.0000
v 260.0000 78.0114 440.0000
v 280.0000 75.2308 440.0000
v 300.0000 70.2330 440.0000
v 320.0000 66.2310 440.0000
v 340.0000 65.6173 440.0000
v 360.0000 65.6650 440.0000
v 380.0000 62.9453 440.0000
v 400.0000 59.6610 440.0000
v 420.0000 57.1468 440.0000
v 440.0000 55.9167 440.0000
v 460.0000 57.8171 440.0000
v 480.0000 60.0705 440.0000
v 500.0000 61.7527 440.0000
v 520.0000 61.3169 440.0000
v 540.0000 58.9946 440.0000
v 560.0000 56.2569 440.0000
v 580.0000 55.5526 440.0000
v 600.0000 57.1338 440.0000
v 620.0000 57.1431 440.0000
v 640.0000 55.2162 440.0000
v 660.0000 52.7644 440.0000
v 680.0000 49.4092 440.0000
v 700.0000 46.0243 440.0000
v 720.0000 45.1132 440.0000
v 740.0000 45.1132 440.0000
v 760.0000 45.1132 440.0000
v 780.0000 45.3520 440.0000
v 800.0000 46.3804 440.0000
v 820.0000 49.8446 440.0000
v 840.0000 53.5337 440.0000
v 860.0000 56.0185 440.0000
v 880.0000 55.9991 440.0000
v 900.0000 54.0474 440.0000
v 920.0000 50.1007 440.0000
v 940.0000 47.1292 440.0000
v 960.0000 45.6531 440.0000
v 980.0000 45.6434 440.0000
v 1000.0000 45.5153 440.0000
v 0.0000 100.5982 460.0000
v 20.0000 98.7358 460.0000
v 40.0000 96.8244 460.0000
v 60.0000 95.1265 460.0000
v 80.0000 93.6067 460.0000
v 100.0000 91.8870 460.0000
v 120.0000 90.6081 460.0000
v 140.0000 89.4428 460.0000
v 160.0000 88.1681 460.0000
v 180.0000 86.5727 460.0000
v 200.0000 84.7093 460.0000
v 220.0000 82.7799 460.0000
v 240.0000 81.0971 460.0000
v 260.0000 79.7144 460.0000
v 280.0000 77.1837 460.0000
v 300.0000 72.6829 460.0000
v 320.0000 69.0081 460.0000
v 340.0000 68.2581 460.0000
v 360.0000 68.5717 460.0000
v 380.0000 67.1814 460.0000
v 400.0000 64.6145 460.0000
v 420.0000 60.5588 460.0000
v 440.0000 56.4577 460.0000
v 460.0000 56.0746 460.0000
v 480.0000 57.6739 460.0000
v 500.0000 60.7855 460.0000
v 520.0000 62.5026 460.0000
v 540.0000 61.5878 460.0000
v 560.0000 59.2908 460.0000
v 580.0000 59.2992 460.0000
v 600.0000 60.3571 460.0000
v 620.0000 59.1342 460.0000
v 640.0000 55.7137 460.0000
v 660.0000 52.0940 460.0000
v 680.0000 49.1663 460.0000
v 700.0000 46.2111 460.0000
v 720.0000 45.1132 460.0000
v 740.0000 45.1132 460.0000
v 760.0000 45.7070 460.0000
v 780.0000 47.6274 460.0000
v 800.0000 51.1860 460.0000
v 820.0000 54.9329 460.0000
v 840.0000 57.7624 460.0000
v 860.0000 58.4465 460.0000
v 880.0000 56.8928 460.0000
v 900.0000 53.4149 460.0000
v 920.0000 50.0904 460.0000
v 940.0000 48.1341 460.0000
v 960.0000 46.2148 460.0000
v 980.0000 45.0703 460.0000
v 1000.0000 44.5836 460.0000
v 0.0000 101.1126 480.0000
v 20.0000 99.9315 480.0000
v 40.0000 98.3663 480.0000
v 60.0000 96.6189 480.0000
v 80.0000 95.0251 480.0000
v 100.0000 93.5316 480.0000
v 120.0000 92.2644 480.0000
v 140.0000 91.1982 480.0000
v 160.0000 90.1513 480.0000
v 180.0000 88.5565 480.0000
v 200.0000 86.4381 480.0000
v 220.0000 84.4752 480.0000
v 240.0000 82.7276 480.0000
v 260.0000 81.1117 480.0000
v 280.0000 79.1758 480.0000
v 300.0000 76.1402 480.0000
v 320.0000 73.6327 480.0000
v 340.0000 72.2897 480.0000
v 360.0000 71.3573 480.0000
v 380.0000 69.7835 480.0000
v 400.0000 67.4776 480.0000
v 420.0000 63.4866 480.0000
v 440.0000 58.7396 480.0000
v 460.0000 57.3213 480.0000
v 480.0000 58.3542 480.0000
v 500.0000 60.8384 480.0000
v 520.0000 62.8011 480.0000
v 540.0000 63.4954 480.0000
v 560.0000 62.3938 480.0000
v 580.0000 62.4166 480.0000
v 600.0000 61.9443 480.0000
v 620.0000 59.2442 480.0000
v 640.0000 55.7963 480.0000
v 660.0000 52.7723 480.0000
v 680.0000 49.7486 480.0000
v 700.0000 46.4241 480.0000
v 720.0000 45.1132 480.0000
v 740.0000 46.2929 480.0000
v 760.0000 48.8318 480.0000
v 780.0000 51.8721 480.0000
v 800.0000 55.9246 480.0000
v 820.0000 59.2028 480.0000
v 840.0000 60.1476 480.0000
v 860.0000 59.0494 480.0000
v 880.0000 56.4148 480.0000
v 900.0000 53.1664 480.0000
v 920.0000 49.9734 480.0000
v 940.0000 48.0379 480.0000
v 960.0000 45.9072 480.0000
v 980.0000 44.4128 480.0000
v 1000.0000 44.3118 480.0000
v 0.0000 102.9641 500.0000
v 20.0000 101.4641 500.0000
v 40.0000 99.8660 500.0000
v 60.0000 98.1602 500.0000
v 80.0000 96.6463 500.0000
v 100.0000 95.2230 500.0000
v 120.0000 93.7711 500.0000
v 140.0000 92.4652 500.0000
v 160.0000 91.2907 500.0000
v 180.0000 90.0520 500.0000
v 200.0000 88.0651 500.0000
v 220.0000 85.9908 500.0000
v 240.0000 84.2418 500.0000
v 260.0000 82.4660 500.0000
v 280.0000 80.9397 500.0000
v 300.0000 79.1516 500.0000
v 320.0000 77.4963 500.0000
v 340.0000 75.6664 500.0000
v 360.0000 74.0140 500.0000
v 380.0000 71.9207 500.0000
v 400.0000 68.2313 500.0000
v 420.0000 63.8500 500.0000
v 440.0000 59.7397 500.0000
v 460.0000 59.1291 500.0000
v 480.0000 60.8152 500.0000
v 500.0000 62.5734 500.0000
v 520.0000 64.2107 500.0000
v 540.0000 65.4716 500.0000
v 560.0000 65.2939 500.0000
v 580.0000 64.4211 500.0000
v 600.0000 62.7022 500.0000
v 620.0000 59.8484 500.0000
v 640.0000 56.4476 500.0000
v 660.0000 53.1437 500.0000
v 680.0000 49.4541 500.0000
v 700.0000 47.3055 500.0000
v 720.0000 47.5118 500.0000
v 740.0000 50.2602 500.0000
v 760.0000 53.7149 500.0000
v 780.0000 56.6138 500.0000
v 800.0000 59.5251 500.0000
v 820.0000 61.5356 500.0000
v 840.0000 61.2725 500.0000
v 860.0000 58.8014 500.0000
v 880.0000 55.6674 500.0000
v 900.0000 52.4334 500.0000
v 920.0000 49.3406 500.0000
v 940.0000 47.3618 500.0000
v 960.0000 46.3951 500.0000
v 980.0000 45.9514 500.0000
v 1000.0000 45.9909 500.0000
v 0.0000 105.1693 520.0000
v 20.0000 103.4929 520.0000
v 40.0000 102.0058 520.0000
v 60.0000 100.4143 520.0000
v 80.0000 98.5066 520.0000
v 100.0000 96.9411 520.0000
v 120.0000 95.8643 520.0000
v 140.0000 94.5359 520.0000
v 160.0000 92.9528 520.0000
v 180.0000 91.5042 520.0000
v 200.0000 89.8803 520.0000
v 220.0000 88.2339 520.0000
v 240.0000 86.6382 520.0000
v 260.0000 84.9801 520.0000
v 280.0000 83.2191 520.0000
v 300.0000 81.7073 520.0000
v 320.0000 80.0274 520.0000
v 340.0000 77.9420 520.0000
v 360.0000 75.5948 520.0000
v 380.0000 73.4915 520.0000
v 400.0000 69.2825 520.0000
v 420.0000 65.2960 520.0000
v 440.0000 64.6222 520.0000
v 460.0000 64.0343 520.0000
v 480.0000 63.5890 520.0000
v 500.0000 64.6243 520.0000
v 520.0000 66.4586 520.0000
v 540.0000 67.5953 520.0000
v 560.0000 67.4101 520.0000
v 580.0000 65.8158 520.0000
v 600.0000 63.3131 520.0000
v 620.0000 60.0956 520.0000
v 640.0000 56.9771 520.0000
v 660.0000 52.9775 520.0000
v 680.0000 51.2256 520.0000
v 700.0000 51.5948 520.0000
v 720.0000 52.3806 520.0000
v 740.0000 54.7809 520.0000
v 760.0000 58.0830 520.0000
v 780.0000 60.6973 520.0000
v 800.0000 62.8583 520.0000
v 820.0000 63.2472 520.0000
v 840.0000 61.1100 520.0000
v 860.0000 57.9971 520.0000
v 880.0000 54.5481 520.0000
v 900.0000 51.5704 520.0000
v 920.0000 49.5649 520.0000
v 940.0000 48.8583 520.0000
v 960.0000 49.1303 520.0000
v 980.0000 48.8449 520.0000
v 1000.0000 48.4029 520.0000
v 0.0000 106.3312 540.0000
v 20.0000 105.0861 540.0000
v 40.0000 103.7656 540.0000
v 60.0000 102.3297 540.0000
v 80.0000 100.6173 540.0000
v 100.0000 99.2572 540.0000
v 120.0000 98.0283 540.0000
v 140.0000 96.8272 540.0000
v 160.0000 95.5186 540.0000
v 180.0000 94.1683 540.0000
v 200.0000 92.6719 540.0000
v 220.0000 91.1177 540.0000
v 240.0000 89.6897 540.0000
v 260.0000 88.0230 540.0000
v 280.0000 86.2105 540.0000
v 300.0000 84.4722 540.0000
v 320.0000 81.9740 540.0000
v 340.0000 79.8722 540.0000
v 360.0000 77.5177 540.0000
v 380.0000 75.3028 540.0000
v 400.0000 71.3825 540.0000
v 420.0000 67.3684 540.0000
v 440.0000 67.2888 540.0000
v 460.0000 67.0513 540.0000
v 480.0000 66.9415 540.0000
v 500.0000 68.1318 540.0000
v 520.0000 69.4524 540.0000
v 540.0000 69.3252 540.0000
v 560.0000 68.1510 540.0000
v 580.0000 66.3386 540.0000
v 600.0000 63.7492 540.0000
v 620.0000 60.5252 540.0000
v 640.0000 57.4006 540.0000
v 660.0000 55.3300 540.0000
v 680.0000 56.6713 540.0000
v 700.0000 57.8836 540.0000
v 720.0000 58.6146 540.0000
v 740.0000 59.9193 540.0000
v 760.0000 61.8641 540.0000
v 780.0000 63.7859 540.0000
v 800.0000 65.4248 540.0000
v 820.0000 63.9700 540.0000
v 840.0000 60.2542 540.0000
v 860.0000 56.4057 540.0000
v 880.0000 53.0510 540.0000
v 900.0000 51.3907 540.0000
v 920.0000 49.7453 540.0000
v 940.0000 51.0781 540.0000
v 960.0000 52.6399 540.0000
v 980.0000 51.9202 540.0000
v 1000.0000 50.4958 540.0000
v 0.0000 105.6348 560.0000
v 20.0000 104.2551 560.0000
v 40.0000 103.3237 560.0000
v 60.0000 102.5598 560.0000
v 80.0000 101.4965 560.0000
v 100.0000 100.5779 560.0000
v 120.0000 99.4295 560.0000
v 140.0000 98.5588 560.0000
v 160.0000 97.3947 560.0000
v 180.0000 96.1456 560.0000
v 200.0000 95.0310 560.0000
v 220.0000 93.5798 560.0000
v 240.0000 91.9396 560.0000
v 260.0000 90.1233 560.0000
v 280.0000 88.3606 560.0000
v 300.0000 86.4939 560.0000
v 320.0000 84.0882 560.0000
v 340.0000 81.7436 560.0000
v 360.0000 80.1572 560.0000
v 380.0000 77.9185 560.0000
v 400.0000 73.7818 560.0000
v 420.0000 69.4011 560.0000
v 440.0000 67.3410 560.0000
v 460.0000 66.8284 560.0000
v 480.0000 67.7765 560.0000
v 500.0000 70.5435 560.0000
v 520.0000 72.0386 560.0000
v 540.0000 71.1477 560.0000
v 560.0000 69.2548 560.0000
v 580.0000 67.0971 560.0000
v 600.0000 64.6329 560.0000
v 620.0000 61.9637 560.0000
v 640.0000 59.8412 560.0000
v 660.0000 59.5669 560.0000
v 680.0000 61.1471 560.0000
v 700.0000 62.5750 560.0000
v 720.0000 64.3342 560.0000
v 740.0000 65.8670 560.0000
v 760.0000 66.9929 560.0000
v 780.0000 67.0645 560.0000
v 800.0000 65.4523 560.0000
v 820.0000 62.7325 560.0000
v 840.0000 59.3069 560.0000
v 860.0000 56.4664 560.0000
v 880.0000 54.6766 560.0000
v 900.0000 52.6596 560.0000
v 920.0000 51.3350 560.0000
v 940.0000 53.6139 560.0000
v 960.0000 56.6160 560.0000
v 980.0000 56.4656 560.0000
v 1000.0000 54.5756 560.0000
v 0.0000 105.5848 580.0000
v 20.0000 102.4861 580.0000
v 40.0000 100.5460 580.0000
v 60.0000 100.1149 580.0000
v 80.0000 99.5335 580.0000
v 100.0000 98.9111 580.0000
v 120.0000 98.0733 580.0000
v 140.0000 97.3956 580.0000
v 160.0000 96.4744 580.0000
v 180.0000 95.4670 580.0000
v 200.0000 94.7514 580.0000
v 220.0000 93.9495 580.0000
v 240.0000 93.0018 580.0000
v 260.0000 91.4221 580.0000
v 280.0000 89.5959 580.0000
v 300.0000 87.6995 580.0000
v 320.0000 85.5022 580.0000
v 340.0000 83.4671 580.0000
v 360.0000 81.0761 580.0000
v 380.0000 78.2284 580.0000
v 400.0000 74.9308 580.0000
v 420.0000 71.6850 580.0000
v 440.0000 69.3255 580.0000
v 460.0000 67.5681 580.0000
v 480.0000 67.6837 580.0000
v 500.0000 70.5456 580.0000
v 520.0000 72.4632 580.0000
v 540.0000 71.9889 580.0000
v 560.0000 70.6190 580.0000
v 580.0000 68.7163 580.0000
v 600.0000 66.4624 580.0000
v 620.0000 64.3062 580.0000
v 640.0000 63.5750 580.0000
v 660.0000 64.6835 580.0000
v 680.0000 66.4833 580.0000
v 700.0000 68.2396 580.0000
v 720.0000 70.3801 580.0000
v 740.0000 70.9404 580.0000
v 760.0000 70.0592 580.0000
v 780.0000 68.2082 580.0000
v 800.0000 65.3308 580.0000
v 820.0000 62.7665 580.0000
v 840.0000 60.3284 580.0000
v 860.0000 57.9621 580.0000
v 880.0000 55.7940 580.0000
v 900.0000 53.2278 580.0000
v 920.0000 52.4482 580.0000
v 940.0000 54.1732 580.0000
v 960.0000 57.3182 580.0000
v 980.0000 58.9621 580.0000
v 1000.0000 57.9448 580.0000
v 0.0000 106.9641 600.0000
v 20.0000 101.6477 600.0000
v 40.0000 97.9271 600.0000
v 60.0000 96.1624 600.0000
v 80.0000 95.2425 600.0000
v 100.0000 94.6246 600.0000
v 120.0000 93.6768 600.0000
v 140.0000 92.7036 600.0000
v 160.0000 91.7771 600.0000
v 180.0000 90.8224 600.0000
v 200.0000 90.2711 600.0000
v 220.0000 90.2451 600.0000
v 240.0000 90.1167 600.0000
v 260.0000 89.3955 600.0000
v 280.0000 88.1714 600.0000
v 300.0000 86.5056 600.0000
v 320.0000 84.8521 600.0000
v 340.0000 83.1590 600.0000
v 360.0000 80.5791 600.0000
v 380.0000 77.4693 600.0000
v 400.0000 74.6621 600.0000
v 420.0000 72.3398 600.0000
v 440.0000 70.2155 600.0000
v 460.0000 68.3298 600.0000
v 480.0000 67.8223 600.0000
v 500.0000 69.6845 600.0000
v 520.0000 72.8590 600.0000
v 540.0000 73.9013 600.0000
v 560.0000 73.2962 600.0000
v 580.0000 71.5523 600.0000
v 600.0000 69.1790 600.0000
v 620.0000 67.4871 600.0000
v 640.0000 67.6520 600.0000
v 660.0000 68.9497 600.0000
v 680.0000 70.4150 600.0000
v 700.0000 72.8447 600.0000
v 720.0000 74.3334 600.0000
v 740.0000 73.2504 600.0000
v 760.0000 70.6015 600.0000
v 780.0000 68.4384 600.0000
v 800.0000 66.2418 600.0000
v 820.0000 63.9526 600.0000
v 840.0000 61.6377 600.0000
v 860.0000 58.9442 600.0000
v 880.0000 56.5692 600.0000
v 900.0000 54.3863 600.0000
v 920.0000 53.7703 600.0000
v 940.0000 55.2610 600.0000
v 960.0000 57.4627 600.0000
v 980.0000 59.2958 600.0000
v 1000.0000 59.5301 600.0000
v 0.0000 107.2048 620.0000
v 20.0000 102.3299 620.0000
v 40.0000 97.7394 620.0000
v 60.0000 93.8524 620.0000
v 80.0000 90.7274 620.0000
v 100.0000 89.0960 620.0000
v 120.0000 88.3485 620.0000
v 140.0000 87.1557 620.0000
v 160.0000 86.6223 620.0000
v 180.0000 86.5111 620.0000
v 200.0000 86.0382 620.0000
v 220.0000 85.9073 620.0000
v 240.0000 85.6902 620.0000
v 260.0000 85.1903 620.0000
v 280.0000 84.5519 620.0000
v 300.0000 83.4583 620.0000
v 320.0000 82.3497 620.0000
v 340.0000 81.2908 620.0000
v 360.0000 79.1436 620.0000
v 380.0000 76.4605 620.0000
v 400.0000 74.1269 620.0000
v 420.0000 72.1108 620.0000
v 440.0000 70.1382 620.0000
v 460.0000 68.9781 620.0000
v 480.0000 69.3185 620.0000
v 500.0000 70.8817 620.0000
v 520.0000 74.3419 620.0000
v 540.0000 76.7568 620.0000
v 560.0000 76.5869 620.0000
v 580.0000 75.2361 620.0000
v 600.0000 73.1147 620.0000
v 620.0000 71.7695 620.0000
v 640.0000 72.1478 620.0000
v 660.0000 73.9866 620.0000
v 680.0000 75.0905 620.0000
v 700.0000 75.3209 620.0000
v 720.0000 74.3905 620.0000
v 740.0000 72.3618 620.0000
v 760.0000 69.8112 620.0000
v 780.0000 66.9584 620.0000
v 800.0000 65.2649 620.0000
v 820.0000 63.1813 620.0000
v 840.0000 61.1157 620.0000
v 860.0000 59.7614 620.0000
v 880.0000 58.7098 620.0000
v 900.0000 56.9129 620.0000
v 920.0000 55.7145 620.0000
v 940.0000 57.1163 620.0000
v 960.0000 58.9118 620.0000
v 980.0000 59.9303 620.0000
v 1000.0000 59.7993 620.0000
v 0.0000 103.7042 640.0000
v 20.0000 100.6947 640.0000
v 40.0000 97.0577 640.0000
v 60.0000 92.3887 640.0000
v 80.0000 88.1854 640.0000
v 100.0000 85.2925 640.0000
v 120.0000 83.6658 640.0000
v 140.0000 82.0794 640.0000
v 160.0000 81.9126 640.0000
v 180.0000 82.3308 640.0000
v 200.0000 82.1915 640.0000
v 220.0000 81.6973 640.0000
v 240.0000 81.4653 640.0000
v 260.0000 81.2784 640.0000
v 280.0000 80.8192 640.0000
v 300.0000 79.9881 640.0000
v 320.0000 79.1489 640.0000
v 340.0000 78.1860 640.0000
v 360.0000 75.9445 640.0000
v 380.0000 74.1341 640.0000
v 400.0000 72.2820 640.0000
v 420.0000 70.2636 640.0000
v 440.0000 69.4166 640.0000
v 460.0000 70.1419 640.0000
v 480.0000 71.5701 640.0000
v 500.0000 73.8957 640.0000
v 520.0000 77.4930 640.0000
v 540.0000 79.8544 640.0000
v 560.0000 79.2525 640.0000
v 580.0000 77.8983 640.0000
v 600.0000 76.9257 640.0000
v 620.0000 76.4790 640.0000
v 640.0000 76.9794 640.0000
v 660.0000 77.1622 640.0000
v 680.0000 76.2968 640.0000
v 700.0000 74.2751 640.0000
v 720.0000 71.7685 640.0000
v 740.0000 69.5650 640.0000
v 760.0000 67.9676 640.0000
v 780.0000 65.7950 640.0000
v 800.0000 63.9959 640.0000
v 820.0000 62.5904 640.0000
v 840.0000 61.9554 640.0000
v 860.0000 61.1223 640.0000
v 880.0000 59.1005 640.0000
v 900.0000 58.0555 640.0000
v 920.0000 58.3482 640.0000
v 940.0000 59.5563 640.0000
v 960.0000 60.5235 640.0000
v 980.0000 60.1869 640.0000
v 1000.0000 59.5923 640.0000
v 0.0000 99.5071 660.0000
v 20.0000 96.6139 660.0000
v 40.0000 93.3444 660.0000
v 60.0000 89.7320 660.0000
v 80.0000 86.6605 660.0000
v 100.0000 83.3298 660.0000
v 120.0000 80.2432 660.0000
v 140.0000 77.9399 660.0000
v 160.0000 77.4376 660.0000
v 180.0000 77.9941 660.0000
v 200.0000 78.1357 660.0000
v 220.0000 77.5254 660.0000
v 240.0000 77.2477 660.0000
v 260.0000 76.9596 660.0000
v 280.0000 76.2754 660.0000
v 300.0000 75.4582 660.0000
v 320.0000 74.4159 660.0000
v 340.0000 73.3794 660.0000
v 360.0000 71.6651 660.0000
v 380.0000 70.6358 660.0000
v 400.0000 70.0244 660.0000
v 420.0000 69.9985 660.0000
v 440.0000 70.4851 660.0000
v 460.0000 71.1716 660.0000
v 480.0000 73.1968 660.0000
v 500.0000 76.7630 660.0000
v 520.0000 80.9895 660.0000
v 540.0000 83.1827 660.0000
v 560.0000 82.3461 660.0000
v 580.0000 80.8661 660.0000
v 600.0000 80.1506 660.0000
v 620.0000 79.9511 660.0000
v 640.0000 79.6654 660.0000
v 660.0000 78.2445 660.0000
v 680.0000 75.9510 660.0000
v 700.0000 73.6647 660.0000
v 720.0000 71.5182 660.0000
v 740.0000 69.3584 660.0000
v 760.0000 67.7601 660.0000
v 780.0000 66.5393 660.0000
v 800.0000 65.9296 660.0000
v 820.0000 64.9444 660.0000
v 840.0000 62.8703 660.0000
v 860.0000 60.7666 660.0000
v 880.0000 59.2987 660.0000
v 900.0000 60.1492 660.0000
v 920.0000 61.3018 660.0000
v 940.0000 61.5506 660.0000
v 960.0000 61.2929 660.0000
v 980.0000 60.8300 660.0000
v 1000.0000 59.9764 660.0000
v 0.0000 99.2359 680.0000
v 20.0000 95.0672 680.0000
v 40.0000 90.8063 680.0000
v 60.0000 87.3014 680.0000
v 80.0000 84.5016 680.0000
v 100.0000 81.4880 680.0000
v 120.0000 78.1370 680.0000
v 140.0000 75.6576 680.0000
v 160.0000 74.8559 680.0000
v 180.0000 74.5307 680.0000
v 200.0000 74.2945 680.0000
v 220.0000 73.8726 680.0000
v 240.0000 73.4349 680.0000
v 260.0000 72.9987 680.0000
v 280.0000 72.3779 680.0000
v 300.0000 71.9789 680.0000
v 320.0000 71.4691 680.0000
v 340.0000 71.0954 680.0000
v 360.0000 71.0717 680.0000
v 380.0000 71.0885 680.0000
v 400.0000 71.4500 680.0000
v 420.0000 72.4523 680.0000
v 440.0000 73.8570 680.0000
v 460.0000 75.3296 680.0000
v 480.0000 77.7205 680.0000
v 500.0000 81.4217 680.0000
v 520.0000 85.2076 680.0000
v 540.0000 86.4126 680.0000
v 560.0000 85.5568 680.0000
v 580.0000 84.1681 680.0000
v 600.0000 83.3201 680.0000
v 620.0000 82.9701 680.0000
v 640.0000 82.2347 680.0000
v 660.0000 80.4472 680.0000
v 680.0000 78.0975 680.0000
v 700.0000 75.6210 680.0000
v 720.0000 73.6712 680.0000
v 740.0000 71.9520 680.0000
v 760.0000 70.3103 680.0000
v 780.0000 68.5288 680.0000
v 800.0000 67.0932 680.0000
v 820.0000 64.7418 680.0000
v 840.0000 61.9984 680.0000
v 860.0000 61.3399 680.0000
v 880.0000 62.5933 680.0000
v 900.0000 62.9282 680.0000
v 920.0000 62.9187 680.0000
v 940.0000 62.6347 680.0000
v 960.0000 62.0725 680.0000
v 980.0000 61.3648 680.0000
v 1000.0000 60.3909 680.0000
v 0.0000 100.3394 700.0000
v 20.0000 95.8609 700.0000
v 40.0000 91.5972 700.0000
v 60.0000 88.0428 700.0000
v 80.0000 84.7049 700.0000
v 100.0000 81.0402 700.0000
v 120.0000 76.9257 700.0000
v 140.0000 75.4388 700.0000
v 160.0000 75.0951 700.0000
v 180.0000 74.5924 700.0000
v 200.0000 74.1355 700.0000
v 220.0000 73.6078 700.0000
v 240.0000 72.9860 700.0000
v 260.0000 72.5745 700.0000
v 280.0000 72.2395 700.0000
v 300.0000 72.5306 700.0000
v 320.0000 73.4023 700.0000
v 340.0000 74.3338 700.0000
v 360.0000 74.9813 700.0000
v 380.0000 75.0469 700.0000
v 400.0000 75.6970 700.0000
v 420.0000 77.5731 700.0000
v 440.0000 79.9828 700.0000
v 460.0000 82.5484 700.0000
v 480.0000 84.2086 700.0000
v 500.0000 86.5138 700.0000
v 520.0000 89.5064 700.0000
v 540.0000 89.4937 700.0000
v 560.0000 88.4460 700.0000
v 580.0000 87.3487 700.0000
v 600.0000 86.3499 700.0000
v 620.0000 85.0865 700.0000
v 640.0000 83.7253 700.0000
v 660.0000 82.0868 700.0000
v 680.0000 79.9268 700.0000
v 700.0000 77.3639 700.0000
v 720.0000 74.8751 700.0000
v 740.0000 72.7206 700.0000
v 760.0000 70.4481 700.0000
v 780.0000 68.2478 700.0000
v 800.0000 65.9717 700.0000
v 820.0000 63.4580 700.0000
v 840.0000 61.7300 700.0000
v 860.0000 63.1084 700.0000
v 880.0000 64.9101 700.0000
v 900.0000 64.8125 700.0000
v 920.0000 63.7733 700.0000
v 940.0000 62.9961 700.0000
v 960.0000 62.2964 700.0000
v 980.0000 61.5849 700.0000
v 1000.0000 60.4479 700.0000
v 0.0000 102.5716 720.0000
v 20.0000 97.3106 720.0000
v 40.0000 92.4410 720.0000
v 60.0000 88.2842 720.0000
v 80.0000 84.4445 720.0000
v 100.0000 80.3816 720.0000
v 120.0000 76.5281 720.0000
v 140.0000 75.8473 720.0000
v 160.0000 75.4958 720.0000
v 180.0000 75.1993 720.0000
v 200.0000 74.9465 720.0000
v 220.0000 74.6253 720.0000
v 240.0000 74.4428 720.0000
v 260.0000 74.1691 720.0000
v 280.0000 74.4242 720.0000
v 300.0000 75.8503 720.0000
v 320.0000 77.6818 720.0000
v 340.0000 79.3652 720.0000
v 360.0000 79.9488 720.0000
v 380.0000 79.7896 720.0000
v 400.0000 80.9620 720.0000
v 420.0000 83.3078 720.0000
v 440.0000 86.0806 720.0000
v 460.0000 89.0986 720.0000
v 480.0000 89.9583 720.0000
v 500.0000 91.1577 720.0000
v 520.0000 92.9475 720.0000
v 540.0000 92.7904 720.0000
v 560.0000 90.8626 720.0000
v 580.0000 88.9668 720.0000
v 600.0000 87.1758 720.0000
v 620.0000 85.3104 720.0000
v 640.0000 83.3321 720.0000
v 660.0000 81.8106 720.0000
v 680.0000 79.8303 720.0000
v 700.0000 77.1564 720.0000
v 720.0000 73.3770 720.0000
v 740.0000 70.0111 720.0000
v 760.0000 67.3153 720.0000
v 780.0000 65.6131 720.0000
v 800.0000 64.0404 720.0000
v 820.0000 63.0704 720.0000
v 840.0000 63.4083 720.0000
v 860.0000 65.0766 720.0000
v 880.0000 65.5069 720.0000
v 900.0000 64.7970 720.0000
v 920.0000 63.9924 720.0000
v 940.0000 63.1527 720.0000
v 960.0000 61.9272 720.0000
v 980.0000 60.4390 720.0000
v 1000.0000 58.7713 720.0000
v 0.0000 102.9573 740.0000
v 20.0000 97.8539 740.0000
v 40.0000 93.1304 740.0000
v 60.0000 88.0202 740.0000
v 80.0000 83.4766 740.0000
v 100.0000 79.8925 740.0000
v 120.0000 76.7957 740.0000
v 140.0000 76.9256 740.0000
v 160.0000 77.1472 740.0000
v 180.0000 77.1486 740.0000
v 200.0000 77.1192 740.0000
v 220.0000 77.7754 740.0000
v 240.0000 78.3918 740.0000
v 260.0000 78.5386 740.0000
v 280.0000 79.0298 740.0000
v 300.0000 80.1977 740.0000
v 320.0000 81.8643 740.0000
v 340.0000 83.1441 740.0000
v 360.0000 83.2878 740.0000
v 380.0000 83.8855 740.0000
v 400.0000 85.8615 740.0000
v 420.0000 88.6259 740.0000
v 440.0000 92.5725 740.0000
v 460.0000 95.6557 740.0000
v 480.0000 95.8098 740.0000
v 500.0000 95.4915 740.0000
v 520.0000 95.2253 740.0000
v 540.0000 93.9640 740.0000
v 560.0000 91.7994 740.0000
v 580.0000 89.1019 740.0000
v 600.0000 86.5193 740.0000
v 620.0000 84.3302 740.0000
v 640.0000 81.8520 740.0000
v 660.0000 80.0604 740.0000
v 680.0000 77.9374 740.0000
v 700.0000 75.1129 740.0000
v 720.0000 72.3859 740.0000
v 740.0000 70.8250 740.0000
v 760.0000 69.8783 740.0000
v 780.0000 68.4529 740.0000
v 800.0000 67.3284 740.0000
v 820.0000 67.1632 740.0000
v 840.0000 67.4509 740.0000
v 860.0000 67.3640 740.0000
v 880.0000 65.7954 740.0000
v 900.0000 64.4749 740.0000
v 920.0000 63.6705 740.0000
v 940.0000 62.8772 740.0000
v 960.0000 60.6417 740.0000
v 980.0000 57.3731 740.0000
v 1000.0000 55.3446 740.0000
v 0.0000 100.6637 760.0000
v 20.0000 98.4363 760.0000
v 40.0000 94.7123 760.0000
v 60.0000 90.5281 760.0000
v 80.0000 85.9273 760.0000
v 100.0000 80.3442 760.0000
v 120.0000 76.9965 760.0000
v 140.0000 77.6684 760.0000
v 160.0000 78.5923 760.0000
v 180.0000 79.0277 760.0000
v 200.0000 79.5214 760.0000
v 220.0000 81.3641 760.0000
v 240.0000 82.4221 760.0000
v 260.0000 82.8250 760.0000
v 280.0000 83.2167 760.0000
v 300.0000 84.1870 760.0000
v 320.0000 85.0124 760.0000
v 340.0000 85.1964 760.0000
v 360.0000 86.2694 760.0000
v 380.0000 87.6623 760.0000
v 400.0000 90.6008 760.0000
v 420.0000 94.5890 760.0000
v 440.0000 98.2158 760.0000
v 460.0000 98.9383 760.0000
v 480.0000 98.2307 760.0000
v 500.0000 96.9630 760.0000
v 520.0000 95.5666 760.0000
v 540.0000 94.0199 760.0000
v 560.0000 91.5722 760.0000
v 580.0000 88.4792 760.0000
v 600.0000 85.7700 760.0000
v 620.0000 83.0390 760.0000
v 640.0000 80.4499 760.0000
v 660.0000 78.5283 760.0000
v 680.0000 76.7674 760.0000
v 700.0000 76.1489 760.0000
v 720.0000 76.4284 760.0000
v 740.0000 75.8530 760.0000
v 760.0000 74.4528 760.0000
v 780.0000 72.7921 760.0000
v 800.0000 71.6736 760.0000
v 820.0000 70.4114 760.0000
v 840.0000 69.0588 760.0000
v 860.0000 67.4631 760.0000
v 880.0000 66.1332 760.0000
v 900.0000 64.6421 760.0000
v 920.0000 63.5758 760.0000
v 940.0000 62.4118 760.0000
v 960.0000 59.5692 760.0000
v 980.0000 55.9168 760.0000
v 1000.0000 53.5137 760.0000
v 0.0000 95.9737 780.0000
v 20.0000 94.3989 780.0000
v 40.0000 92.5245 780.0000
v 60.0000 90.2559 780.0000
v 80.0000 86.3905 780.0000
v 100.0000 81.3183 780.0000
v 120.0000 77.3200 780.0000
v 140.0000 77.8610 780.0000
v 160.0000 79.6469 780.0000
v 180.0000 80.8488 780.0000
v 200.0000 81.8167 780.0000
v 220.0000 84.2666 780.0000
v 240.0000 85.7407 780.0000
v 260.0000 86.3878 780.0000
v 280.0000 86.9862 780.0000
v 300.0000 87.3270 780.0000
v 320.0000 87.3146 780.0000
v 340.0000 87.6677 780.0000
v 360.0000 89.3286 780.0000
v 380.0000 92.1835 780.0000
v 400.0000 96.6265 780.0000
v 420.0000 100.0601 780.0000
v 440.0000 100.8786 780.0000
v 460.0000 99.8256 780.0000
v 480.0000 98.2629 780.0000
v 500.0000 96.4993 780.0000
v 520.0000 94.7853 780.0000
v 540.0000 92.9365 780.0000
v 560.0000 90.3952 780.0000
v 580.0000 87.6377 780.0000
v 600.0000 84.7498 780.0000
v 620.0000 81.9896 780.0000
v 640.0000 79.7451 780.0000
v 660.0000 78.8799 780.0000
v 680.0000 79.7099 780.0000
v 700.0000 81.0224 780.0000
v 720.0000 80.8657 780.0000
v 740.0000 78.9799 780.0000
v 760.0000 76.6692 780.0000
v 780.0000 74.4591 780.0000
v 800.0000 72.3540 780.0000
v 820.0000 70.1951 780.0000
v 840.0000 68.2629 780.0000
v 860.0000 66.5958 780.0000
v 880.0000 64.9975 780.0000
v 900.0000 63.1765 780.0000
v 920.0000 61.1408 780.0000
v 940.0000 58.9586 780.0000
v 960.0000 56.8122 780.0000
v 980.0000 56.0316 780.0000
v 1000.0000 56.3087 780.0000
v 0.0000 89.7076 800.0000
v 20.0000 88.0623 800.0000
v 40.0000 86.2999 800.0000
v 60.0000 85.4420 800.0000
v 80.0000 83.3216 800.0000
v 100.0000 79.9503 800.0000
v 120.0000 77.9421 800.0000
v 140.0000 78.2751 800.0000
v 160.0000 79.7530 800.0000
v 180.0000 81.9481 800.0000
v 200.0000 84.1654 800.0000
v 220.0000 86.8590 800.0000
v 240.0000 88.0050 800.0000
v 260.0000 88.9881 800.0000
v 280.0000 90.0079 800.0000
v 300.0000 90.0822 800.0000
v 320.0000 89.7010 800.0000
v 340.0000 90.4744 800.0000
v 360.0000 92.5223 800.0000
v 380.0000 96.5744 800.0000
v 400.0000 101.2419 800.0000
v 420.0000 103.1495 800.0000
v 440.0000 102.2259 800.0000
v 460.0000 100.3326 800.0000
v 480.0000 97.7974 800.0000
v 500.0000 95.1364 800.0000
v 520.0000 93.0365 800.0000
v 540.0000 91.4322 800.0000
v 560.0000 89.0982 800.0000
v 580.0000 86.5030 800.0000
v 600.0000 84.0234 800.0000
v 620.0000 82.5474 800.0000
v 640.0000 82.2883 800.0000
v 660.0000 83.2037 800.0000
v 680.0000 84.5048 800.0000
v 700.0000 84.8210 800.0000
v 720.0000 82.9527 800.0000
v 740.0000 79.8978 800.0000
v 760.0000 76.8489 800.0000
v 780.0000 73.9421 800.0000
v 800.0000 71.2814 800.0000
v 820.0000 69.1728 800.0000
v 840.0000 66.8934 800.0000
v 860.0000 64.3042 800.0000
v 880.0000 62.0615 800.0000
v 900.0000 60.2919 800.0000
v 920.0000 58.8137 800.0000
v 940.0000 57.5010 800.0000
v 960.0000 57.4864 800.0000
v 980.0000 58.6792 800.0000
v 1000.0000 59.8052 800.0000
v 0.0000 83.3178 820.0000
v 20.0000 82.2283 820.0000
v 40.0000 81.2752 820.0000
v 60.0000 80.5990 820.0000
v 80.0000 80.0477 820.0000
v 100.0000 80.3973 820.0000
v 120.0000 80.7127 820.0000
v 140.0000 80.5329 820.0000
v 160.0000 81.7374 820.0000
v 180.0000 84.3686 820.0000
v 200.0000 86.0856 820.0000
v 220.0000 88.3125 820.0000
v 240.0000 89.9831 820.0000
v 260.0000 91.2457 820.0000
v 280.0000 92.6368 820.0000
v 300.0000 92.8018 820.0000
v 320.0000 92.7668 820.0000
v 340.0000 93.7772 820.0000
v 360.0000 96.1286 820.0000
v 380.0000 100.3542 820.0000
v 400.0000 103.9598 820.0000
v 420.0000 104.1913 820.0000
v 440.0000 102.0626 820.0000
v 460.0000 99.5444 820.0000
v 480.0000 96.6335 820.0000
v 500.0000 94.6999 820.0000
v 520.0000 93.1909 820.0000
v 540.0000 91.4213 820.0000
v 560.0000 89.1773 820.0000
v 580.0000 87.1194 820.0000
v 600.0000 85.6576 820.0000
v 620.0000 85.6511 820.0000
v 640.0000 86.3999 820.0000
v 660.0000 87.3411 820.0000
v 680.0000 87.4263 820.0000
v 700.0000 86.1412 820.0000
v 720.0000 83.6182 820.0000
v 740.0000 79.7502 820.0000
v 760.0000 76.0854 820.0000
v 780.0000 72.6852 820.0000
v 800.0000 70.7845 820.0000
v 820.0000 68.2755 820.0000
v 840.0000 65.0840 820.0000
v 860.0000 61.7753 820.0000
v 880.0000 60.1714 820.0000
v 900.0000 59.3649 820.0000
v 920.0000 58.9964 820.0000
v 940.0000 59.6204 820.0000
v 960.0000 60.9452 820.0000
v 980.0000 62.3226 820.0000
v 1000.0000 63.7846 820.0000
v 0.0000 80.9126 840.0000
v 20.0000 80.5397 840.0000
v 40.0000 80.0650 840.0000
v 60.0000 80.1330 840.0000
v 80.0000 81.7902 840.0000
v 100.0000 84.1949 840.0000
v 120.0000 84.9080 840.0000
v 140.0000 84.1784 840.0000
v 160.0000 85.6481 840.0000
v 180.0000 88.4187 840.0000
v 200.0000 89.3319 840.0000
v 220.0000 89.4194 840.0000
v 240.0000 92.0543 840.0000
v 260.0000 94.3321 840.0000
v 280.0000 95.8552 840.0000
v 300.0000 96.3439 840.0000
v 320.0000 96.9316 840.0000
v 340.0000 97.5703 840.0000
v 360.0000 99.7904 840.0000
v 380.0000 103.2746 840.0000
v 400.0000 105.4703 840.0000
v 420.0000 104.9737 840.0000
v 440.0000 102.0272 840.0000
v 460.0000 99.6931 840.0000
v 480.0000 98.4791 840.0000
v 500.0000 97.5728 840.0000
v 520.0000 96.0060 840.0000
v 540.0000 94.0306 840.0000
v 560.0000 91.7003 840.0000
v 580.0000 89.6785 840.0000
v 600.0000 88.6917 840.0000
v 620.0000 88.9680 840.0000
v 640.0000 89.6291 840.0000
v 660.0000 89.5421 840.0000
v 680.0000 87.2794 840.0000
v 700.0000 84.2243 840.0000
v 720.0000 80.5400 840.0000
v 740.0000 76.6423 840.0000
v 760.0000 72.9306 840.0000
v 780.0000 69.6772 840.0000
v 800.0000 67.6203 840.0000
v 820.0000 65.6249 840.0000
v 840.0000 64.2104 840.0000
v 860.0000 63.0278 840.0000
v 880.0000 62.2657 840.0000
v 900.0000 62.5728 840.0000
v 920.0000 62.7279 840.0000
v 940.0000 63.6297 840.0000
v 960.0000 64.8178 840.0000
v 980.0000 66.0705 840.0000
v 1000.0000 67.7722 840.0000
v 0.0000 84.4930 860.0000
v 20.0000 83.4148 860.0000
v 40.0000 83.6702 860.0000
v 60.0000 84.6506 860.0000
v 80.0000 85.7928 860.0000
v 100.0000 87.1954 860.0000
v 120.0000 88.4887 860.0000
v 140.0000 89.3816 860.0000
v 160.0000 91.6705 860.0000
v 180.0000 93.7533 860.0000
v 200.0000 93.6260 860.0000
v 220.0000 92.4494 860.0000
v 240.0000 94.4315 860.0000
v 260.0000 98.0391 860.0000
v 280.0000 99.7689 860.0000
v 300.0000 100.8768 860.0000
v 320.0000 101.9653 860.0000
v 340.0000 102.3965 860.0000
v 360.0000 104.4076 860.0000
v 380.0000 106.7420 860.0000
v 400.0000 107.3900 860.0000
v 420.0000 106.1423 860.0000
v 440.0000 104.0278 860.0000
v 460.0000 101.9745 860.0000
v 480.0000 100.4709 860.0000
v 500.0000 99.1434 860.0000
v 520.0000 97.3502 860.0000
v 540.0000 95.4831 860.0000
v 560.0000 93.4320 860.0000
v 580.0000 91.5383 860.0000
v 600.0000 90.2602 860.0000
v 620.0000 88.7363 860.0000
v 640.0000 88.2648 860.0000
v 660.0000 87.4906 860.0000
v 680.0000 84.5045 860.0000
v 700.0000 81.0845 860.0000
v 720.0000 77.1212 860.0000
v 740.0000 73.2563 860.0000
v 760.0000 69.7806 860.0000
v 780.0000 67.7700 860.0000
v 800.0000 67.5784 860.0000
v 820.0000 68.0501 860.0000
v 840.0000 68.0303 860.0000
v 860.0000 67.3425 860.0000
v 880.0000 66.4975 860.0000
v 900.0000 66.5947 860.0000
v 920.0000 66.5857 860.0000
v 940.0000 67.5868 860.0000
v 960.0000 69.4383 860.0000
v 980.0000 70.9963 860.0000
v 1000.0000 72.7073 860.0000
v 0.0000 90.8534 880.0000
v 20.0000 89.8217 880.0000
v 40.0000 89.9144 880.0000
v 60.0000 90.7940 880.0000
v 80.0000 91.3435 880.0000
v 100.0000 91.8656 880.0000
v 120.0000 93.2028 880.0000
v 140.0000 95.8601 880.0000
v 160.0000 98.6500 880.0000
v 180.0000 99.1805 880.0000
v 200.0000 98.1299 880.0000
v 220.0000 96.8362 880.0000
v 240.0000 97.5102 880.0000
v 260.0000 101.3223 880.0000
v 280.0000 103.9405 880.0000
v 300.0000 105.8888 880.0000
v 320.0000 106.3560 880.0000
v 340.0000 106.0475 880.0000
v 360.0000 107.9000 880.0000
v 380.0000 109.8603 880.0000
v 400.0000 110.2550 880.0000
v 420.0000 108.3579 880.0000
v 440.0000 105.8089 880.0000
v 460.0000 103.6493 880.0000
v 480.0000 101.6214 880.0000
v 500.0000 99.8872 880.0000
v 520.0000 98.1262 880.0000
v 540.0000 96.3818 880.0000
v 560.0000 94.5139 880.0000
v 580.0000 92.5756 880.0000
v 600.0000 89.7134 880.0000
v 620.0000 86.2161 880.0000
v 640.0000 84.0987 880.0000
v 660.0000 83.0956 880.0000
v 680.0000 81.0802 880.0000
v 700.0000 77.0937 880.0000
v 720.0000 73.5769 880.0000
v 740.0000 71.6772 880.0000
v 760.0000 70.6086 880.0000
v 780.0000 70.9090 880.0000
v 800.0000 71.3448 880.0000
v 820.0000 71.7000 880.0000
v 840.0000 71.0672 880.0000
v 860.0000 70.0659 880.0000
v 880.0000 69.2167 880.0000
v 900.0000 69.4412 880.0000
v 920.0000 69.9684 880.0000
v 940.0000 70.3567 880.0000
v 960.0000 72.2779 880.0000
v 980.0000 74.5188 880.0000
v 1000.0000 76.1299 880.0000
v 0.0000 97.3339 900.0000
v 20.0000 95.1258 900.0000
v 40.0000 94.9179 900.0000
v 60.0000 96.1048 900.0000
v 80.0000 96.6577 900.0000
v 100.0000 97.3248 900.0000
v 120.0000 98.3589 900.0000
v 140.0000 100.9709 900.0000
v 160.0000 103.9610 900.0000
v 180.0000 104.2842 900.0000
v 200.0000 103.0564 900.0000
v 220.0000 101.1994 900.0000
v 240.0000 100.0955 900.0000
v 260.0000 103.3802 900.0000
v 280.0000 107.3521 900.0000
v 300.0000 109.6660 900.0000
v 320.0000 109.8692 900.0000
v 340.0000 109.8959 900.0000
v 360.0000 111.1539 900.0000
v 380.0000 111.6309 900.0000
v 400.0000 110.9033 900.0000
v 420.0000 109.4270 900.0000
v 440.0000 107.3101 900.0000
v 460.0000 105.2362 900.0000
v 480.0000 102.6377 900.0000
v 500.0000 100.7796 900.0000
v 520.0000 98.9713 900.0000
v 540.0000 97.1030 900.0000
v 560.0000 95.0547 900.0000
v 580.0000 92.6937 900.0000
v 600.0000 89.0603 900.0000
v 620.0000 85.2959 900.0000
v 640.0000 81.8977 900.0000
v 660.0000 79.6150 900.0000
v 680.0000 78.1532 900.0000
v 700.0000 75.9755 900.0000
v 720.0000 74.3795 900.0000
v 740.0000 74.5855 900.0000
v 760.0000 74.8370 900.0000
v 780.0000 74.3673 900.0000
v 800.0000 74.7034 900.0000
v 820.0000 75.0511 900.0000
v 840.0000 74.1345 900.0000
v 860.0000 72.7272 900.0000
v 880.0000 72.1320 900.0000
v 900.0000 73.1041 900.0000
v 920.0000 73.7286 900.0000
v 940.0000 73.3614 900.0000
v 960.0000 74.3051 900.0000
v 980.0000 76.4991 900.0000
v 1000.0000 78.1952 900.0000
v 0.0000 102.2957 920.0000
v 20.0000 99.9699 920.0000
v 40.0000 99.7354 920.0000
v 60.0000 101.1329 920.0000
v 80.0000 101.7766 920.0000
v 100.0000 102.8741 920.0000
v 120.0000 104.5117 920.0000
v 140.0000 106.2897 920.0000
v 160.0000 108.9016 920.0000
v 180.0000 109.8911 920.0000
v 200.0000 108.3166 920.0000
v 220.0000 105.6612 920.0000
v 240.0000 103.3937 920.0000
v 260.0000 104.7375 920.0000
v 280.0000 108.3977 920.0000
v 300.0000 111.7600 920.0000
v 320.0000 112.9070 920.0000
v 340.0000 112.3015 920.0000
v 360.0000 111.2626 920.0000
v 380.0000 109.8797 920.0000
v 400.0000 108.5410 920.0000
v 420.0000 107.4281 920.0000
v 440.0000 106.0433 920.0000
v 460.0000 104.5078 920.0000
v 480.0000 102.7893 920.0000
v 500.0000 100.7945 920.0000
v 520.0000 98.9411 920.0000
v 540.0000 96.4703 920.0000
v 560.0000 93.5210 920.0000
v 580.0000 90.5102 920.0000
v 600.0000 87.0837 920.0000
v 620.0000 84.3130 920.0000
v 640.0000 81.2957 920.0000
v 660.0000 77.9731 920.0000
v 680.0000 76.1040 920.0000
v 700.0000 75.9065 920.0000
v 720.0000 77.0852 920.0000
v 740.0000 78.7719 920.0000
v 760.0000 78.8727 920.0000
v 780.0000 78.1325 920.0000
v 800.0000 78.4821 920.0000
v 820.0000 78.5179 920.0000
v 840.0000 77.0081 920.0000
v 860.0000 75.3286 920.0000
v 880.0000 75.5733 920.0000
v 900.0000 77.3399 920.0000
v 920.0000 77.8776 920.0000
v 940.0000 77.1465 920.0000
v 960.0000 77.2152 920.0000
v 980.0000 78.5924 920.0000
v 1000.0000 79.0639 920.0000
v 0.0000 106.8743 940.0000
v 20.0000 105.9064 940.0000
v 40.0000 104.9992 940.0000
v 60.0000 106.2849 940.0000
v 80.0000 107.5202 940.0000
v 100.0000 108.5437 940.0000
v 120.0000 110.2732 940.0000
v 140.0000 111.6425 940.0000
v 160.0000 113.4046 940.0000
v 180.0000 113.9436 940.0000
v 200.0000 111.7202 940.0000
v 220.0000 107.5710 940.0000
v 240.0000 104.6968 940.0000
v 260.0000 105.9011 940.0000
v 280.0000 109.2815 940.0000
v 300.0000 112.6325 940.0000
v 320.0000 113.9583 940.0000
v 340.0000 112.7621 940.0000
v 360.0000 110.5746 940.0000
v 380.0000 108.2641 940.0000
v 400.0000 106.6614 940.0000
v 420.0000 105.2295 940.0000
v 440.0000 103.6093 940.0000
v 460.0000 102.0630 940.0000
v 480.0000 100.0561 940.0000
v 500.0000 97.6366 940.0000
v 520.0000 95.5201 940.0000
v 540.0000 92.5524 940.0000
v 560.0000 89.1063 940.0000
v 580.0000 86.1186 940.0000
v 600.0000 83.9869 940.0000
v 620.0000 82.2466 940.0000
v 640.0000 79.8959 940.0000
v 660.0000 78.2747 940.0000
v 680.0000 78.4215 940.0000
v 700.0000 78.3634 940.0000
v 720.0000 80.2878 940.0000
v 740.0000 83.2140 940.0000
v 760.0000 83.5250 940.0000
v 780.0000 82.6766 940.0000
v 800.0000 81.9907 940.0000
v 820.0000 81.2656 940.0000
v 840.0000 79.8630 940.0000
v 860.0000 78.9700 940.0000
v 880.0000 79.7364 940.0000
v 900.0000 81.2178 940.0000
v 920.0000 81.9353 940.0000
v 940.0000 81.4459 940.0000
v 960.0000 80.4235 940.0000
v 980.0000 79.5709 940.0000
v 1000.0000 79.1444 940.0000
v 0.0000 111.1649 960.0000
v 20.0000 110.4247 960.0000
v 40.0000 109.2230 960.0000
v 60.0000 110.8708 960.0000
v 80.0000 113.1794 960.0000
v 100.0000 114.4496 960.0000
v 120.0000 115.8094 960.0000
v 140.0000 116.5681 960.0000
v 160.0000 117.3439 960.0000
v 180.0000 117.3305 960.0000
v 200.0000 114.6618 960.0000
v 220.0000 109.6185 960.0000
v 240.0000 106.5769 960.0000
v 260.0000 107.7123 960.0000
v 280.0000 110.8848 960.0000
v 300.0000 113.9909 960.0000
v 320.0000 114.9276 960.0000
v 340.0000 113.8211 960.0000
v 360.0000 111.4373 960.0000
v 380.0000 108.7510 960.0000
v 400.0000 106.3314 960.0000
v 420.0000 103.8498 960.0000
v 440.0000 101.6648 960.0000
v 460.0000 99.3391 960.0000
v 480.0000 96.5721 960.0000
v 500.0000 93.9921 960.0000
v 520.0000 91.7850 960.0000
v 540.0000 89.8547 960.0000
v 560.0000 88.0020 960.0000
v 580.0000 86.3094 960.0000
v 600.0000 84.6432 960.0000
v 620.0000 83.5891 960.0000
v 640.0000 82.5145 960.0000
v 660.0000 82.0303 960.0000
v 680.0000 82.2816 960.0000
v 700.0000 82.4298 960.0000
v 720.0000 84.1673 960.0000
v 740.0000 86.1224 960.0000
v 760.0000 86.3477 960.0000
v 780.0000 84.7026 960.0000
v 800.0000 82.8284 960.0000
v 820.0000 81.1697 960.0000
v 840.0000 80.2232 960.0000
v 860.0000 79.7877 960.0000
v 880.0000 80.6018 960.0000
v 900.0000 81.3880 960.0000
v 920.0000 81.2526 960.0000
v 940.0000 80.3018 960.0000
v 960.0000 77.8455 960.0000
v 980.0000 76.0786 960.0000
v 1000.0000 75.3417 960.0000
v 0.0000 114.8295 980.0000
v 20.0000 113.5205 980.0000
v 40.0000 112.7347 980.0000
v 60.0000 114.8356 980.0000
v 80.0000 117.6243 980.0000
v 100.0000 119.0716 980.0000
v 120.0000 118.9226 980.0000
v 140.0000 118.5503 980.0000
v 160.0000 118.4187 980.0000
v 180.0000 117.5376 980.0000
v 200.0000 114.5960 980.0000
v 220.0000 110.8453 980.0000
v 240.0000 107.7038 980.0000
v 260.0000 107.8255 980.0000
v 280.0000 111.3814 980.0000
v 300.0000 115.1030 980.0000
v 320.0000 115.7750 980.0000
v 340.0000 114.4036 980.0000
v 360.0000 112.4885 980.0000
v 380.0000 109.7320 980.0000
v 400.0000 106.8233 980.0000
v 420.0000 103.8772 980.0000
v 440.0000 101.1026 980.0000
v 460.0000 98.3580 980.0000
v 480.0000 96.3181 980.0000
v 500.0000 94.9404 980.0000
v 520.0000 93.4082 980.0000
v 540.0000 91.6785 980.0000
v 560.0000 89.8062 980.0000
v 580.0000 88.2453 980.0000
v 600.0000 87.1715 980.0000
v 620.0000 86.3624 980.0000
v 640.0000 85.7228 980.0000
v 660.0000 86.0760 980.0000
v 680.0000 86.5888 980.0000
v 700.0000 86.3811 980.0000
v 720.0000 86.7367 980.0000
v 740.0000 87.1581 980.0000
v 760.0000 86.2675 980.0000
v 780.0000 83.4448 980.0000
v 800.0000 81.8657 980.0000
v 820.0000 80.8773 980.0000
v 840.0000 79.9481 980.0000
v 860.0000 79.0264 980.0000
v 880.0000 78.9384 980.0000
v 900.0000 78.3400 980.0000
v 920.0000 76.8285 980.0000
v 940.0000 75.4531 980.0000
v 960.0000 72.8780 980.0000
v 980.0000 70.9357 980.0000
v 1000.0000 71.0557 980.0000
v 0.0000 118.7583 1000.0000
v 20.0000 118.1285 1000.0000
v 40.0000 117.5948 1000.0000
v 60.0000 118.9510 1000.0000
v 80.0000 120.8054 1000.0000
v 100.0000 120.9428 1000.0000
v 120.0000 118.7798 1000.0000
v 140.0000 117.1662 1000.0000
v 160.0000 115.6967 1000.0000
v 180.0000 114.3754 1000.0000
v 200.0000 112.5118 1000.0000
v 220.0000 110.7549 1000.0000
v 240.0000 109.6189 1000.0000
v 260.0000 110.2747 1000.0000
v 280.0000 113.3658 1000.0000
v 300.0000 116.5772 1000.0000
v 320.0000 116.5972 1000.0000
v 340.0000 114.6599 1000.0000
v 360.0000 112.8499 1000.0000
v 380.0000 110.7494 1000.0000
v 400.0000 107.9106 1000.0000
v 420.0000 105.0354 1000.0000
v 440.0000 102.6733 1000.0000
v 460.0000 100.7487 1000.0000
v 480.0000 99.2241 1000.0000
v 500.0000 97.6735 1000.0000
v 520.0000 95.8192 1000.0000
v 540.0000 94.0477 1000.0000
v 560.0000 92.3738 1000.0000
v 580.0000 91.0224 1000.0000
v 600.0000 89.9551 1000.0000
v 620.0000 89.3180 1000.0000
v 640.0000 89.2286 1000.0000
v 660.0000 89.8078 1000.0000
v 680.0000 89.0682 1000.0000
v 700.0000 87.6732 1000.0000
v 720.0000 86.4025 1000.0000
v 740.0000 85.0931 1000.0000
v 760.0000 83.1439 1000.0000
v 780.0000 81.0280 1000.0000
v 800.0000 79.7684 1000.0000
v 820.0000 78.7734 1000.0000
v 840.0000 77.4344 1000.0000
v 860.0000 76.4503 1000.0000
v 880.0000 76.0322 1000.0000
v 900.0000 74.5342 1000.0000
v 920.0000 72.2414 1000.0000
v 940.0000 70.3569 1000.0000
v 960.0000 68.1831 1000.0000
v 980.0000 66.5681 1000.0000
v 1000.0000 66.8300 1000.0000
v 0.0000 122.4385 1020.0000
v 20.0000 123.3709 1020.0000
v 40.0000 123.3670 1020.0000
v 60.0000 123.9443 1020.0000
v 80.0000 123.7688 1020.0000
v 100.0000 122.5331 1020.0000
v 120.0000 120.3520 1020.0000
v 140.0000 117.8860 1020.0000
v 160.0000 115.6332 1020.0000
v 180.0000 113.4925 1020.0000
v 200.0000 112.4620 1020.0000
v 220.0000 112.8275 1020.0000
v 240.0000 112.7417 1020.0000
v 260.0000 114.0757 1020.0000
v 280.0000 117.0201 1020.0000
v 300.0000 119.1666 1020.0000
v 320.0000 117.9787 1020.0000
v 340.0000 115.6388 1020.0000
v 360.0000 113.5858 1020.0000
v 380.0000 112.0583 1020.0000
v 400.0000 109.9196 1020.0000
v 420.0000 107.5410 1020.0000
v 440.0000 105.8686 1020.0000
v 460.0000 103.8967 1020.0000
v 480.0000 102.0529 1020.0000
v 500.0000 100.0732 1020.0000
v 520.0000 97.9424 1020.0000
v 540.0000 96.2152 1020.0000
v 560.0000 95.1726 1020.0000
v 580.0000 94.2033 1020.0000
v 600.0000 92.9680 1020.0000
v 620.0000 92.1059 1020.0000
v 640.0000 91.3960 1020.0000
v 660.0000 90.4937 1020.0000
v 680.0000 88.6076 1020.0000
v 700.0000 85.8476 1020.0000
v 720.0000 82.6559 1020.0000
v 740.0000 81.0730 1020.0000
v 760.0000 79.8319 1020.0000
v 780.0000 77.8214 1020.0000
v 800.0000 76.1998 1020.0000
v 820.0000 74.4281 1020.0000
v 840.0000 73.0595 1020.0000
v 860.0000 72.2420 1020.0000
v 880.0000 71.6551 1020.0000
v 900.0000 70.0359 1020.0000
v 920.0000 67.5563 1020.0000
v 940.0000 65.5221 1020.0000
v 960.0000 63.4435 1020.0000
v 980.0000 61.9172 1020.0000
v 1000.0000 61.9179 1020.0000
v 0.0000 125.6622 1040.0000
v 20.0000 127.9146 1040.0000
v 40.0000 128.5374 1040.0000
v 60.0000 127.9267 1040.0000
v 80.0000 126.3498 1040.0000
v 100.0000 124.1451 1040.0000
v 120.0000 121.4276 1040.0000
v 140.0000 118.9394 1040.0000
v 160.0000 116.6849 1040.0000
v 180.0000 114.4201 1040.0000
v 200.0000 114.7560 1040.0000
v 220.0000 116.5257 1040.0000
v 240.0000 117.2093 1040.0000
v 260.0000 118.4667 1040.0000
v 280.0000 120.7555 1040.0000
v 300.0000 121.7440 1040.0000
v 320.0000 120.0489 1040.0000
v 340.0000 117.5688 1040.0000
v 360.0000 115.2266 1040.0000
v 380.0000 113.5681 1040.0000
v 400.0000 112.1807 1040.0000
v 420.0000 110.4882 1040.0000
v 440.0000 109.0863 1040.0000
v 460.0000 106.7988 1040.0000
v 480.0000 104.8252 1040.0000
v 500.0000 102.6592 1040.0000
v 520.0000 100.2040 1040.0000
v 540.0000 98.2860 1040.0000
v 560.0000 97.2966 1040.0000
v 580.0000 96.0331 1040.0000
v 600.0000 94.6135 1040.0000
v 620.0000 93.3248 1040.0000
v 640.0000 91.9501 1040.0000
v 660.0000 89.9162 1040.0000
v 680.0000 87.7983 1040.0000
v 700.0000 84.8685 1040.0000
v 720.0000 81.4574 1040.0000
v 740.0000 79.0692 1040.0000
v 760.0000 76.6564 1040.0000
v 780.0000 74.3813 1040.0000
v 800.0000 72.8789 1040.0000
v 820.0000 71.8014 1040.0000
v 840.0000 70.6286 1040.0000
v 860.0000 69.1427 1040.0000
v 880.0000 67.5314 1040.0000
v 900.0000 65.6310 1040.0000
v 920.0000 63.4547 1040.0000
v 940.0000 61.2191 1040.0000
v 960.0000 59.3794 1040.0000
v 980.0000 57.7101 1040.0000
v 1000.0000 57.3676 1040.0000
v 0.0000 128.7939 1060.0000
v 20.0000 130.2474 1060.0000
v 40.0000 129.9173 1060.0000
v 60.0000 128.9224 1060.0000
v 80.0000 127.1236 1060.0000
v 100.0000 125.0627 1060.0000
v 120.0000 122.6378 1060.0000
v 140.0000 119.8754 1060.0000
v 160.0000 117.5030 1060.0000
v 180.0000 115.8945 1060.0000
v 200.0000 117.0464 1060.0000
v 220.0000 120.3277 1060.0000
v 240.0000 121.6671 1060.0000
v 260.0000 122.9395 1060.0000
v 280.0000 124.6875 1060.0000
v 300.0000 124.4061 1060.0000
v 320.0000 122.0663 1060.0000
v 340.0000 119.2597 1060.0000
v 360.0000 116.7040 1060.0000
v 380.0000 114.5377 1060.0000
v 400.0000 112.8637 1060.0000
v 420.0000 111.7459 1060.0000
v 440.0000 110.3873 1060.0000
v 460.0000 108.6758 1060.0000
v 480.0000 106.6913 1060.0000
v 500.0000 104.6247 1060.0000
v 520.0000 102.2335 1060.0000
v 540.0000 100.5584 1060.0000
v 560.0000 99.1936 1060.0000
v 580.0000 97.8741 1060.0000
v 600.0000 96.3598 1060.0000
v 620.0000 94.2847 1060.0000
v 640.0000 92.0753 1060.0000
v 660.0000 89.7999 1060.0000
v 680.0000 87.2174 1060.0000
v 700.0000 84.4880 1060.0000
v 720.0000 80.9652 1060.0000
v 740.0000 77.8382 1060.0000
v 760.0000 74.5606 1060.0000
v 780.0000 70.7044 1060.0000
v 800.0000 69.0853 1060.0000
v 820.0000 68.5019 1060.0000
v 840.0000 68.0783 1060.0000
v 860.0000 67.0575 1060.0000
v 880.0000 64.9670 1060.0000
v 900.0000 61.6744 1060.0000
v 920.0000 59.4540 1060.0000
v 940.0000 57.5057 1060.0000
v 960.0000 55.2756 1060.0000
v 980.0000 53.7150 1060.0000
v 1000.0000 53.6860 1060.0000
v 0.0000 130.9043 1080.0000
v 20.0000 130.5827 1080.0000
v 40.0000 129.5657 1080.0000
v 60.0000 128.2157 1080.0000
v 80.0000 126.3132 1080.0000
v 100.0000 124.3357 1080.0000
v 120.0000 122.3393 1080.0000
v 140.0000 120.2627 1080.0000
v 160.0000 118.9848 1080.0000
v 180.0000 118.8487 1080.0000
v 200.0000 120.2429 1080.0000
v 220.0000 123.0071 1080.0000
v 240.0000 125.3276 1080.0000
v 260.0000 126.5515 1080.0000
v 280.0000 126.7789 1080.0000
v 300.0000 125.2451 1080.0000
v 320.0000 123.1252 1080.0000
v 340.0000 120.3423 1080.0000
v 360.0000 117.9139 1080.0000
v 380.0000 115.4558 1080.0000
v 400.0000 113.3124 1080.0000
v 420.0000 111.7040 1080.0000
v 440.0000 110.0717 1080.0000
v 460.0000 108.6220 1080.0000
v 480.0000 106.7744 1080.0000
v 500.0000 105.0316 1080.0000
v 520.0000 103.7665 1080.0000
v 540.0000 102.6847 1080.0000
v 560.0000 101.2423 1080.0000
v 580.0000 99.7139 1080.0000
v 600.0000 97.8608 1080.0000
v 620.0000 95.2255 1080.0000
v 640.0000 92.3538 1080.0000
v 660.0000 89.7999 1080.0000
v 680.0000 86.7848 1080.0000
v 700.0000 83.9210 1080.0000
v 720.0000 80.3864 1080.0000
v 740.0000 76.9256 1080.0000
v 760.0000 73.6818 1080.0000
v 780.0000 70.2138 1080.0000
v 800.0000 66.8958 1080.0000
v 820.0000 64.8823 1080.0000
v 840.0000 63.7410 1080.0000
v 860.0000 63.2687 1080.0000
v 880.0000 61.4603 1080.0000
v 900.0000 58.3332 1080.0000
v 920.0000 55.5850 1080.0000
v 940.0000 53.5788 1080.0000
v 960.0000 51.4415 1080.0000
v 980.0000 49.8923 1080.0000
v 1000.0000 49.7481 1080.0000
v 0.0000 131.7603 1100.0000
v 20.0000 130.4250 1100.0000
v 40.0000 129.1070 1100.0000
v 60.0000 127.8695 1100.0000
v 80.0000 126.1588 1100.0000
v 100.0000 124.3952 1100.0000
v 120.0000 123.0736 1100.0000
v 140.0000 122.8097 1100.0000
v 160.0000 123.1456 1100.0000
v 180.0000 123.5819 1100.0000
v 200.0000 124.0452 1100.0000
v 220.0000 125.7381 1100.0000
v 240.0000 127.5265 1100.0000
v 260.0000 128.0248 1100.0000
v 280.0000 126.7857 1100.0000
v 300.0000 124.1567 1100.0000
v 320.0000 121.9774 1100.0000
v 340.0000 119.9193 1100.0000
v 360.0000 117.7677 1100.0000
v 380.0000 115.6473 1100.0000
v 400.0000 113.5216 1100.0000
v 420.0000 111.7924 1100.0000
v 440.0000 109.9290 1100.0000
v 460.0000 108.4290 1100.0000
v 480.0000 107.0675 1100.0000
v 500.0000 106.0590 1100.0000
v 520.0000 105.0303 1100.0000
v 540.0000 103.6516 1100.0000
v 560.0000 102.0072 1100.0000
v 580.0000 99.8798 1100.0000
v 600.0000 97.4660 1100.0000
v 620.0000 94.5106 1100.0000
v 640.0000 91.1099 1100.0000
v 660.0000 88.4403 1100.0000
v 680.0000 86.0989 1100.0000
v 700.0000 82.9992 1100.0000
v 720.0000 79.7905 1100.0000
v 740.0000 76.2733 1100.0000
v 760.0000 73.3023 1100.0000
v 780.0000 70.4579 1100.0000
v 800.0000 67.4953 1100.0000
v 820.0000 64.3442 1100.0000
v 840.0000 60.9883 1100.0000
v 860.0000 59.2015 1100.0000
v 880.0000 57.3736 1100.0000
v 900.0000 54.9423 1100.0000
v 920.0000 52.0962 1100.0000
v 940.0000 49.5363 1100.0000
v 960.0000 47.5347 1100.0000
v 980.0000 46.2901 1100.0000
v 1000.0000 46.0679 1100.0000
v 0.0000 132.5128 1120.0000
v 20.0000 131.1332 1120.0000
v 40.0000 129.8492 1120.0000
v 60.0000 128.6925 1120.0000
v 80.0000 127.3674 1120.0000
v 100.0000 126.5940 1120.0000
v 120.0000 126.9122 1120.0000
v 140.0000 127.0767 1120.0000
v 160.0000 127.5621 1120.0000
v 180.0000 127.8369 1120.0000
v 200.0000 127.3745 1120.0000
v 220.0000 127.0393 1120.0000
v 240.0000 126.7529 1120.0000
v 260.0000 126.0657 1120.0000
v 280.0000 123.8612 1120.0000
v 300.0000 120.7130 1120.0000
v 320.0000 118.3740 1120.0000
v 340.0000 117.0168 1120.0000
v 360.0000 115.7886 1120.0000
v 380.0000 114.6983 1120.0000
v 400.0000 113.3815 1120.0000
v 420.0000 111.8175 1120.0000
v 440.0000 109.6877 1120.0000
v 460.0000 107.8533 1120.0000
v 480.0000 106.6714 1120.0000
v 500.0000 105.7498 1120.0000
v 520.0000 104.4012 1120.0000
v 540.0000 102.3672 1120.0000
v 560.0000 99.9048 1120.0000
v 580.0000 97.4070 1120.0000
v 600.0000 94.6091 1120.0000
v 620.0000 91.9279 1120.0000
v 640.0000 88.9425 1120.0000
v 660.0000 86.4960 1120.0000
v 680.0000 84.0715 1120.0000
v 700.0000 81.5171 1120.0000
v 720.0000 78.7640 1120.0000
v 740.0000 75.7212 1120.0000
v 760.0000 72.9427 1120.0000
v 780.0000 70.1455 1120.0000
v 800.0000 67.5922 1120.0000
v 820.0000 64.2807 1120.0000
v 840.0000 61.1790 1120.0000
v 860.0000 58.2918 1120.0000
v 880.0000 54.9290 1120.0000
v 900.0000 51.4210 1120.0000
v 920.0000 48.5629 1120.0000
v 940.0000 46.5977 1120.0000
v 960.0000 45.3355 1120.0000
v 980.0000 45.1132 1120.0000
v 1000.0000 45.1132 1120.0000
v 0.0000 134.0848 1140.0000
v 20.0000 132.9670 1140.0000
v 40.0000 131.5205 1140.0000
v 60.0000 130.4621 1140.0000
v 80.0000 129.9431 1140.0000
v 100.0000 130.3514 1140.0000
v 120.0000 130.6208 1140.0000
v 140.0000 130.6356 1140.0000
v 160.0000 130.2487 1140.0000
v 180.0000 129.3508 1140.0000
v 200.0000 127.3281 1140.0000
v 220.0000 125.5835 1140.0000
v 240.0000 124.1802 1140.0000
v 260.0000 122.8099 1140.0000
v 280.0000 120.7628 1140.0000
v 300.0000 117.9060 1140.0000
v 320.0000 115.6039 1140.0000
v 340.0000 114.2685 1140.0000
v 360.0000 113.1674 1140.0000
v 380.0000 112.3846 1140.0000
v 400.0000 111.8265 1140.0000
v 420.0000 110.7629 1140.0000
v 440.0000 108.4201 1140.0000
v 460.0000 106.6645 1140.0000
v 480.0000 104.9317 1140.0000
v 500.0000 103.7675 1140.0000
v 520.0000 102.8790 1140.0000
v 540.0000 100.4295 1140.0000
v 560.0000 96.9763 1140.0000
v 580.0000 94.0786 1140.0000
v 600.0000 91.7689 1140.0000
v 620.0000 89.0261 1140.0000
v 640.0000 85.9414 1140.0000
v 660.0000 83.3702 1140.0000
v 680.0000 81.1839 1140.0000
v 700.0000 79.4969 1140.0000
v 720.0000 77.4424 1140.0000
v 740.0000 74.9657 1140.0000
v 760.0000 72.0078 1140.0000
v 780.0000 69.6147 1140.0000
v 800.0000 67.3343 1140.0000
v 820.0000 64.5553 1140.0000
v 840.0000 62.3354 1140.0000
v 860.0000 58.9485 1140.0000
v 880.0000 54.2244 1140.0000
v 900.0000 50.3091 1140.0000
v 920.0000 47.7385 1140.0000
v 940.0000 45.9872 1140.0000
v 960.0000 45.1132 1140.0000
v 980.0000 45.1132 1140.0000
v 1000.0000 45.1132 1140.0000
v 0.0000 135.5810 1160.0000
v 20.0000 134.9742 1160.0000
v 40.0000 133.7554 1160.0000
v 60.0000 132.9509 1160.0000
v 80.0000 133.0057 1160.0000
v 100.0000 132.8967 1160.0000
v 120.0000 131.7273 1160.0000
v 140.0000 130.4508 1160.0000
v 160.0000 129.3466 1160.0000
v 180.0000 127.1787 1160.0000
v 200.0000 123.9984 1160.0000
v 220.0000 122.0897 1160.0000
v 240.0000 120.9740 1160.0000
v 260.0000 119.6656 1160.0000
v 280.0000 117.6973 1160.0000
v 300.0000 115.6385 1160.0000
v 320.0000 114.1696 1160.0000
v 340.0000 113.0677 1160.0000
v 360.0000 112.0444 1160.0000
v 380.0000 110.8594 1160.0000
v 400.0000 109.5084 1160.0000
v 420.0000 107.9920 1160.0000
v 440.0000 105.8014 1160.0000
v 460.0000 103.7505 1160.0000
v 480.0000 102.1199 1160.0000
v 500.0000 101.3020 1160.0000
v 520.0000 100.8255 1160.0000
v 540.0000 98.4262 1160.0000
v 560.0000 94.5128 1160.0000
v 580.0000 91.2452 1160.0000
v 600.0000 87.8719 1160.0000
v 620.0000 84.4342 1160.0000
v 640.0000 82.8416 1160.0000
v 660.0000 81.8012 1160.0000
v 680.0000 79.9565 1160.0000
v 700.0000 77.3715 1160.0000
v 720.0000 75.7298 1160.0000
v 740.0000 74.1123 1160.0000
v 760.0000 71.8391 1160.0000
v 780.0000 69.0592 1160.0000
v 800.0000 67.0592 1160.0000
v 820.0000 64.8751 1160.0000
v 840.0000 62.4644 1160.0000
v 860.0000 58.3775 1160.0000
v 880.0000 54.2242 1160.0000
v 900.0000 50.8308 1160.0000
v 920.0000 47.3830 1160.0000
v 940.0000 45.9508 1160.0000
v 960.0000 45.1132 1160.0000
v 980.0000 45.1132 1160.0000
v 1000.0000 45.1132 1160.0000
v 0.0000 136.4559 1180.0000
v 20.0000 135.5214 1180.0000
v 40.0000 133.9234 1180.0000
v 60.0000 132.4037 1180.0000
v 80.0000 131.3751 1180.0000
v 100.0000 129.9833 1180.0000
v 120.0000 127.2535 1180.0000
v 140.0000 125.5120 1180.0000
v 160.0000 123.8443 1180.0000
v 180.0000 121.8047 1180.0000
v 200.0000 119.7244 1180.0000
v 220.0000 118.4343 1180.0000
v 240.0000 117.9279 1180.0000
v 260.0000 116.3817 1180.0000
v 280.0000 114.4514 1180.0000
v 300.0000 113.0276 1180.0000
v 320.0000 112.1213 1180.0000
v 340.0000 111.4581 1180.0000
v 360.0000 110.2589 1180.0000
v 380.0000 108.6745 1180.0000
v 400.0000 107.2488 1180.0000
v 420.0000 105.6864 1180.0000
v 440.0000 103.2207 1180.0000
v 460.0000 100.8985 1180.0000
v 480.0000 99.2736 1180.0000
v 500.0000 97.9676 1180.0000
v 520.0000 97.5146 1180.0000
v 540.0000 95.0934 1180.0000
v 560.0000 91.7870 1180.0000
v 580.0000 88.7424 1180.0000
v 600.0000 85.7604 1180.0000
v 620.0000 83.2506 1180.0000
v 640.0000 81.2124 1180.0000
v 660.0000 79.4797 1180.0000
v 680.0000 77.3613 1180.0000
v 700.0000 75.0516 1180.0000
v 720.0000 73.4536 1180.0000
v 740.0000 71.8970 1180.0000
v 760.0000 70.3914 1180.0000
v 780.0000 69.2232 1180.0000
v 800.0000 67.3002 1180.0000
v 820.0000 65.2912 1180.0000
v 840.0000 62.2928 1180.0000
v 860.0000 58.1092 1180.0000
v 880.0000 54.4607 1180.0000
v 900.0000 50.7873 1180.0000
v 920.0000 47.3012 1180.0000
v 940.0000 46.1747 1180.0000
v 960.0000 45.3603 1180.0000
v 980.0000 45.1486 1180.0000
v 1000.0000 45.1132 1180.0000
v 0.0000 136.6633 1200.0000
v 20.0000 135.3509 1200.0000
v 40.0000 133.0441 1200.0000
v 60.0000 130.3399 1200.0000
v 80.0000 128.2025 1200.0000
v 100.0000 125.7632 1200.0000
v 120.0000 123.7646 1200.0000
v 140.0000 122.1216 1200.0000
v 160.0000 120.2617 1200.0000
v 180.0000 118.1988 1200.0000
v 200.0000 116.1443 1200.0000
v 220.0000 114.8653 1200.0000
v 240.0000 114.4537 1200.0000
v 260.0000 113.2026 1200.0000
v 280.0000 111.7486 1200.0000
v 300.0000 110.5785 1200.0000
v 320.0000 109.5996 1200.0000
v 340.0000 108.7201 1200.0000
v 360.0000 107.4922 1200.0000
v 380.0000 105.9399 1200.0000
v 400.0000 104.5362 1200.0000
v 420.0000 102.8477 1200.0000
v 440.0000 100.7104 1200.0000
v 460.0000 98.7442 1200.0000
v 480.0000 97.0009 1200.0000
v 500.0000 95.0711 1200.0000
v 520.0000 93.4431 1200.0000
v 540.0000 91.2239 1200.0000
v 560.0000 89.2256 1200.0000
v 580.0000 87.0102 1200.0000
v 600.0000 84.8939 1200.0000
v 620.0000 83.2321 1200.0000
v 640.0000 81.0971 1200.0000
v 660.0000 78.4084 1200.0000
v 680.0000 76.3165 1200.0000
v 700.0000 73.9068 1200.0000
v 720.0000 71.5786 1200.0000
v 740.0000 69.5029 1200.0000
v 760.0000 67.8287 1200.0000
v 780.0000 66.7542 1200.0000
v 800.0000 65.4673 1200.0000
v 820.0000 64.2628 1200.0000
v 840.0000 61.7183 1200.0000
v 860.0000 57.9704 1200.0000
v 880.0000 54.8717 1200.0000
v 900.0000 50.6923 1200.0000
v 920.0000 47.8988 1200.0000
v 940.0000 46.5436 1200.0000
v 960.0000 46.1914 1200.0000
v 980.0000 45.6153 1200.0000
v 1000.0000 45.1132 1200.0000
v 0.0000 136.9814 1220.0000
v 20.0000 135.4195 1220.0000
v 40.0000 132.3089 1220.0000
v 60.0000 128.5961 1220.0000
v 80.0000 125.8718 1220.0000
v 100.0000 123.0720 1220.0000
v 120.0000 120.7469 1220.0000
v 140.0000 118.6968 1220.0000
v 160.0000 116.8850 1220.0000
v 180.0000 114.9910 1220.0000
v 200.0000 113.0919 1220.0000
v 220.0000 111.7575 1220.0000
v 240.0000 110.6560 1220.0000
v 260.0000 109.5446 1220.0000
v 280.0000 108.5855 1220.0000
v 300.0000 107.6875 1220.0000
v 320.0000 106.7495 1220.0000
v 340.0000 106.0003 1220.0000
v 360.0000 104.6317 1220.0000
v 380.0000 102.8410 1220.0000
v 400.0000 101.2910 1220.0000
v 420.0000 99.7587 1220.0000
v 440.0000 97.9658 1220.0000
v 460.0000 96.1112 1220.0000
v 480.0000 94.4539 1220.0000
v 500.0000 92.2163 1220.0000
v 520.0000 89.6674 1220.0000
v 540.0000 87.8896 1220.0000
v 560.0000 87.0424 1220.0000
v 580.0000 85.1740 1220.0000
v 600.0000 83.0820 1220.0000
v 620.0000 81.6235 1220.0000
v 640.0000 80.0235 1220.0000
v 660.0000 77.9890 1220.0000
v 680.0000 75.9045 1220.0000
v 700.0000 73.2174 1220.0000
v 720.0000 70.1458 1220.0000
v 740.0000 67.4192 1220.0000
v 760.0000 65.4462 1220.0000
v 780.0000 62.9701 1220.0000
v 800.0000 61.3733 1220.0000
v 820.0000 60.2967 1220.0000
v 840.0000 58.3311 1220.0000
v 860.0000 55.9393 1220.0000
v 880.0000 54.2079 1220.0000
v 900.0000 50.5332 1220.0000
v 920.0000 47.8241 1220.0000
v 940.0000 45.5893 1220.0000
v 960.0000 44.9909 1220.0000
v 980.0000 45.9055 1220.0000
v 1000.0000 45.6964 1220.0000
v 0.0000 137.6182 1240.0000
v 20.0000 135.3817 1240.0000
v 40.0000 131.6536 1240.0000
v 60.0000 127.8481 1240.0000
v 80.0000 125.3252 1240.0000
v 100.0000 122.7057 1240.0000
v 120.0000 119.9401 1240.0000
v 140.0000 117.3647 1240.0000
v 160.0000 114.0653 1240.0000
v 180.0000 111.2853 1240.0000
v 200.0000 109.5508 1240.0000
v 220.0000 108.2359 1240.0000
v 240.0000 106.6418 1240.0000
v 260.0000 105.5810 1240.0000
v 280.0000 105.0239 1240.0000
v 300.0000 104.2894 1240.0000
v 320.0000 103.5144 1240.0000
v 340.0000 102.9870 1240.0000
v 360.0000 101.5908 1240.0000
v 380.0000 99.8154 1240.0000
v 400.0000 97.8625 1240.0000
v 420.0000 96.3272 1240.0000
v 440.0000 94.7893 1240.0000
v 460.0000 94.0410 1240.0000
v 480.0000 92.7019 1240.0000
v 500.0000 90.0288 1240.0000
v 520.0000 87.1888 1240.0000
v 540.0000 85.1875 1240.0000
v 560.0000 83.3207 1240.0000
v 580.0000 81.2013 1240.0000
v 600.0000 78.9226 1240.0000
v 620.0000 78.0323 1240.0000
v 640.0000 77.7939 1240.0000
v 660.0000 76.7990 1240.0000
v 680.0000 74.9452 1240.0000
v 700.0000 72.8616 1240.0000
v 720.0000 70.6176 1240.0000
v 740.0000 68.0108 1240.0000
v 760.0000 65.7039 1240.0000
v 780.0000 62.6703 1240.0000
v 800.0000 60.0368 1240.0000
v 820.0000 58.0828 1240.0000
v 840.0000 55.5349 1240.0000
v 860.0000 53.5632 1240.0000
v 880.0000 51.9562 1240.0000
v 900.0000 50.1442 1240.0000
v 920.0000 48.4723 1240.0000
v 940.0000 45.9784 1240.0000
v 960.0000 43.6784 1240.0000
v 980.0000 44.3966 1240.0000
v 1000.0000 45.9433 1240.0000
v 0.0000 138.8817 1260.0000
v 20.0000 135.2643 1260.0000
v 40.0000 131.2456 1260.0000
v 60.0000 127.5330 1260.0000
v 80.0000 124.5659 1260.0000
v 100.0000 121.5629 1260.0000
v 120.0000 119.2857 1260.0000
v 140.0000 116.8305 1260.0000
v 160.0000 113.4834 1260.0000
v 180.0000 110.1377 1260.0000
v 200.0000 106.9603 1260.0000
v 220.0000 104.0742 1260.0000
v 240.0000 101.7856 1260.0000
v 260.0000 101.0368 1260.0000
v 280.0000 101.1249 1260.0000
v 300.0000 100.6857 1260.0000
v 320.0000 99.7724 1260.0000
v 340.0000 99.2034 1260.0000
v 360.0000 98.5115 1260.0000
v 380.0000 96.7469 1260.0000
v 400.0000 94.6650 1260.0000
v 420.0000 92.9876 1260.0000
v 440.0000 92.1601 1260.0000
v 460.0000 91.9485 1260.0000
v 480.0000 90.4227 1260.0000
v 500.0000 88.1934 1260.0000
v 520.0000 85.8018 1260.0000
v 540.0000 83.3904 1260.0000
v 560.0000 80.8821 1260.0000
v 580.0000 77.8323 1260.0000
v 600.0000 75.4266 1260.0000
v 620.0000 74.2580 1260.0000
v 640.0000 74.0181 1260.0000
v 660.0000 73.8196 1260.0000
v 680.0000 73.5428 1260.0000
v 700.0000 72.6312 1260.0000
v 720.0000 71.0754 1260.0000
v 740.0000 68.8805 1260.0000
v 760.0000 66.7057 1260.0000
v 780.0000 64.8558 1260.0000
v 800.0000 62.2258 1260.0000
v 820.0000 60.3251 1260.0000
v 840.0000 58.3892 1260.0000
v 860.0000 55.4015 1260.0000
v 880.0000 53.1230 1260.0000
v 900.0000 51.9668 1260.0000
v 920.0000 49.7292 1260.0000
v 940.0000 46.7332 1260.0000
v 960.0000 43.8595 1260.0000
v 980.0000 42.5089 1260.0000
v 1000.0000 44.1483 1260.0000
v 0.0000 139.2196 1280.0000
v 20.0000 135.0545 1280.0000
v 40.0000 130.7752 1280.0000
v 60.0000 127.3524 1280.0000
v 80.0000 124.6592 1280.0000
v 100.0000 121.6562 1280.0000
v 120.0000 118.9165 1280.0000
v 140.0000 115.7426 1280.0000
v 160.0000 112.8724 1280.0000
v 180.0000 109.4702 1280.0000
v 200.0000 106.4724 1280.0000
v 220.0000 104.2788 1280.0000
v 240.0000 102.2896 1280.0000
v 260.0000 99.9576 1280.0000
v 280.0000 98.1690 1280.0000
v 300.0000 97.4245 1280.0000
v 320.0000 96.9288 1280.0000
v 340.0000 96.1800 1280.0000
v 360.0000 95.9259 1280.0000
v 380.0000 94.8799 1280.0000
v 400.0000 92.7830 1280.0000
v 420.0000 90.3396 1280.0000
v 440.0000 89.0551 1280.0000
v 460.0000 88.6460 1280.0000
v 480.0000 87.5135 1280.0000
v 500.0000 86.0864 1280.0000
v 520.0000 84.2213 1280.0000
v 540.0000 81.6716 1280.0000
v 560.0000 78.4650 1280.0000
v 580.0000 75.0010 1280.0000
v 600.0000 72.3410 1280.0000
v 620.0000 70.7755 1280.0000
v 640.0000 69.9488 1280.0000
v 660.0000 69.9638 1280.0000
v 680.0000 70.4763 1280.0000
v 700.0000 70.8425 1280.0000
v 720.0000 70.1238 1280.0000
v 740.0000 68.8865 1280.0000
v 760.0000 67.8611 1280.0000
v 780.0000 66.1253 1280.0000
v 800.0000 64.3206 1280.0000
v 820.0000 62.4891 1280.0000
v 840.0000 60.0016 1280.0000
v 860.0000 58.0987 1280.0000
v 880.0000 54.7210 1280.0000
v 900.0000 51.9657 1280.0000
v 920.0000 49.2920 1280.0000
v 940.0000 46.4836 1280.0000
v 960.0000 43.5708 1280.0000
v 980.0000 40.8544 1280.0000
v 1000.0000 41.8023 1280.0000
v 0.0000 140.0912 1300.0000
v 20.0000 135.5522 1300.0000
v 40.0000 132.2446 1300.0000
v 60.0000 129.6158 1300.0000
v 80.0000 127.0850 1300.0000
v 100.0000 124.1085 1300.0000
v 120.0000 120.9353 1300.0000
v 140.0000 117.3962 1300.0000
v 160.0000 114.5032 1300.0000
v 180.0000 112.3408 1300.0000
v 200.0000 110.6971 1300.0000
v 220.0000 109.2306 1300.0000
v 240.0000 107.0684 1300.0000
v 260.0000 104.2429 1300.0000
v 280.0000 100.5792 1300.0000
v 300.0000 97.0638 1300.0000
v 320.0000 94.6634 1300.0000
v 340.0000 92.8508 1300.0000
v 360.0000 92.5051 1300.0000
v 380.0000 92.7705 1300.0000
v 400.0000 91.3860 1300.0000
v 420.0000 88.8501 1300.0000
v 440.0000 86.2571 1300.0000
v 460.0000 85.1856 1300.0000
v 480.0000 84.2560 1300.0000
v 500.0000 83.2253 1300.0000
v 520.0000 81.9065 1300.0000
v 540.0000 79.6500 1300.0000
v 560.0000 76.0401 1300.0000
v 580.0000 73.1262 1300.0000
v 600.0000 70.8014 1300.0000
v 620.0000 68.5130 1300.0000
v 640.0000 67.1642 1300.0000
v 660.0000 66.7404 1300.0000
v 680.0000 66.6209 1300.0000
v 700.0000 66.9516 1300.0000
v 720.0000 66.8321 1300.0000
v 740.0000 66.2991 1300.0000
v 760.0000 66.2396 1300.0000
v 780.0000 65.7610 1300.0000
v 800.0000 64.6381 1300.0000
v 820.0000 63.4391 1300.0000
v 840.0000 61.2411 1300.0000
v 860.0000 59.0148 1300.0000
v 880.0000 55.6824 1300.0000
v 900.0000 52.2611 1300.0000
v 920.0000 49.0695 1300.0000
v 940.0000 45.8363 1300.0000
v 960.0000 42.6078 1300.0000
v 980.0000 39.6768 1300.0000
v 1000.0000 39.6169 1300.0000
v 0.0000 142.7177 1320.0000
v 20.0000 138.6394 1320.0000
v 40.0000 135.5792 1320.0000
v 60.0000 133.1290 1320.0000
v 80.0000 130.9122 1320.0000
v 100.0000 127.5061 1320.0000
v 120.0000 123.9552 1320.0000
v 140.0000 120.0106 1320.0000
v 160.0000 116.8833 1320.0000
v 180.0000 116.0280 1320.0000
v 200.0000 115.4214 1320.0000
v 220.0000 114.1827 1320.0000
v 240.0000 111.4460 1320.0000
v 260.0000 108.3900 1320.0000
v 280.0000 104.5391 1320.0000
v 300.0000 99.7773 1320.0000
v 320.0000 95.4049 1320.0000
v 340.0000 92.1650 1320.0000
v 360.0000 90.1935 1320.0000
v 380.0000 89.2363 1320.0000
v 400.0000 88.3077 1320.0000
v 420.0000 86.4318 1320.0000
v 440.0000 84.1471 1320.0000
v 460.0000 82.5267 1320.0000
v 480.0000 81.3360 1320.0000
v 500.0000 80.1735 1320.0000
v 520.0000 78.8441 1320.0000
v 540.0000 77.2089 1320.0000
v 560.0000 74.4875 1320.0000
v 580.0000 71.9064 1320.0000
v 600.0000 69.9856 1320.0000
v 620.0000 67.6151 1320.0000
v 640.0000 65.5394 1320.0000
v 660.0000 64.0368 1320.0000
v 680.0000 63.7253 1320.0000
v 700.0000 63.3466 1320.0000
v 720.0000 62.9266 1320.0000
v 740.0000 62.5162 1320.0000
v 760.0000 62.8617 1320.0000
v 780.0000 63.3532 1320.0000
v 800.0000 63.3805 1320.0000
v 820.0000 63.0482 1320.0000
v 840.0000 61.9418 1320.0000
v 860.0000 59.4709 1320.0000
v 880.0000 55.7902 1320.0000
v 900.0000 51.8821 1320.0000
v 920.0000 48.3631 1320.0000
v 940.0000 45.2950 1320.0000
v 960.0000 42.1575 1320.0000
v 980.0000 39.1668 1320.0000
v 1000.0000 37.6060 1320.0000
v 0.0000 146.2177 1340.0000
v 20.0000 143.8370 1340.0000
v 40.0000 141.0915 1340.0000
v 60.0000 138.5132 1340.0000
v 80.0000 136.2144 1340.0000
v 100.0000 132.2561 1340.0000
v 120.0000 127.4658 1340.0000
v 140.0000 123.3503 1340.0000
v 160.0000 121.1077 1340.0000
v 180.0000 120.6291 1340.0000
v 200.0000 119.8576 1340.0000
v 220.0000 117.9197 1340.0000
v 240.0000 115.1191 1340.0000
v 260.0000 111.2461 1340.0000
v 280.0000 107.1190 1340.0000
v 300.0000 102.8081 1340.0000
v 320.0000 98.4632 1340.0000
v 340.0000 93.7423 1340.0000
v 360.0000 91.0299 1340.0000
v 380.0000 87.9788 1340.0000
v 400.0000 85.8223 1340.0000
v 420.0000 84.0478 1340.0000
v 440.0000 82.3830 1340.0000
v 460.0000 81.5355 1340.0000
v 480.0000 80.7247 1340.0000
v 500.0000 79.5106 1340.0000
v 520.0000 78.1134 1340.0000
v 540.0000 76.3045 1340.0000
v 560.0000 73.8956 1340.0000
v 580.0000 71.1863 1340.0000
v 600.0000 69.1098 1340.0000
v 620.0000 66.5633 1340.0000
v 640.0000 63.7277 1340.0000
v 660.0000 60.7651 1340.0000
v 680.0000 60.0687 1340.0000
v 700.0000 59.1762 1340.0000
v 720.0000 58.7276 1340.0000
v 740.0000 58.1983 1340.0000
v 760.0000 58.0273 1340.0000
v 780.0000 58.6352 1340.0000
v 800.0000 60.0309 1340.0000
v 820.0000 60.7157 1340.0000
v 840.0000 60.5568 1340.0000
v 860.0000 58.6155 1340.0000
v 880.0000 55.0863 1340.0000
v 900.0000 51.7783 1340.0000
v 920.0000 47.8728 1340.0000
v 940.0000 45.1497 1340.0000
v 960.0000 42.2980 1340.0000
v 980.0000 39.3615 1340.0000
v 1000.0000 36.3461 1340.0000
v 0.0000 150.8457 1360.0000
v 20.0000 148.9072 1360.0000
v 40.0000 146.2269 1360.0000
v 60.0000 143.4760 1360.0000
v 80.0000 140.0861 1360.0000
v 100.0000 135.2782 1360.0000
v 120.0000 129.7481 1360.0000
v 140.0000 126.7862 1360.0000
v 160.0000 126.2449 1360.0000
v 180.0000 125.4722 1360.0000
v 200.0000 123.6618 1360.0000
v 220.0000 120.6085 1360.0000
v 240.0000 117.0060 1360.0000
v 260.0000 111.8672 1360.0000
v 280.0000 106.7600 1360.0000
v 300.0000 102.9129 1360.0000
v 320.0000 98.9214 1360.0000
v 340.0000 93.7922 1360.0000
v 360.0000 91.3811 1360.0000
v 380.0000 90.3007 1360.0000
v 400.0000 88.6483 1360.0000
v 420.0000 86.3780 1360.0000
v 440.0000 85.0206 1360.0000
v 460.0000 84.0352 1360.0000
v 480.0000 82.6492 1360.0000
v 500.0000 81.0281 1360.0000
v 520.0000 79.3601 1360.0000
v 540.0000 77.1541 1360.0000
v 560.0000 74.1149 1360.0000
v 580.0000 71.1428 1360.0000
v 600.0000 68.6335 1360.0000
v 620.0000 65.9165 1360.0000
v 640.0000 62.0830 1360.0000
v 660.0000 58.4063 1360.0000
v 680.0000 55.1914 1360.0000
v 700.0000 52.9502 1360.0000
v 720.0000 52.4373 1360.0000
v 740.0000 52.6592 1360.0000
v 760.0000 53.1103 1360.0000
v 780.0000 54.1475 1360.0000
v 800.0000 55.4361 1360.0000
v 820.0000 56.2471 1360.0000
v 840.0000 56.7176 1360.0000
v 860.0000 56.0026 1360.0000
v 880.0000 54.1500 1360.0000
v 900.0000 50.8439 1360.0000
v 920.0000 47.4891 1360.0000
v 940.0000 45.3650 1360.0000
v 960.0000 42.4802 1360.0000
v 980.0000 39.2927 1360.0000
v 1000.0000 36.5951 1360.0000
v 0.0000 155.0154 1380.0000
v 20.0000 152.5411 1380.0000
v 40.0000 149.8775 1380.0000
v 60.0000 146.1659 1380.0000
v 80.0000 141.7820 1380.0000
v 100.0000 136.4761 1380.0000
v 120.0000 131.7882 1380.0000
v 140.0000 131.6295 1380.0000
v 160.0000 131.4579 1380.0000
v 180.0000 129.4645 1380.0000
v 200.0000 125.5840 1380.0000
v 220.0000 121.3193 1380.0000
v 240.0000 116.5426 1380.0000
v 260.0000 111.4085 1380.0000
v 280.0000 107.1350 1380.0000
v 300.0000 103.9027 1380.0000
v 320.0000 100.6081 1380.0000
v 340.0000 96.4141 1380.0000
v 360.0000 94.4966 1380.0000
v 380.0000 93.2499 1380.0000
v 400.0000 91.3839 1380.0000
v 420.0000 89.3242 1380.0000
v 440.0000 87.4760 1380.0000
v 460.0000 85.6630 1380.0000
v 480.0000 84.0326 1380.0000
v 500.0000 82.6280 1380.0000
v 520.0000 80.7133 1380.0000
v 540.0000 77.7906 1380.0000
v 560.0000 74.5694 1380.0000
v 580.0000 71.6688 1380.0000
v 600.0000 68.3340 1380.0000
v 620.0000 65.0364 1380.0000
v 640.0000 60.8925 1380.0000
v 660.0000 56.9669 1380.0000
v 680.0000 54.1806 1380.0000
v 700.0000 50.5927 1380.0000
v 720.0000 49.7334 1380.0000
v 740.0000 49.1088 1380.0000
v 760.0000 48.8373 1380.0000
v 780.0000 49.4942 1380.0000
v 800.0000 50.4179 1380.0000
v 820.0000 50.9701 1380.0000
v 840.0000 51.3893 1380.0000
v 860.0000 51.9306 1380.0000
v 880.0000 51.6479 1380.0000
v 900.0000 48.9454 1380.0000
v 920.0000 46.2881 1380.0000
v 940.0000 44.4647 1380.0000
v 960.0000 41.3489 1380.0000
v 980.0000 38.5045 1380.0000
v 1000.0000 36.1702 1380.0000
v 0.0000 158.4372 1400.0000
v 20.0000 155.3925 1400.0000
v 40.0000 152.3927 1400.0000
v 60.0000 147.6540 1400.0000
v 80.0000 143.0966 1400.0000
v 100.0000 139.1003 1400.0000
v 120.0000 137.3121 1400.0000
v 140.0000 136.9117 1400.0000
v 160.0000 135.0382 1400.0000
v 180.0000 131.5983 1400.0000
v 200.0000 128.4595 1400.0000
v 220.0000 124.3083 1400.0000
v 240.0000 118.8240 1400.0000
v 260.0000 113.6117 1400.0000
v 280.0000 109.6810 1400.0000
v 300.0000 105.4584 1400.0000
v 320.0000 102.3969 1400.0000
v 340.0000 101.1764 1400.0000
v 360.0000 99.4673 1400.0000
v 380.0000 96.2754 1400.0000
v 400.0000 93.3623 1400.0000
v 420.0000 91.1320 1400.0000
v 440.0000 88.9270 1400.0000
v 460.0000 87.0264 1400.0000
v 480.0000 85.5730 1400.0000
v 500.0000 84.1238 1400.0000
v 520.0000 81.8677 1400.0000
v 540.0000 78.7350 1400.0000
v 560.0000 75.1163 1400.0000
v 580.0000 71.7383 1400.0000
v 600.0000 68.6417 1400.0000
v 620.0000 65.7941 1400.0000
v 640.0000 62.0640 1400.0000
v 660.0000 58.5338 1400.0000
v 680.0000 55.6759 1400.0000
v 700.0000 52.9603 1400.0000
v 720.0000 51.1381 1400.0000
v 740.0000 49.7116 1400.0000
v 760.0000 47.6096 1400.0000
v 780.0000 46.5124 1400.0000
v 800.0000 46.2822 1400.0000
v 820.0000 46.2766 1400.0000
v 840.0000 46.4401 1400.0000
v 860.0000 47.1162 1400.0000
v 880.0000 47.6238 1400.0000
v 900.0000 46.8061 1400.0000
v 920.0000 45.6704 1400.0000
v 940.0000 43.1756 1400.0000
v 960.0000 39.9237 1400.0000
v 980.0000 37.8666 1400.0000
v 1000.0000 35.2747 1400.0000
v 0.0000 159.7942 1420.0000
v 20.0000 156.5441 1420.0000
v 40.0000 152.7508 1420.0000
v 60.0000 148.4085 1420.0000
v 80.0000 145.5035 1420.0000
v 100.0000 144.2735 1420.0000
v 120.0000 143.9181 1420.0000
v 140.0000 142.1313 1420.0000
v 160.0000 138.7169 1420.0000
v 180.0000 134.7855 1420.0000
v 200.0000 131.2826 1420.0000
v 220.0000 127.1186 1420.0000
v 240.0000 122.2172 1420.0000
v 260.0000 117.0293 1420.0000
v 280.0000 111.9940 1420.0000
v 300.0000 107.5243 1420.0000
v 320.0000 106.4258 1420.0000
v 340.0000 106.7629 1420.0000
v 360.0000 104.7764 1420.0000
v 380.0000 100.7080 1420.0000
v 400.0000 96.6087 1420.0000
v 420.0000 93.9437 1420.0000
v 440.0000 91.5930 1420.0000
v 460.0000 89.6022 1420.0000
v 480.0000 87.5706 1420.0000
v 500.0000 85.4764 1420.0000
v 520.0000 83.0685 1420.0000
v 540.0000 80.2528 1420.0000
v 560.0000 76.7338 1420.0000
v 580.0000 72.6076 1420.0000
v 600.0000 69.2982 1420.0000
v 620.0000 66.6271 1420.0000
v 640.0000 63.3905 1420.0000
v 660.0000 60.6463 1420.0000
v 680.0000 57.9900 1420.0000
v 700.0000 55.4634 1420.0000
v 720.0000 53.0843 1420.0000
v 740.0000 50.9407 1420.0000
v 760.0000 47.9764 1420.0000
v 780.0000 45.4588 1420.0000
v 800.0000 44.2700 1420.0000
v 820.0000 43.3565 1420.0000
v 840.0000 43.0341 1420.0000
v 860.0000 43.3138 1420.0000
v 880.0000 44.1261 1420.0000
v 900.0000 44.6607 1420.0000
v 920.0000 44.5460 1420.0000
v 940.0000 42.4119 1420.0000
v 960.0000 39.2645 1420.0000
v 980.0000 36.9353 1420.0000
v 1000.0000 34.2832 1420.0000
v 0.0000 157.8503 1440.0000
v 20.0000 156.4534 1440.0000
v 40.0000 153.8879 1440.0000
v 60.0000 151.6642 1440.0000
v 80.0000 150.3669 1440.0000
v 100.0000 149.7420 1440.0000
v 120.0000 148.9089 1440.0000
v 140.0000 146.7827 1440.0000
v 160.0000 142.5274 1440.0000
v 180.0000 137.9012 1440.0000
v 200.0000 133.8976 1440.0000
v 220.0000 129.4195 1440.0000
v 240.0000 124.1427 1440.0000
v 260.0000 119.6091 1440.0000
v 280.0000 114.8687 1440.0000
v 300.0000 112.0119 1440.0000
v 320.0000 112.3967 1440.0000
v 340.0000 112.2079 1440.0000
v 360.0000 110.0617 1440.0000
v 380.0000 106.1034 1440.0000
v 400.0000 101.2510 1440.0000
v 420.0000 97.5652 1440.0000
v 440.0000 94.9967 1440.0000
v 460.0000 93.0849 1440.0000
v 480.0000 90.5407 1440.0000
v 500.0000 87.8336 1440.0000
v 520.0000 85.5230 1440.0000
v 540.0000 83.0028 1440.0000
v 560.0000 79.5056 1440.0000
v 580.0000 76.0716 1440.0000
v 600.0000 71.8506 1440.0000
v 620.0000 68.5599 1440.0000
v 640.0000 64.5512 1440.0000
v 660.0000 61.6975 1440.0000
v 680.0000 59.6738 1440.0000
v 700.0000 57.7670 1440.0000
v 720.0000 55.0388 1440.0000
v 740.0000 52.2068 1440.0000
v 760.0000 49.1605 1440.0000
v 780.0000 45.5889 1440.0000
v 800.0000 43.6106 1440.0000
v 820.0000 42.0091 1440.0000
v 840.0000 40.6932 1440.0000
v 860.0000 40.2066 1440.0000
v 880.0000 40.5052 1440.0000
v 900.0000 41.0518 1440.0000
v 920.0000 41.0736 1440.0000
v 940.0000 39.8102 1440.0000
v 960.0000 37.5913 1440.0000
v 980.0000 35.6173 1440.0000
v 1000.0000 33.1875 1440.0000
v 0.0000 153.7859 1460.0000
v 20.0000 153.9267 1460.0000
v 40.0000 153.7560 1460.0000
v 60.0000 153.3324 1460.0000
v 80.0000 152.5228 1460.0000
v 100.0000 151.9129 1460.0000
v 120.0000 150.8120 1460.0000
v 140.0000 148.8083 1460.0000
v 160.0000 144.4570 1460.0000
v 180.0000 139.6975 1460.0000
v 200.0000 134.7852 1460.0000
v 220.0000 129.7292 1460.0000
v 240.0000 124.2415 1460.0000
v 260.0000 120.4226 1460.0000
v 280.0000 117.3767 1460.0000
v 300.0000 116.8876 1460.0000
v 320.0000 117.1446 1460.0000
v 340.0000 115.7918 1460.0000
v 360.0000 113.6157 1460.0000
v 380.0000 110.0197 1460.0000
v 400.0000 105.4496 1460.0000
v 420.0000 101.0497 1460.0000
v 440.0000 98.1751 1460.0000
v 460.0000 95.9944 1460.0000
v 480.0000 93.5561 1460.0000
v 500.0000 91.0294 1460.0000
v 520.0000 88.7268 1460.0000
v 540.0000 86.4973 1460.0000
v 560.0000 83.1306 1460.0000
v 580.0000 79.0611 1460.0000
v 600.0000 74.0916 1460.0000
v 620.0000 69.7077 1460.0000
v 640.0000 65.8597 1460.0000
v 660.0000 63.3119 1460.0000
v 680.0000 61.7655 1460.0000
v 700.0000 60.4017 1460.0000
v 720.0000 57.8801 1460.0000
v 740.0000 54.4460 1460.0000
v 760.0000 52.1144 1460.0000
v 780.0000 48.6463 1460.0000
v 800.0000 45.1969 1460.0000
v 820.0000 42.7561 1460.0000
v 840.0000 40.9146 1460.0000
v 860.0000 39.7797 1460.0000
v 880.0000 39.1840 1460.0000
v 900.0000 38.2968 1460.0000
v 920.0000 37.9819 1460.0000
v 940.0000 37.2311 1460.0000
v 960.0000 35.9375 1460.0000
v 980.0000 34.0802 1460.0000
v 1000.0000 31.7323 1460.0000
v 0.0000 149.4854 1480.0000
v 20.0000 149.3955 1480.0000
v 40.0000 150.0854 1480.0000
v 60.0000 150.7341 1480.0000
v 80.0000 150.7504 1480.0000
v 100.0000 150.3533 1480.0000
v 120.0000 149.6744 1480.0000
v 140.0000 148.7608 1480.0000
v 160.0000 145.7116 1480.0000
v 180.0000 141.3744 1480.0000
v 200.0000 136.1982 1480.0000
v 220.0000 130.4948 1480.0000
v 240.0000 125.3112 1480.0000
v 260.0000 122.1922 1480.0000
v 280.0000 121.7939 1480.0000
v 300.0000 121.4648 1480.0000
v 320.0000 120.3532 1480.0000
v 340.0000 118.5310 1480.0000
v 360.0000 116.3188 1480.0000
v 380.0000 113.7030 1480.0000
v 400.0000 110.4223 1480.0000
v 420.0000 106.0659 1480.0000
v 440.0000 101.3929 1480.0000
v 460.0000 98.6824 1480.0000
v 480.0000 96.6507 1480.0000
v 500.0000 94.2301 1480.0000
v 520.0000 91.3966 1480.0000
v 540.0000 88.5233 1480.0000
v 560.0000 84.8747 1480.0000
v 580.0000 80.0946 1480.0000
v 600.0000 74.7827 1480.0000
v 620.0000 70.9213 1480.0000
v 640.0000 68.1388 1480.0000
v 660.0000 65.5829 1480.0000
v 680.0000 63.7265 1480.0000
v 700.0000 62.0465 1480.0000
v 720.0000 59.9700 1480.0000
v 740.0000 57.0821 1480.0000
v 760.0000 54.7182 1480.0000
v 780.0000 52.7929 1480.0000
v 800.0000 48.6901 1480.0000
v 820.0000 44.7162 1480.0000
v 840.0000 42.3338 1480.0000
v 860.0000 41.0537 1480.0000
v 880.0000 39.1740 1480.0000
v 900.0000 36.8799 1480.0000
v 920.0000 35.4132 1480.0000
v 940.0000 34.5495 1480.0000
v 960.0000 33.4923 1480.0000
v 980.0000 31.9842 1480.0000
v 1000.0000 30.9262 1480.0000
v 0.0000 146.6939 1500.0000
v 20.0000 146.0988 1500.0000
v 40.0000 147.3041 1500.0000
v 60.0000 148.1163 1500.0000
v 80.0000 147.9779 1500.0000
v 100.0000 147.3271 1500.0000
v 120.0000 146.7144 1500.0000
v 140.0000 146.2479 1500.0000
v 160.0000 144.3891 1500.0000
v 180.0000 141.7116 1500.0000
v 200.0000 137.4270 1500.0000
v 220.0000 132.2112 1500.0000
v 240.0000 127.6334 1500.0000
v 260.0000 126.4559 1500.0000
v 280.0000 126.3828 1500.0000
v 300.0000 124.8884 1500.0000
v 320.0000 122.8787 1500.0000
v 340.0000 120.8615 1500.0000
v 360.0000 118.7870 1500.0000
v 380.0000 116.2768 1500.0000
v 400.0000 113.6328 1500.0000
v 420.0000 110.1801 1500.0000
v 440.0000 106.8518 1500.0000
v 460.0000 103.8612 1500.0000
v 480.0000 101.3266 1500.0000
v 500.0000 97.9694 1500.0000
v 520.0000 93.9475 1500.0000
v 540.0000 89.7084 1500.0000
v 560.0000 85.0525 1500.0000
v 580.0000 80.5269 1500.0000
v 600.0000 76.1901 1500.0000
v 620.0000 73.1673 1500.0000
v 640.0000 70.4058 1500.0000
v 660.0000 67.8602 1500.0000
v 680.0000 65.6730 1500.0000
v 700.0000 63.4911 1500.0000
v 720.0000 61.3620 1500.0000
v 740.0000 59.2462 1500.0000
v 760.0000 57.6342 1500.0000
v 780.0000 55.9781 1500.0000
v 800.0000 51.7030 1500.0000
v 820.0000 46.8931 1500.0000
v 840.0000 43.3544 1500.0000
v 860.0000 41.9351 1500.0000
v 880.0000 39.8276 1500.0000
v 900.0000 36.5601 1500.0000
v 920.0000 34.6959 1500.0000
v 940.0000 33.1634 1500.0000
v 960.0000 31.8908 1500.0000
v 980.0000 30.8164 1500.0000
v 1000.0000 30.1111 1500.0000
v 0.0000 143.4934 1520.0000
v 20.0000 143.4211 1520.0000
v 40.0000 145.0800 1520.0000
v 60.0000 145.8575 1520.0000
v 80.0000 145.4444 1520.0000
v 100.0000 144.6062 1520.0000
v 120.0000 143.7087 1520.0000
v 140.0000 143.0152 1520.0000
v 160.0000 141.6972 1520.0000
v 180.0000 139.7618 1520.0000
v 200.0000 137.1006 1520.0000
v 220.0000 133.4669 1520.0000
v 240.0000 131.3104 1520.0000
v 260.0000 131.2411 1520.0000
v 280.0000 130.2206 1520.0000
v 300.0000 127.8607 1520.0000
v 320.0000 125.2057 1520.0000
v 340.0000 122.5937 1520.0000
v 360.0000 119.9823 1520.0000
v 380.0000 117.6667 1520.0000
v 400.0000 115.2565 1520.0000
v 420.0000 112.8699 1520.0000
v 440.0000 110.6724 1520.0000
v 460.0000 108.3151 1520.0000
v 480.0000 105.7689 1520.0000
v 500.0000 102.5243 1520.0000
v 520.0000 98.6087 1520.0000
v 540.0000 94.0039 1520.0000
v 560.0000 88.8222 1520.0000
v 580.0000 83.5929 1520.0000
v 600.0000 79.0306 1520.0000
v 620.0000 75.7948 1520.0000
v 640.0000 72.9839 1520.0000
v 660.0000 70.6263 1520.0000
v 680.0000 68.1082 1520.0000
v 700.0000 65.6143 1520.0000
v 720.0000 63.3456 1520.0000
v 740.0000 61.2855 1520.0000
v 760.0000 59.3077 1520.0000
v 780.0000 57.5573 1520.0000
v 800.0000 53.8731 1520.0000
v 820.0000 48.9492 1520.0000
v 840.0000 45.0373 1520.0000
v 860.0000 42.4092 1520.0000
v 880.0000 39.4970 1520.0000
v 900.0000 35.5888 1520.0000
v 920.0000 33.9126 1520.0000
v 940.0000 32.6227 1520.0000
v 960.0000 31.0661 1520.0000
v 980.0000 30.0587 1520.0000
v 1000.0000 30.1339 1520.0000
v 0.0000 139.9939 1540.0000
v 20.0000 140.6325 1540.0000
v 40.0000 142.0903 1540.0000
v 60.0000 142.7673 1540.0000
v 80.0000 142.5260 1540.0000
v 100.0000 141.7626 1540.0000
v 120.0000 140.7934 1540.0000
v 140.0000 139.5990 1540.0000
v 160.0000 138.6784 1540.0000
v 180.0000 137.5609 1540.0000
v 200.0000 135.8884 1540.0000
v 220.0000 134.5206 1540.0000
v 240.0000 134.3303 1540.0000
v 260.0000 134.0446 1540.0000
v 280.0000 132.5297 1540.0000
v 300.0000 130.1823 1540.0000
v 320.0000 127.5137 1540.0000
v 340.0000 124.9025 1540.0000
v 360.0000 122.0027 1540.0000
v 380.0000 119.2341 1540.0000
v 400.0000 116.5615 1540.0000
v 420.0000 113.9846 1540.0000
v 440.0000 112.1435 1540.0000
v 460.0000 110.2544 1540.0000
v 480.0000 107.9643 1540.0000
v 500.0000 105.4174 1540.0000
v 520.0000 102.8101 1540.0000
v 540.0000 99.3688 1540.0000
v 560.0000 94.6224 1540.0000
v 580.0000 88.7827 1540.0000
v 600.0000 83.3974 1540.0000
v 620.0000 79.1621 1540.0000
v 640.0000 75.8481 1540.0000
v 660.0000 73.7162 1540.0000
v 680.0000 71.2282 1540.0000
v 700.0000 68.7423 1540.0000
v 720.0000 66.0567 1540.0000
v 740.0000 63.6759 1540.0000
v 760.0000 61.6078 1540.0000
v 780.0000 59.7120 1540.0000
v 800.0000 56.7705 1540.0000
v 820.0000 52.0413 1540.0000
v 840.0000 47.2225 1540.0000
v 860.0000 43.0150 1540.0000
v 880.0000 39.0568 1540.0000
v 900.0000 35.0282 1540.0000
v 920.0000 33.0685 1540.0000
v 940.0000 31.7651 1540.0000
v 960.0000 30.7707 1540.0000
v 980.0000 29.7053 1540.0000
v 1000.0000 29.7831 1540.0000
v 0.0000 136.5170 1560.0000
v 20.0000 137.5473 1560.0000
v 40.0000 138.4413 1560.0000
v 60.0000 138.9551 1560.0000
v 80.0000 138.8064 1560.0000
v 100.0000 138.3439 1560.0000
v 120.0000 137.7788 1560.0000
v 140.0000 136.6732 1560.0000
v 160.0000 135.6993 1560.0000
v 180.0000 134.7753 1560.0000
v 200.0000 133.5689 1560.0000
v 220.0000 133.1383 1560.0000
v 240.0000 133.1139 1560.0000
v 260.0000 132.9885 1560.0000
v 280.0000 132.2786 1560.0000
v 300.0000 130.9384 1560.0000
v 320.0000 128.9407 1560.0000
v 340.0000 126.6552 1560.0000
v 360.0000 124.1531 1560.0000
v 380.0000 121.3208 1560.0000
v 400.0000 118.3115 1560.0000
v 420.0000 115.2187 1560.0000
v 440.0000 112.3096 1560.0000
v 460.0000 109.7305 1560.0000
v 480.0000 108.1773 1560.0000
v 500.0000 106.6123 1560.0000
v 520.0000 105.0480 1560.0000
v 540.0000 102.6363 1560.0000
v 560.0000 98.7157 1560.0000
v 580.0000 92.9967 1560.0000
v 600.0000 88.0374 1560.0000
v 620.0000 83.9076 1560.0000
v 640.0000 80.1905 1560.0000
v 660.0000 77.1962 1560.0000
v 680.0000 74.7554 1560.0000
v 700.0000 72.1067 1560.0000
v 720.0000 69.6118 1560.0000
v 740.0000 67.1728 1560.0000
v 760.0000 65.2813 1560.0000
v 780.0000 63.8321 1560.0000
v 800.0000 61.8521 1560.0000
v 820.0000 56.9789 1560.0000
v 840.0000 51.2297 1560.0000
v 860.0000 45.7138 1560.0000
v 880.0000 40.3817 1560.0000
v 900.0000 36.4061 1560.0000
v 920.0000 32.9489 1560.0000
v 940.0000 31.1069 1560.0000
v 960.0000 30.6596 1560.0000
v 980.0000 29.5426 1560.0000
v 1000.0000 29.1955 1560.0000
v 0.0000 131.8596 1580.0000
v 20.0000 132.9174 1580.0000
v 40.0000 133.7917 1580.0000
v 60.0000 134.7913 1580.0000
v 80.0000 135.1579 1580.0000
v 100.0000 135.0454 1580.0000
v 120.0000 134.4978 1580.0000
v 140.0000 133.1821 1580.0000
v 160.0000 132.1370 1580.0000
v 180.0000 130.8519 1580.0000
v 200.0000 129.4828 1580.0000
v 220.0000 129.0830 1580.0000
v 240.0000 129.2172 1580.0000
v 260.0000 129.5633 1580.0000
v 280.0000 129.6455 1580.0000
v 300.0000 129.3115 1580.0000
v 320.0000 128.4603 1580.0000
v 340.0000 126.9690 1580.0000
v 360.0000 124.5192 1580.0000
v 380.0000 121.6608 1580.0000
v 400.0000 118.6089 1580.0000
v 420.0000 114.1895 1580.0000
v 440.0000 109.1185 1580.0000
v 460.0000 105.9538 1580.0000
v 480.0000 105.2387 1580.0000
v 500.0000 105.4341 1580.0000
v 520.0000 105.1264 1580.0000
v 540.0000 103.8303 1580.0000
v 560.0000 100.6316 1580.0000
v 580.0000 96.7996 1580.0000
v 600.0000 93.8779 1580.0000
v 620.0000 89.8899 1580.0000
v 640.0000 85.5093 1580.0000
v 660.0000 81.8638 1580.0000
v 680.0000 80.3171 1580.0000
v 700.0000 77.4376 1580.0000
v 720.0000 74.2976 1580.0000
v 740.0000 72.4995 1580.0000
v 760.0000 71.2022 1580.0000
v 780.0000 69.1990 1580.0000
v 800.0000 66.1331 1580.0000
v 820.0000 60.9450 1580.0000
v 840.0000 55.3194 1580.0000
v 860.0000 50.2145 1580.0000
v 880.0000 43.3483 1580.0000
v 900.0000 37.4146 1580.0000
v 920.0000 33.1434 1580.0000
v 940.0000 30.8171 1580.0000
v 960.0000 29.5437 1580.0000
v 980.0000 27.8712 1580.0000
v 1000.0000 28.3048 1580.0000
v 0.0000 127.1175 1600.0000
v 20.0000 127.6864 1600.0000
v 40.0000 129.0392 1600.0000
v 60.0000 130.2509 1600.0000
v 80.0000 130.7871 1600.0000
v 100.0000 130.7794 1600.0000
v 120.0000 130.2095 1600.0000
v 140.0000 128.8021 1600.0000
v 160.0000 126.9081 1600.0000
v 180.0000 124.7112 1600.0000
v 200.0000 123.4918 1600.0000
v 220.0000 123.8603 1600.0000
v 240.0000 124.6453 1600.0000
v 260.0000 125.2922 1600.0000
v 280.0000 125.6231 1600.0000
v 300.0000 125.5841 1600.0000
v 320.0000 125.0097 1600.0000
v 340.0000 124.0845 1600.0000
v 360.0000 122.5357 1600.0000
v 380.0000 119.7300 1600.0000
v 400.0000 115.7425 1600.0000
v 420.0000 111.6234 1600.0000
v 440.0000 106.6852 1600.0000
v 460.0000 102.2714 1600.0000
v 480.0000 100.9021 1600.0000
v 500.0000 101.3507 1600.0000
v 520.0000 102.2096 1600.0000
v 540.0000 101.9442 1600.0000
v 560.0000 99.7816 1600.0000
v 580.0000 98.4784 1600.0000
v 600.0000 96.8405 1600.0000
v 620.0000 93.7887 1600.0000
v 640.0000 89.6432 1600.0000
v 660.0000 86.0372 1600.0000
v 680.0000 83.5115 1600.0000
v 700.0000 80.5769 1600.0000
v 720.0000 78.5096 1600.0000
v 740.0000 77.0678 1600.0000
v 760.0000 75.3906 1600.0000
v 780.0000 72.8283 1600.0000
v 800.0000 69.0514 1600.0000
v 820.0000 62.4466 1600.0000
v 840.0000 56.5778 1600.0000
v 860.0000 52.1483 1600.0000
v 880.0000 43.8137 1600.0000
v 900.0000 36.8068 1600.0000
v 920.0000 32.8386 1600.0000
v 940.0000 30.7168 1600.0000
v 960.0000 28.1713 1600.0000
v 980.0000 26.0872 1600.0000
v 1000.0000 27.0600 1600.0000
v 0.0000 122.5308 1620.0000
v 20.0000 123.1087 1620.0000
v 40.0000 124.4143 1620.0000
v 60.0000 125.4426 1620.0000
v 80.0000 125.8323 1620.0000
v 100.0000 125.4637 1620.0000
v 120.0000 125.1148 1620.0000
v 140.0000 123.9833 1620.0000
v 160.0000 121.5600 1620.0000
v 180.0000 119.2996 1620.0000
v 200.0000 118.2538 1620.0000
v 220.0000 118.8337 1620.0000
v 240.0000 120.0288 1620.0000
v 260.0000 121.3785 1620.0000
v 280.0000 122.1343 1620.0000
v 300.0000 122.1192 1620.0000
v 320.0000 121.4612 1620.0000
v 340.0000 120.2699 1620.0000
v 360.0000 118.7870 1620.0000
v 380.0000 116.7311 1620.0000
v 400.0000 113.5499 1620.0000
v 420.0000 109.3304 1620.0000
v 440.0000 104.3877 1620.0000
v 460.0000 99.9938 1620.0000
v 480.0000 97.0551 1620.0000
v 500.0000 96.9364 1620.0000
v 520.0000 97.3210 1620.0000
v 540.0000 96.9801 1620.0000
v 560.0000 96.0167 1620.0000
v 580.0000 95.9790 1620.0000
v 600.0000 95.4279 1620.0000
v 620.0000 92.7900 1620.0000
v 640.0000 89.3854 1620.0000
v 660.0000 85.1576 1620.0000
v 680.0000 81.3457 1620.0000
v 700.0000 77.4560 1620.0000
v 720.0000 74.9082 1620.0000
v 740.0000 73.7280 1620.0000
v 760.0000 72.7551 1620.0000
v 780.0000 71.4873 1620.0000
v 800.0000 68.0019 1620.0000
v 820.0000 62.5504 1620.0000
v 840.0000 56.9638 1620.0000
v 860.0000 51.0354 1620.0000
v 880.0000 42.3481 1620.0000
v 900.0000 36.1068 1620.0000
v 920.0000 32.3272 1620.0000
v 940.0000 30.4468 1620.0000
v 960.0000 28.2579 1620.0000
v 980.0000 25.9682 1620.0000
v 1000.0000 26.4873 1620.0000
v 0.0000 117.5963 1640.0000
v 20.0000 118.6357 1640.0000
v 40.0000 119.9977 1640.0000
v 60.0000 120.9489 1640.0000
v 80.0000 121.0449 1640.0000
v 100.0000 120.4001 1640.0000
v 120.0000 119.7731 1640.0000
v 140.0000 118.8059 1640.0000
v 160.0000 116.4923 1640.0000
v 180.0000 114.6291 1640.0000
v 200.0000 113.6584 1640.0000
v 220.0000 114.0924 1640.0000
v 240.0000 115.6906 1640.0000
v 260.0000 117.9366 1640.0000
v 280.0000 118.9886 1640.0000
v 300.0000 118.7471 1640.0000
v 320.0000 118.0454 1640.0000
v 340.0000 116.2623 1640.0000
v 360.0000 114.4087 1640.0000
v 380.0000 112.6996 1640.0000
v 400.0000 110.6874 1640.0000
v 420.0000 107.6069 1640.0000
v 440.0000 103.1465 1640.0000
v 460.0000 98.6944 1640.0000
v 480.0000 94.2941 1640.0000
v 500.0000 92.5193 1640.0000
v 520.0000 91.8230 1640.0000
v 540.0000 91.2206 1640.0000
v 560.0000 91.5472 1640.0000
v 580.0000 92.0055 1640.0000
v 600.0000 92.1568 1640.0000
v 620.0000 90.0647 1640.0000
v 640.0000 85.8452 1640.0000
v 660.0000 81.2102 1640.0000
v 680.0000 77.7900 1640.0000
v 700.0000 73.5785 1640.0000
v 720.0000 69.4768 1640.0000
v 740.0000 66.5602 1640.0000
v 760.0000 65.7077 1640.0000
v 780.0000 65.0889 1640.0000
v 800.0000 63.5139 1640.0000
v 820.0000 60.6641 1640.0000
v 840.0000 55.7948 1640.0000
v 860.0000 48.6238 1640.0000
v 880.0000 41.7393 1640.0000
v 900.0000 37.1212 1640.0000
v 920.0000 32.7883 1640.0000
v 940.0000 30.6415 1640.0000
v 960.0000 28.9875 1640.0000
v 980.0000 26.1954 1640.0000
v 1000.0000 25.5351 1640.0000
v 0.0000 112.5317 1660.0000
v 20.0000 113.3072 1660.0000
v 40.0000 115.4159 1660.0000
v 60.0000 116.5858 1660.0000
v 80.0000 116.4462 1660.0000
v 100.0000 115.7984 1660.0000
v 120.0000 114.9391 1660.0000
v 140.0000 113.8856 1660.0000
v 160.0000 111.7689 1660.0000
v 180.0000 110.2650 1660.0000
v 200.0000 109.4601 1660.0000
v 220.0000 109.4220 1660.0000
v 240.0000 111.4434 1660.0000
v 260.0000 114.4682 1660.0000
v 280.0000 115.8670 1660.0000
v 300.0000 115.4061 1660.0000
v 320.0000 113.8100 1660.0000
v 340.0000 111.5952 1660.0000
v 360.0000 109.8326 1660.0000
v 380.0000 108.1350 1660.0000
v 400.0000 106.8229 1660.0000
v 420.0000 105.5147 1660.0000
v 440.0000 102.5177 1660.0000
v 460.0000 97.4307 1660.0000
v 480.0000 92.2510 1660.0000
v 500.0000 88.3752 1660.0000
v 520.0000 86.6429 1660.0000
v 540.0000 86.1470 1660.0000
v 560.0000 86.1778 1660.0000
v 580.0000 86.7482 1660.0000
v 600.0000 87.2842 1660.0000
v 620.0000 85.5145 1660.0000
v 640.0000 81.9561 1660.0000
v 660.0000 77.7681 1660.0000
v 680.0000 73.7181 1660.0000
v 700.0000 69.5427 1660.0000
v 720.0000 65.0058 1660.0000
v 740.0000 61.0453 1660.0000
v 760.0000 59.9161 1660.0000
v 780.0000 59.3569 1660.0000
v 800.0000 58.1820 1660.0000
v 820.0000 55.9698 1660.0000
v 840.0000 51.4507 1660.0000
v 860.0000 45.7627 1660.0000
v 880.0000 41.2904 1660.0000
v 900.0000 38.0596 1660.0000
v 920.0000 33.6178 1660.0000
v 940.0000 30.8712 1660.0000
v 960.0000 29.4796 1660.0000
v 980.0000 27.4911 1660.0000
v 1000.0000 25.0252 1660.0000
v 0.0000 108.7185 1680.0000
v 20.0000 109.2741 1680.0000
v 40.0000 109.8673 1680.0000
v 60.0000 110.7972 1680.0000
v 80.0000 111.2701 1680.0000
v 100.0000 111.5843 1680.0000
v 120.0000 110.7752 1680.0000
v 140.0000 110.0276 1680.0000
v 160.0000 107.6889 1680.0000
v 180.0000 105.9136 1680.0000
v 200.0000 104.8318 1680.0000
v 220.0000 105.0515 1680.0000
v 240.0000 107.5909 1680.0000
v 260.0000 111.1896 1680.0000
v 280.0000 112.3578 1680.0000
v 300.0000 111.6906 1680.0000
v 320.0000 109.6859 1680.0000
v 340.0000 107.7165 1680.0000
v 360.0000 105.7247 1680.0000
v 380.0000 103.9924 1680.0000
v 400.0000 102.8173 1680.0000
v 420.0000 102.2128 1680.0000
v 440.0000 100.2663 1680.0000
v 460.0000 96.0148 1680.0000
v 480.0000 90.8193 1680.0000
v 500.0000 85.6002 1680.0000
v 520.0000 82.2823 1680.0000
v 540.0000 80.5384 1680.0000
v 560.0000 80.8322 1680.0000
v 580.0000 81.2176 1680.0000
v 600.0000 81.3478 1680.0000
v 620.0000 79.8695 1680.0000
v 640.0000 77.1758 1680.0000
v 660.0000 73.6765 1680.0000
v 680.0000 70.5477 1680.0000
v 700.0000 66.6495 1680.0000
v 720.0000 61.6290 1680.0000
v 740.0000 56.1954 1680.0000
v 760.0000 54.2845 1680.0000
v 780.0000 53.5537 1680.0000
v 800.0000 52.0771 1680.0000
v 820.0000 49.9907 1680.0000
v 840.0000 47.1954 1680.0000
v 860.0000 43.1888 1680.0000
v 880.0000 39.9575 1680.0000
v 900.0000 37.4516 1680.0000
v 920.0000 33.4808 1680.0000
v 940.0000 30.5267 1680.0000
v 960.0000 29.5561 1680.0000
v 980.0000 28.4200 1680.0000
v 1000.0000 26.3375 1680.0000
v 0.0000 109.7511 1700.0000
v 20.0000 106.5501 1700.0000
v 40.0000 105.3178 1700.0000
v 60.0000 105.7805 1700.0000
v 80.0000 106.2730 1700.0000
v 100.0000 106.6100 1700.0000
v 120.0000 105.9381 1700.0000
v 140.0000 105.3747 1700.0000
v 160.0000 103.1859 1700.0000
v 180.0000 101.0816 1700.0000
v 200.0000 100.5292 1700.0000
v 220.0000 101.2987 1700.0000
v 240.0000 104.9268 1700.0000
v 260.0000 107.5213 1700.0000
v 280.0000 107.8632 1700.0000
v 300.0000 107.1622 1700.0000
v 320.0000 105.5666 1700.0000
v 340.0000 103.5471 1700.0000
v 360.0000 101.1524 1700.0000
v 380.0000 99.2473 1700.0000
v 400.0000 97.9637 1700.0000
v 420.0000 97.4204 1700.0000
v 440.0000 96.3152 1700.0000
v 460.0000 93.1689 1700.0000
v 480.0000 89.0830 1700.0000
v 500.0000 84.1649 1700.0000
v 520.0000 79.1455 1700.0000
v 540.0000 76.1577 1700.0000
v 560.0000 75.5254 1700.0000
v 580.0000 75.0913 1700.0000
v 600.0000 74.5868 1700.0000
v 620.0000 73.4869 1700.0000
v 640.0000 70.6309 1700.0000
v 660.0000 68.0779 1700.0000
v 680.0000 64.6872 1700.0000
v 700.0000 61.7559 1700.0000
v 720.0000 57.0046 1700.0000
v 740.0000 51.1288 1700.0000
v 760.0000 48.2206 1700.0000
v 780.0000 47.2610 1700.0000
v 800.0000 46.3983 1700.0000
v 820.0000 44.8207 1700.0000
v 840.0000 42.1709 1700.0000
v 860.0000 39.7080 1700.0000
v 880.0000 38.0039 1700.0000
v 900.0000 35.9691 1700.0000
v 920.0000 32.9087 1700.0000
v 940.0000 30.7108 1700.0000
v 960.0000 29.4765 1700.0000
v 980.0000 28.2853 1700.0000
v 1000.0000 27.2271 1700.0000
v 0.0000 109.2213 1720.0000
v 20.0000 106.3780 1720.0000
v 40.0000 103.6825 1720.0000
v 60.0000 102.1440 1720.0000
v 80.0000 101.5923 1720.0000
v 100.0000 101.5053 1720.0000
v 120.0000 100.9697 1720.0000
v 140.0000 99.7044 1720.0000
v 160.0000 97.3344 1720.0000
v 180.0000 95.5903 1720.0000
v 200.0000 96.0102 1720.0000
v 220.0000 98.5475 1720.0000
v 240.0000 102.1936 1720.0000
v 260.0000 103.8039 1720.0000
v 280.0000 103.7181 1720.0000
v 300.0000 103.2150 1720.0000
v 320.0000 101.6096 1720.0000
v 340.0000 99.2188 1720.0000
v 360.0000 96.3234 1720.0000
v 380.0000 94.0523 1720.0000
v 400.0000 92.9013 1720.0000
v 420.0000 92.6370 1720.0000
v 440.0000 92.8340 1720.0000
v 460.0000 90.2812 1720.0000
v 480.0000 86.9643 1720.0000
v 500.0000 83.0778 1720.0000
v 520.0000 77.8219 1720.0000
v 540.0000 73.3061 1720.0000
v 560.0000 70.9074 1720.0000
v 580.0000 69.4025 1720.0000
v 600.0000 68.8634 1720.0000
v 620.0000 68.0214 1720.0000
v 640.0000 65.9198 1720.0000
v 660.0000 62.3452 1720.0000
v 680.0000 58.8986 1720.0000
v 700.0000 55.5732 1720.0000
v 720.0000 50.9455 1720.0000
v 740.0000 45.6141 1720.0000
v 760.0000 42.4831 1720.0000
v 780.0000 40.7333 1720.0000
v 800.0000 39.8738 1720.0000
v 820.0000 38.9695 1720.0000
v 840.0000 37.9894 1720.0000
v 860.0000 36.7024 1720.0000
v 880.0000 35.0039 1720.0000
v 900.0000 33.4396 1720.0000
v 920.0000 31.8946 1720.0000
v 940.0000 30.9298 1720.0000
v 960.0000 30.6673 1720.0000
v 980.0000 30.7974 1720.0000
v 1000.0000 30.4784 1720.0000
v 0.0000 108.1628 1740.0000
v 20.0000 105.3277 1740.0000
v 40.0000 102.8436 1740.0000
v 60.0000 99.9154 1740.0000
v 80.0000 98.0572 1740.0000
v 100.0000 97.0046 1740.0000
v 120.0000 95.9168 1740.0000
v 140.0000 94.4927 1740.0000
v 160.0000 92.4314 1740.0000
v 180.0000 91.3587 1740.0000
v 200.0000 92.7591 1740.0000
v 220.0000 96.2889 1740.0000
v 240.0000 99.1838 1740.0000
v 260.0000 99.9055 1740.0000
v 280.0000 99.5688 1740.0000
v 300.0000 98.9220 1740.0000
v 320.0000 97.7907 1740.0000
v 340.0000 95.8047 1740.0000
v 360.0000 93.4048 1740.0000
v 380.0000 90.4980 1740.0000
v 400.0000 88.8041 1740.0000
v 420.0000 88.3980 1740.0000
v 440.0000 88.2963 1740.0000
v 460.0000 86.0456 1740.0000
v 480.0000 83.2386 1740.0000
v 500.0000 80.0578 1740.0000
v 520.0000 75.8892 1740.0000
v 540.0000 71.6777 1740.0000
v 560.0000 67.7115 1740.0000
v 580.0000 65.2339 1740.0000
v 600.0000 64.0745 1740.0000
v 620.0000 62.8150 1740.0000
v 640.0000 61.1427 1740.0000
v 660.0000 58.9412 1740.0000
v 680.0000 54.9876 1740.0000
v 700.0000 50.4923 1740.0000
v 720.0000 45.6495 1740.0000
v 740.0000 41.9398 1740.0000
v 760.0000 40.4535 1740.0000
v 780.0000 39.1662 1740.0000
v 800.0000 37.5503 1740.0000
v 820.0000 36.1803 1740.0000
v 840.0000 35.2946 1740.0000
v 860.0000 34.5525 1740.0000
v 880.0000 33.8312 1740.0000
v 900.0000 32.9874 1740.0000
v 920.0000 32.2409 1740.0000
v 940.0000 32.3644 1740.0000
v 960.0000 33.3634 1740.0000
v 980.0000 34.2981 1740.0000
v 1000.0000 33.8468 1740.0000
v 0.0000 108.1859 1760.0000
v 20.0000 103.6632 1760.0000
v 40.0000 100.3966 1760.0000
v 60.0000 97.6255 1760.0000
v 80.0000 94.9348 1760.0000
v 100.0000 92.9295 1760.0000
v 120.0000 91.4762 1760.0000
v 140.0000 89.7249 1760.0000
v 160.0000 88.2221 1760.0000
v 180.0000 87.6831 1760.0000
v 200.0000 89.6688 1760.0000
v 220.0000 93.5299 1760.0000
v 240.0000 95.6532 1760.0000
v 260.0000 95.6528 1760.0000
v 280.0000 95.1953 1760.0000
v 300.0000 94.4272 1760.0000
v 320.0000 93.5946 1760.0000
v 340.0000 92.1252 1760.0000
v 360.0000 90.4568 1760.0000
v 380.0000 87.8383 1760.0000
v 400.0000 85.4619 1760.0000
v 420.0000 83.9626 1760.0000
v 440.0000 82.8839 1760.0000
v 460.0000 81.1878 1760.0000
v 480.0000 78.7965 1760.0000
v 500.0000 75.6933 1760.0000
v 520.0000 72.1863 1760.0000
v 540.0000 68.9274 1760.0000
v 560.0000 64.9275 1760.0000
v 580.0000 61.5353 1760.0000
v 600.0000 59.4114 1760.0000
v 620.0000 57.3499 1760.0000
v 640.0000 55.5373 1760.0000
v 660.0000 54.4040 1760.0000
v 680.0000 51.2975 1760.0000
v 700.0000 47.7457 1760.0000
v 720.0000 45.1298 1760.0000
v 740.0000 44.7339 1760.0000
v 760.0000 45.1495 1760.0000
v 780.0000 43.9565 1760.0000
v 800.0000 42.0249 1760.0000
v 820.0000 39.8443 1760.0000
v 840.0000 37.4524 1760.0000
v 860.0000 35.9566 1760.0000
v 880.0000 35.2141 1760.0000
v 900.0000 34.4919 1760.0000
v 920.0000 34.1341 1760.0000
v 940.0000 35.1505 1760.0000
v 960.0000 36.3870 1760.0000
v 980.0000 36.4605 1760.0000
v 1000.0000 34.9021 1760.0000
v 0.0000 108.8161 1780.0000
v 20.0000 104.9837 1780.0000
v 40.0000 101.5028 1780.0000
v 60.0000 98.5904 1780.0000
v 80.0000 95.2068 1780.0000
v 100.0000 92.1665 1780.0000
v 120.0000 88.9609 1780.0000
v 140.0000 85.5300 1780.0000
v 160.0000 84.0804 1780.0000
v 180.0000 83.9913 1780.0000
v 200.0000 85.8481 1780.0000
v 220.0000 89.3491 1780.0000
v 240.0000 91.0023 1780.0000
v 260.0000 91.0562 1780.0000
v 280.0000 90.4727 1780.0000
v 300.0000 89.7242 1780.0000
v 320.0000 88.5611 1780.0000
v 340.0000 87.1621 1780.0000
v 360.0000 85.7584 1780.0000
v 380.0000 84.6013 1780.0000
v 400.0000 82.3053 1780.0000
v 420.0000 79.5528 1780.0000
v 440.0000 78.4654 1780.0000
v 460.0000 77.8408 1780.0000
v 480.0000 75.6594 1780.0000
v 500.0000 72.3934 1780.0000
v 520.0000 68.9881 1780.0000
v 540.0000 65.6868 1780.0000
v 560.0000 61.8224 1780.0000
v 580.0000 58.0485 1780.0000
v 600.0000 55.4665 1780.0000
v 620.0000 52.4783 1780.0000
v 640.0000 49.7770 1780.0000
v 660.0000 48.6620 1780.0000
v 680.0000 47.4087 1780.0000
v 700.0000 46.7111 1780.0000
v 720.0000 47.8722 1780.0000
v 740.0000 50.2767 1780.0000
v 760.0000 51.0691 1780.0000
v 780.0000 49.8074 1780.0000
v 800.0000 48.3521 1780.0000
v 820.0000 46.6953 1780.0000
v 840.0000 43.5510 1780.0000
v 860.0000 41.3280 1780.0000
v 880.0000 41.1888 1780.0000
v 900.0000 40.6588 1780.0000
v 920.0000 39.8639 1780.0000
v 940.0000 39.1651 1780.0000
v 960.0000 38.3938 1780.0000
v 980.0000 36.4262 1780.0000
v 1000.0000 33.7159 1780.0000
v 0.0000 109.3426 1800.0000
v 20.0000 106.4130 1800.0000
v 40.0000 102.9891 1800.0000
v 60.0000 100.0279 1800.0000
v 80.0000 97.3809 1800.0000
v 100.0000 94.2514 1800.0000
v 120.0000 89.6751 1800.0000
v 140.0000 85.5074 1800.0000
v 160.0000 82.8428 1800.0000
v 180.0000 80.9625 1800.0000
v 200.0000 81.7592 1800.0000
v 220.0000 84.8481 1800.0000
v 240.0000 86.5564 1800.0000
v 260.0000 86.4565 1800.0000
v 280.0000 85.8654 1800.0000
v 300.0000 85.1632 1800.0000
v 320.0000 84.0601 1800.0000
v 340.0000 82.7566 1800.0000
v 360.0000 81.1649 1800.0000
v 380.0000 80.2504 1800.0000
v 400.0000 78.6167 1800.0000
v 420.0000 76.3109 1800.0000
v 440.0000 74.6786 1800.0000
v 460.0000 74.3230 1800.0000
v 480.0000 73.4975 1800.0000
v 500.0000 71.7272 1800.0000
v 520.0000 67.4174 1800.0000
v 540.0000 62.9745 1800.0000
v 560.0000 59.3912 1800.0000
v 580.0000 56.4564 1800.0000
v 600.0000 53.2667 1800.0000
v 620.0000 49.3757 1800.0000
v 640.0000 47.2620 1800.0000
v 660.0000 46.0734 1800.0000
v 680.0000 45.8569 1800.0000
v 700.0000 49.1085 1800.0000
v 720.0000 52.2972 1800.0000
v 740.0000 54.7731 1800.0000
v 760.0000 55.6812 1800.0000
v 780.0000 54.6310 1800.0000
v 800.0000 53.3861 1800.0000
v 820.0000 50.9559 1800.0000
v 840.0000 46.6549 1800.0000
v 860.0000 44.8026 1800.0000
v 880.0000 46.3920 1800.0000
v 900.0000 46.9350 1800.0000
v 920.0000 44.7349 1800.0000
v 940.0000 41.9141 1800.0000
v 960.0000 38.8711 1800.0000
v 980.0000 35.6409 1800.0000
v 1000.0000 33.2293 1800.0000
v 0.0000 106.8924 1820.0000
v 20.0000 103.4429 1820.0000
v 40.0000 100.5760 1820.0000
v 60.0000 97.9869 1820.0000
v 80.0000 95.4237 1820.0000
v 100.0000 92.3718 1820.0000
v 120.0000 88.7398 1820.0000
v 140.0000 85.1334 1820.0000
v 160.0000 81.6929 1820.0000
v 180.0000 79.3494 1820.0000
v 200.0000 79.5358 1820.0000
v 220.0000 81.5891 1820.0000
v 240.0000 82.5257 1820.0000
v 260.0000 82.0683 1820.0000
v 280.0000 80.7736 1820.0000
v 300.0000 79.7869 1820.0000
v 320.0000 78.9354 1820.0000
v 340.0000 77.8219 1820.0000
v 360.0000 76.2008 1820.0000
v 380.0000 75.3927 1820.0000
v 400.0000 73.8323 1820.0000
v 420.0000 72.1313 1820.0000
v 440.0000 70.4699 1820.0000
v 460.0000 70.6694 1820.0000
v 480.0000 70.3224 1820.0000
v 500.0000 68.7540 1820.0000
v 520.0000 65.4878 1820.0000
v 540.0000 61.7535 1820.0000
v 560.0000 58.3487 1820.0000
v 580.0000 55.5769 1820.0000
v 600.0000 52.8464 1820.0000
v 620.0000 51.0259 1820.0000
v 640.0000 50.8534 1820.0000
v 660.0000 50.4706 1820.0000
v 680.0000 51.2563 1820.0000
v 700.0000 54.7148 1820.0000
v 720.0000 57.6214 1820.0000
v 740.0000 59.2770 1820.0000
v 760.0000 60.1067 1820.0000
v 780.0000 59.4284 1820.0000
v 800.0000 56.7996 1820.0000
v 820.0000 52.5791 1820.0000
v 840.0000 49.5253 1820.0000
v 860.0000 49.6144 1820.0000
v 880.0000 51.0576 1820.0000
v 900.0000 50.1917 1820.0000
v 920.0000 46.5270 1820.0000
v 940.0000 43.2343 1820.0000
v 960.0000 39.6420 1820.0000
v 980.0000 36.5274 1820.0000
v 1000.0000 34.4602 1820.0000
v 0.0000 101.9057 1840.0000
v 20.0000 98.6631 1840.0000
v 40.0000 96.5836 1840.0000
v 60.0000 94.4970 1840.0000
v 80.0000 92.1694 1840.0000
v 100.0000 89.4036 1840.0000
v 120.0000 85.5973 1840.0000
v 140.0000 81.6163 1840.0000
v 160.0000 77.3954 1840.0000
v 180.0000 75.4688 1840.0000
v 200.0000 76.1593 1840.0000
v 220.0000 77.5210 1840.0000
v 240.0000 77.8743 1840.0000
v 260.0000 77.3187 1840.0000
v 280.0000 75.6283 1840.0000
v 300.0000 74.5599 1840.0000
v 320.0000 74.7270 1840.0000
v 340.0000 73.4029 1840.0000
v 360.0000 71.2969 1840.0000
v 380.0000 69.9396 1840.0000
v 400.0000 68.2284 1840.0000
v 420.0000 66.4882 1840.0000
v 440.0000 65.3715 1840.0000
v 460.0000 65.5106 1840.0000
v 480.0000 65.2320 1840.0000
v 500.0000 63.9734 1840.0000
v 520.0000 62.1727 1840.0000
v 540.0000 59.6003 1840.0000
v 560.0000 57.2654 1840.0000
v 580.0000 55.3608 1840.0000
v 600.0000 54.5513 1840.0000
v 620.0000 55.7736 1840.0000
v 640.0000 56.8383 1840.0000
v 660.0000 56.3237 1840.0000
v 680.0000 56.8667 1840.0000
v 700.0000 59.4606 1840.0000
v 720.0000 62.2165 1840.0000
v 740.0000 64.0255 1840.0000
v 760.0000 64.2862 1840.0000
v 780.0000 62.5510 1840.0000
v 800.0000 58.6784 1840.0000
v 820.0000 54.8663 1840.0000
v 840.0000 54.2121 1840.0000
v 860.0000 55.1387 1840.0000
v 880.0000 54.8115 1840.0000
v 900.0000 51.9291 1840.0000
v 920.0000 49.6217 1840.0000
v 940.0000 46.4562 1840.0000
v 960.0000 42.8497 1840.0000
v 980.0000 39.1182 1840.0000
v 1000.0000 36.1179 1840.0000
v 0.0000 96.9907 1860.0000
v 20.0000 93.8101 1860.0000
v 40.0000 91.9116 1860.0000
v 60.0000 89.9533 1860.0000
v 80.0000 87.8869 1860.0000
v 100.0000 85.6568 1860.0000
v 120.0000 82.7341 1860.0000
v 140.0000 78.7863 1860.0000
v 160.0000 75.0802 1860.0000
v 180.0000 73.7690 1860.0000
v 200.0000 72.9424 1860.0000
v 220.0000 73.0510 1860.0000
v 240.0000 73.2489 1860.0000
v 260.0000 72.7397 1860.0000
v 280.0000 71.3029 1860.0000
v 300.0000 70.0758 1860.0000
v 320.0000 69.2126 1860.0000
v 340.0000 67.7356 1860.0000
v 360.0000 66.0666 1860.0000
v 380.0000 64.7086 1860.0000
v 400.0000 63.2088 1860.0000
v 420.0000 61.6331 1860.0000
v 440.0000 60.9344 1860.0000
v 460.0000 61.2027 1860.0000
v 480.0000 61.0903 1860.0000
v 500.0000 59.8823 1860.0000
v 520.0000 57.8202 1860.0000
v 540.0000 55.5560 1860.0000
v 560.0000 54.4247 1860.0000
v 580.0000 54.5996 1860.0000
v 600.0000 55.9786 1860.0000
v 620.0000 59.0893 1860.0000
v 640.0000 61.3307 1860.0000
v 660.0000 61.3597 1860.0000
v 680.0000 62.1486 1860.0000
v 700.0000 64.0403 1860.0000
v 720.0000 66.3100 1860.0000
v 740.0000 67.3181 1860.0000
v 760.0000 65.9009 1860.0000
v 780.0000 62.2492 1860.0000
v 800.0000 58.9533 1860.0000
v 820.0000 57.2941 1860.0000
v 840.0000 58.2388 1860.0000
v 860.0000 59.1100 1860.0000
v 880.0000 57.9873 1860.0000
v 900.0000 55.4348 1860.0000
v 920.0000 52.5864 1860.0000
v 940.0000 49.1270 1860.0000
v 960.0000 45.4286 1860.0000
v 980.0000 41.5470 1860.0000
v 1000.0000 38.1902 1860.0000
v 0.0000 90.7798 1880.0000
v 20.0000 88.7071 1880.0000
v 40.0000 87.1153 1880.0000
v 60.0000 85.4508 1880.0000
v 80.0000 83.3561 1880.0000
v 100.0000 81.4945 1880.0000
v 120.0000 79.3694 1880.0000
v 140.0000 77.7045 1880.0000
v 160.0000 76.5300 1880.0000
v 180.0000 74.9263 1880.0000
v 200.0000 72.2586 1880.0000
v 220.0000 71.1001 1880.0000
v 240.0000 69.6895 1880.0000
v 260.0000 68.8720 1880.0000
v 280.0000 67.8274 1880.0000
v 300.0000 66.7530 1880.0000
v 320.0000 65.8934 1880.0000
v 340.0000 63.5433 1880.0000
v 360.0000 62.5140 1880.0000
v 380.0000 61.5516 1880.0000
v 400.0000 61.0789 1880.0000
v 420.0000 59.7702 1880.0000
v 440.0000 58.7874 1880.0000
v 460.0000 57.9904 1880.0000
v 480.0000 57.3708 1880.0000
v 500.0000 57.1232 1880.0000
v 520.0000 56.4368 1880.0000
v 540.0000 56.2749 1880.0000
v 560.0000 56.9088 1880.0000
v 580.0000 58.4944 1880.0000
v 600.0000 60.2435 1880.0000
v 620.0000 62.4954 1880.0000
v 640.0000 64.9766 1880.0000
v 660.0000 66.3133 1880.0000
v 680.0000 66.9700 1880.0000
v 700.0000 68.1254 1880.0000
v 720.0000 69.4465 1880.0000
v 740.0000 68.9984 1880.0000
v 760.0000 66.5270 1880.0000
v 780.0000 62.7985 1880.0000
v 800.0000 60.9691 1880.0000
v 820.0000 60.8916 1880.0000
v 840.0000 61.8418 1880.0000
v 860.0000 62.6562 1880.0000
v 880.0000 61.3452 1880.0000
v 900.0000 57.6450 1880.0000
v 920.0000 54.0892 1880.0000
v 940.0000 50.6648 1880.0000
v 960.0000 47.8930 1880.0000
v 980.0000 44.3709 1880.0000
v 1000.0000 40.6607 1880.0000
v 0.0000 87.0577 1900.0000
v 20.0000 84.4693 1900.0000
v 40.0000 83.0182 1900.0000
v 60.0000 82.0162 1900.0000
v 80.0000 80.3855 1900.0000
v 100.0000 79.2019 1900.0000
v 120.0000 78.8321 1900.0000
v 140.0000 79.7933 1900.0000
v 160.0000 80.5849 1900.0000
v 180.0000 79.3186 1900.0000
v 200.0000 76.3998 1900.0000
v 220.0000 73.4562 1900.0000
v 240.0000 71.8234 1900.0000
v 260.0000 70.1177 1900.0000
v 280.0000 67.9969 1900.0000
v 300.0000 66.6715 1900.0000
v 320.0000 66.8083 1900.0000
v 340.0000 65.6482 1900.0000
v 360.0000 64.8306 1900.0000
v 380.0000 64.1035 1900.0000
v 400.0000 63.5009 1900.0000
v 420.0000 63.0715 1900.0000
v 440.0000 62.6900 1900.0000
v 460.0000 61.4583 1900.0000
v 480.0000 59.9911 1900.0000
v 500.0000 60.0214 1900.0000
v 520.0000 61.0246 1900.0000
v 540.0000 61.8983 1900.0000
v 560.0000 62.9850 1900.0000
v 580.0000 64.5673 1900.0000
v 600.0000 65.6840 1900.0000
v 620.0000 67.2647 1900.0000
v 640.0000 70.0318 1900.0000
v 660.0000 71.9951 1900.0000
v 680.0000 72.1583 1900.0000
v 700.0000 72.1735 1900.0000
v 720.0000 72.5454 1900.0000
v 740.0000 71.1998 1900.0000
v 760.0000 68.0613 1900.0000
v 780.0000 66.2870 1900.0000
v 800.0000 65.7525 1900.0000
v 820.0000 66.2381 1900.0000
v 840.0000 67.1649 1900.0000
v 860.0000 67.2796 1900.0000
v 880.0000 64.1084 1900.0000
v 900.0000 61.0109 1900.0000
v 920.0000 57.1134 1900.0000
v 940.0000 53.8911 1900.0000
v 960.0000 51.1993 1900.0000
v 980.0000 47.4834 1900.0000
v 1000.0000 42.9444 1900.0000
v 0.0000 86.4839 1920.0000
v 20.0000 85.0009 1920.0000
v 40.0000 84.3990 1920.0000
v 60.0000 84.2290 1920.0000
v 80.0000 84.5468 1920.0000
v 100.0000 84.7558 1920.0000
v 120.0000 84.3676 1920.0000
v 140.0000 84.8322 1920.0000
v 160.0000 85.4185 1920.0000
v 180.0000 84.1167 1920.0000
v 200.0000 81.3960 1920.0000
v 220.0000 78.0664 1920.0000
v 240.0000 76.7571 1920.0000
v 260.0000 75.3416 1920.0000
v 280.0000 73.2839 1920.0000
v 300.0000 71.4111 1920.0000
v 320.0000 70.6191 1920.0000
v 340.0000 69.7334 1920.0000
v 360.0000 68.3377 1920.0000
v 380.0000 67.7738 1920.0000
v 400.0000 67.8388 1920.0000
v 420.0000 67.6527 1920.0000
v 440.0000 67.3420 1920.0000
v 460.0000 66.5683 1920.0000
v 480.0000 65.4695 1920.0000
v 500.0000 65.0354 1920.0000
v 520.0000 65.7909 1920.0000
v 540.0000 66.5747 1920.0000
v 560.0000 67.4637 1920.0000
v 580.0000 68.8264 1920.0000
v 600.0000 70.0887 1920.0000
v 620.0000 71.3287 1920.0000
v 640.0000 74.3246 1920.0000
v 660.0000 76.4261 1920.0000
v 680.0000 76.7935 1920.0000
v 700.0000 76.6391 1920.0000
v 720.0000 76.0493 1920.0000
v 740.0000 74.5126 1920.0000
v 760.0000 72.2179 1920.0000
v 780.0000 70.9358 1920.0000
v 800.0000 71.0178 1920.0000
v 820.0000 71.0969 1920.0000
v 840.0000 70.7111 1920.0000
v 860.0000 68.8685 1920.0000
v 880.0000 66.0268 1920.0000
v 900.0000 62.2261 1920.0000
v 920.0000 57.7076 1920.0000
v 940.0000 53.2546 1920.0000
v 960.0000 49.4316 1920.0000
v 980.0000 45.9084 1920.0000
v 1000.0000 42.0195 1920.0000
v 0.0000 89.1456 1940.0000
v 20.0000 89.8348 1940.0000
v 40.0000 89.8734 1940.0000
v 60.0000 89.9420 1940.0000
v 80.0000 90.5400 1940.0000
v 100.0000 90.4801 1940.0000
v 120.0000 89.7922 1940.0000
v 140.0000 89.8907 1940.0000
v 160.0000 89.8315 1940.0000
v 180.0000 87.7852 1940.0000
v 200.0000 84.9517 1940.0000
v 220.0000 82.6865 1940.0000
v 240.0000 81.5699 1940.0000
v 260.0000 80.2867 1940.0000
v 280.0000 78.3571 1940.0000
v 300.0000 76.7741 1940.0000
v 320.0000 75.7061 1940.0000
v 340.0000 73.9964 1940.0000
v 360.0000 72.8983 1940.0000
v 380.0000 72.7275 1940.0000
v 400.0000 73.4363 1940.0000
v 420.0000 73.4622 1940.0000
v 440.0000 72.7615 1940.0000
v 460.0000 71.4992 1940.0000
v 480.0000 70.4415 1940.0000
v 500.0000 70.1586 1940.0000
v 520.0000 70.7209 1940.0000
v 540.0000 71.3416 1940.0000
v 560.0000 71.6286 1940.0000
v 580.0000 72.2869 1940.0000
v 600.0000 73.6041 1940.0000
v 620.0000 75.2527 1940.0000
v 640.0000 77.5245 1940.0000
v 660.0000 79.5188 1940.0000
v 680.0000 80.6308 1940.0000
v 700.0000 80.7861 1940.0000
v 720.0000 80.3873 1940.0000
v 740.0000 79.4240 1940.0000
v 760.0000 78.1264 1940.0000
v 780.0000 77.2407 1940.0000
v 800.0000 75.8851 1940.0000
v 820.0000 73.8384 1940.0000
v 840.0000 71.3064 1940.0000
v 860.0000 68.4972 1940.0000
v 880.0000 65.6308 1940.0000
v 900.0000 62.6400 1940.0000
v 920.0000 59.3002 1940.0000
v 940.0000 54.8447 1940.0000
v 960.0000 50.2380 1940.0000
v 980.0000 45.9267 1940.0000
v 1000.0000 42.3281 1940.0000
v 0.0000 91.3894 1960.0000
v 20.0000 93.8716 1960.0000
v 40.0000 95.0238 1960.0000
v 60.0000 95.2822 1960.0000
v 80.0000 95.5318 1960.0000
v 100.0000 95.3250 1960.0000
v 120.0000 94.8794 1960.0000
v 140.0000 94.7267 1960.0000
v 160.0000 93.6423 1960.0000
v 180.0000 91.1403 1960.0000
v 200.0000 88.9867 1960.0000
v 220.0000 87.6284 1960.0000
v 240.0000 86.7725 1960.0000
v 260.0000 85.3263 1960.0000
v 280.0000 83.5779 1960.0000
v 300.0000 82.0942 1960.0000
v 320.0000 80.4422 1960.0000
v 340.0000 78.2282 1960.0000
v 360.0000 77.5153 1960.0000
v 380.0000 77.8923 1960.0000
v 400.0000 78.2215 1960.0000
v 420.0000 78.2083 1960.0000
v 440.0000 77.9127 1960.0000
v 460.0000 76.7034 1960.0000
v 480.0000 75.4838 1960.0000
v 500.0000 75.0712 1960.0000
v 520.0000 75.5685 1960.0000
v 540.0000 75.9429 1960.0000
v 560.0000 75.8499 1960.0000
v 580.0000 75.9110 1960.0000
v 600.0000 77.2269 1960.0000
v 620.0000 79.0224 1960.0000
v 640.0000 81.2415 1960.0000
v 660.0000 83.1978 1960.0000
v 680.0000 84.5947 1960.0000
v 700.0000 85.1933 1960.0000
v 720.0000 84.8993 1960.0000
v 740.0000 84.1367 1960.0000
v 760.0000 83.1983 1960.0000
v 780.0000 81.5326 1960.0000
v 800.0000 78.3133 1960.0000
v 820.0000 75.1515 1960.0000
v 840.0000 72.0217 1960.0000
v 860.0000 69.4307 1960.0000
v 880.0000 66.6484 1960.0000
v 900.0000 63.6313 1960.0000
v 920.0000 60.7450 1960.0000
v 940.0000 56.9812 1960.0000
v 960.0000 52.6072 1960.0000
v 980.0000 48.1096 1960.0000
v 1000.0000 44.9585 1960.0000
v 0.0000 94.8493 1980.0000
v 20.0000 97.9210 1980.0000
v 40.0000 99.7846 1980.0000
v 60.0000 100.1218 1980.0000
v 80.0000 99.9891 1980.0000
v 100.0000 99.2445 1980.0000
v 120.0000 98.4825 1980.0000
v 140.0000 98.1878 1980.0000
v 160.0000 96.6689 1980.0000
v 180.0000 94.4740 1980.0000
v 200.0000 93.3083 1980.0000
v 220.0000 92.6621 1980.0000
v 240.0000 91.5448 1980.0000
v 260.0000 90.0474 1980.0000
v 280.0000 88.0477 1980.0000
v 300.0000 86.2175 1980.0000
v 320.0000 84.1573 1980.0000
v 340.0000 82.2679 1980.0000
v 360.0000 81.8353 1980.0000
v 380.0000 81.8226 1980.0000
v 400.0000 81.6625 1980.0000
v 420.0000 81.8703 1980.0000
v 440.0000 81.5788 1980.0000
v 460.0000 80.5309 1980.0000
v 480.0000 79.3850 1980.0000
v 500.0000 79.1972 1980.0000
v 520.0000 79.7712 1980.0000
v 540.0000 80.3768 1980.0000
v 560.0000 80.3691 1980.0000
v 580.0000 80.0067 1980.0000
v 600.0000 80.8681 1980.0000
v 620.0000 83.2670 1980.0000
v 640.0000 85.3213 1980.0000
v 660.0000 87.0067 1980.0000
v 680.0000 88.6050 1980.0000
v 700.0000 89.3009 1980.0000
v 720.0000 89.0217 1980.0000
v 740.0000 88.3008 1980.0000
v 760.0000 86.8161 1980.0000
v 780.0000 83.9436 1980.0000
v 800.0000 79.6684 1980.0000
v 820.0000 75.9892 1980.0000
v 840.0000 72.7505 1980.0000
v 860.0000 70.3618 1980.0000
v 880.0000 67.3029 1980.0000
v 900.0000 64.3070 1980.0000
v 920.0000 60.8132 1980.0000
v 940.0000 57.6278 1980.0000
v 960.0000 54.6193 1980.0000
v 980.0000 51.6336 1980.0000
v 1000.0000 48.6482 1980.0000
v 0.0000 99.6876 2000.0000
v 20.0000 102.7021 2000.0000
v 40.0000 104.1422 2000.0000
v 60.0000 104.4218 2000.0000
v 80.0000 103.8121 2000.0000
v 100.0000 101.8769 2000.0000
v 120.0000 101.2204 2000.0000
v 140.0000 100.7172 2000.0000
v 160.0000 99.7651 2000.0000
v 180.0000 98.4497 2000.0000
v 200.0000 97.5775 2000.0000
v 220.0000 96.6800 2000.0000
v 240.0000 95.0855 2000.0000
v 260.0000 93.3066 2000.0000
v 280.0000 90.9199 2000.0000
v 300.0000 88.4773 2000.0000
v 320.0000 87.6561 2000.0000
v 340.0000 87.0489 2000.0000
v 360.0000 86.0069 2000.0000
v 380.0000 85.0114 2000.0000
v 400.0000 84.6358 2000.0000
v 420.0000 84.7618 2000.0000
v 440.0000 84.9338 2000.0000
v 460.0000 84.1173 2000.0000
v 480.0000 82.5145 2000.0000
v 500.0000 81.9409 2000.0000
v 520.0000 82.8149 2000.0000
v 540.0000 84.3772 2000.0000
v 560.0000 84.5161 2000.0000
v 580.0000 83.5541 2000.0000
v 600.0000 84.2916 2000.0000
v 620.0000 87.2915 2000.0000
v 640.0000 89.5294 2000.0000
v 660.0000 91.3019 2000.0000
v 680.0000 92.4307 2000.0000
v 700.0000 92.4037 2000.0000
v 720.0000 91.7112 2000.0000
v 740.0000 90.4444 2000.0000
v 760.0000 87.7174 2000.0000
v 780.0000 83.8099 2000.0000
v 800.0000 79.7754 2000.0000
v 820.0000 75.8406 2000.0000
v 840.0000 72.7893 2000.0000
v 860.0000 70.2727 2000.0000
v 880.0000 67.4280 2000.0000
v 900.0000 64.3074 2000.0000
v 920.0000 60.8276 2000.0000
v 940.0000 57.8916 2000.0000
v 960.0000 55.6708 2000.0000
v 980.0000 52.0833 2000.0000
v 1000.0000 48.2592 2000.0000
v 0.0000 -60.0000 0.0000
v 20.0000 -60.0000 0.0000
v 40.0000 -60.0000 0.0000
v 60.0000 -60.0000 0.0000
v 80.0000 -60.0000 0.0000
v 100.0000 -60.0000 0.0000
v 120.0000 -60.0000 0.0000
v 140.0000 -60.0000 0.0000
v 160.0000 -60.0000 0.0000
v 180.0000 -60.0000 0.0000
v 200.0000 -60.0000 0.0000
v 220.0000 -60.0000 0.0000
v 240.0000 -60.0000 0.0000
v 260.0000 -60.0000 0.0000
v 280.0000 -60.0000 0.0000
v 300.0000 -60.0000 0.0000
v 320.0000 -60.0000 0.0000
v 340.0000 -60.0000 0.0000
v 360.0000 -60.0000 0.0000
v 380.0000 -60.0000 0.0000
v 400.0000 -60.0000 0.0000
v 420.0000 -60.0000 0.0000
v 440.0000 -60.0000 0.0000
v 460.0000 -60.0000 0.0000
v 480.0000 -60.0000 0.0000
v 500.0000 -60.0000 0.0000
v 520.0000 -60.0000 0.0000
v 540.0000 -60.0000 0.0000
v 560.0000 -60.0000 0.0000
v 580.0000 -60.0000 0.0000
v 600.0000 -60.0000 0.0000
v 620.0000 -60.0000 0.0000
v 640.0000 -60.0000 0.0000
v 660.0000 -60.0000 0.0000
v 680.0000 -60.0000 0.0000
v 700.0000 -60.0000 0.0000
v 720.0000 -60.0000 0.0000
v 740.0000 -60.0000 0.0000
v 760.0000 -60.0000 0.0000
v 780.0000 -60.0000 0.0000
v 800.0000 -60.0000 0.0000
v 820.0000 -60.0000 0.0000
v 840.0000 -60.0000 0.0000
v 860.0000 -60.0000 0.0000
v 880.0000 -60.0000 0.0000
v 900.0000 -60.0000 0.0000
v 920.0000 -60.0000 0.0000
v 940.0000 -60.0000 0.0000
v 960.0000 -60.0000 0.0000
v 980.0000 -60.0000 0.0000
v 1000.0000 -60.0000 0.0000
v 0.0000 -60.0000 20.0000
v 20.0000 -60.0000 20.0000
v 40.0000 -60.0000 20.0000
v 60.0000 -60.0000 20.0000
v 80.0000 -60.0000 20.0000
v 100.0000 -60.0000 20.0000
v 120.0000 -60.0000 20.0000
v 140.0000 -60.0000 20.0000
v 160.0000 -60.0000 20.0000
v 180.0000 -60.0000 20.0000
v 200.0000 -60.0000 20.0000
v 220.0000 -60.0000 20.0000
v 240.0000 -60.0000 20.0000
v 260.0000 -60.0000 20.0000
v 280.0000 -60.0000 20.0000
v 300.0000 -60.0000 20.0000
v 320.0000 -60.0000 20.0000
v 340.0000 -60.0000 20.0000
v 360.0000 -60.0000 20.0000
v 380.0000 -60.0000 20.0000
v 400.0000 -60.0000 20.0000
v 420.0000 -60.0000 20.0000
v 440.0000 -60.0000 20.0000
v 460.0000 -60.0000 20.0000
v 480.0000 -60.0000 20.0000
v 500.0000 -60.0000 20.0000
v 520.0000 -60.0000 20.0000
v 540.0000 -60.0000 20.0000
v 560.0000 -60.0000 20.0000
v 580.0000 -60.0000 20.0000
v 600.0000 -60.0000 20.0000
v 620.0000 -60.0000 20.0000
v 640.0000 -60.0000 20.0000
v 660.0000 -60.0000 20.0000
v 680.0000 -60.0000 20.0000
v 700.0000 -60.0000 20.0000
v 720.0000 -60.0000 20.0000
v 740.0000 -60.0000 20.0000
v 760.0000 -60.0000 20.0000
v 780.0000 -60.0000 20.0000
v 800.0000 -60.0000 20.0000
v 820.0000 -60.0000 20.0000
v 840.0000 -60.0000 20.0000
v 860.0000 -60.0000 20.0000
v 880.0000 -60.0000 20.0000
v 900.0000 -60.0000 20.0000
v 920.0000 -60.0000 20.0000
v 940.0000 -60.0000 20.0000
v 960.0000 -60.0000 20.0000
v 980.0000 -60.0000 20.0000
v 1000.0000 -60.0000 20.0000
v 0.0000 -60.0000 40.0000
v 20.0000 -60.0000 40.0000
v 40.0000 -60.0000 40.0000
v 60.0000 -60.0000 40.0000
v 80.0000 -60.0000 40.0000
v 100.0000 -60.0000 40.0000
v 120.0000 -60.0000 40.0000
v 140.0000 -60.0000 40.0000
v 160.0000 -60.0000 40.0000
v 180.0000 -60.0000 40.0000
v 200.0000 -60.0000 40.0000
v 220.0000 -60.0000 40.0000
v 240.0000 -60.0000 40.0000
v 260.0000 -60.0000 40.0000
v 280.0000 -60.0000 40.0000
v 300.0000 -60.0000 40.0000
v 320.0000 -60.0000 40.0000
v 340.0000 -60.0000 40.0000
v 360.0000 -60.0000 40.0000
v 380.0000 -60.0000 40.0000
v 400.0000 -60.0000 40.0000
v 420.0000 -60.0000 40.0000
v 440.0000 -60.0000 40.0000
v 460.0000 -60.0000 40.0000
v 480.0000 -60.0000 40.0000
v 500.0000 -60.0000 40.0000
v 520.0000 -60.0000 40.0000
v 540.0000 -60.0000 40.0000
v 560.0000 -60.0000 40.0000
v 580.0000 -60.0000 40.0000
v 600.0000 -60.0000 40.0000
v 620.0000 -60.0000 40.0000
v 640.0000 -60.0000 40.0000
v 660.0000 -60.0000 40.0000
v 680.0000 -60.0000 40.0000
v 700.0000 -60.0000 40.0000
v 720.0000 -60.0000 40.0000
v 740.0000 -60.0000 40.0000
v 760.0000 -60.0000 40.0000
v 780.0000 -60.0000 40.0000
v 800.0000 -60.0000 40.0000
v 820.0000 -60.0000 40.0000
v 840.0000 -60.0000 40.0000
v 860.0000 -60.0000 40.0000
v 880.0000 -60.0000 40.0000
v 900.0000 -60.0000 40.0000
v 920.0000 -60.0000 40.0000
v 940.0000 -60.0000 40.0000
v 960.0000 -60.0000 40.0000
v 980.0000 -60.0000 40.0000
v 1000.0000 -60.0000 40.0000
v 0.0000 -60.0000 60.0000
v 20.0000 -60.0000 60.0000
v 40.0000 -60.0000 60.0000
v 60.0000 -60.0000 60.0000
v 80.0000 -60.0000 60.0000
v 100.0000 -60.0000 60.0000
v 120.0000 -60.0000 60.0000
v 140.0000 -60.0000 60.0000
v 160.0000 -60.0000 60.0000
v 180.0000 -60.0000 60.0000
v 200.0000 -60.0000 60.0000
v 220.0000 -60.0000 60.0000
v 240.0000 -60.0000 60.0000
v 260.0000 -60.0000 60.0000
v 280.0000 -60.0000 60.0000
v 300.0000 -60.0000 60.0000
v 320.0000 -60.0000 60.0000
v 340.0000 -60.0000 60.0000
v 360.0000 -60.0000 60.0000
v 380.0000 -60.0000 60.0000
v 400.0000 -60.0000 60.0000
v 420.0000 -60.0000 60.0000
v 440.0000 -60.0000 60.0000
v 460.0000 -60.0000 60.0000
v 480.0000 -60.0000 60.0000
v 500.0000 -60.0000 60.0000
v 520.0000 -60.0000 60.0000
v 540.0000 -60.0000 60.0000
v 560.0000 -60.0000 60.0000
v 580.0000 -60.0000 60.0000
v 600.0000 -60.0000 60.0000
v 620.0000 -60.0000 60.0000
v 640.0000 -60.0000 60.0000
v 660.0000 -60.0000 60.0000
v 680.0000 -60.0000 60.0000
v 700.0000 -60.0000 60.0000
v 720.0000 -60.0000 60.0000
v 740.0000 -60.0000 60.0000
v 760.0000 -60.0000 60.0000
v 780.0000 -60.0000 60.0000
v 800.0000 -60.0000 60.0000
v 820.0000 -60.0000 60.0000
v 840.0000 -60.0000 60.0000
v 860.0000 -60.0000 60.0000
v 880.0000 -60.0000 60.0000
v 900.0000 -60.0000 60.0000
v 920.0000 -60.0000 60.0000
v 940.0000 -60.0000 60.0000
v 960.0000 -60.0000 60.0000
v 980.0000 -60.0000 60.0000
v 1000.0000 -60.0000 60.0000
v 0.0000 -60.0000 80.0000
v 20.0000 -60.0000 80.0000
v 40.0000 -60.0000 80.0000
v 60.0000 -60.0000 80.0000
v 80.0000 -60.0000 80.0000
v 100.0000 -60.0000 80.0000
v 120.0000 -60.0000 80.0000
v 140.0000 -60.0000 80.0000
v 160.0000 -60.0000 80.0000
v 180.0000 -60.0000 80.0000
v 200.0000 -60.0000 80.0000
v 220.0000 -60.0000 80.0000
v 240.0000 -60.0000 80.0000
v 260.0000 -60.0000 80.0000
v 280.0000 -60.0000 80.0000
v 300.0000 -60.0000 80.0000
v 320.0000 -60.0000 80.0000
v 340.0000 -60.0000 80.0000
v 360.0000 -60.0000 80.0000
v 380.0000 -60.0000 80.0000
v 400.0000 -60.0000 80.0000
v 420.0000 -60.0000 80.0000
v 440.0000 -60.0000 80.0000
v 460.0000 -60.0000 80.0000
v 480.0000 -60.0000 80.0000
v 500.0000 -60.0000 80.0000
v 520.0000 -60.0000 80.0000
v 540.0000 -60.0000 80.0000
v 560.0000 -60.0000 80.0000
v 580.0000 -60.0000 80.0000
v 600.0000 -60.0000 80.0000
v 620.0000 -60.0000 80.0000
v 640.0000 -60.0000 80.0000
v 660.0000 -60.0000 80.0000
v 680.0000 -60.0000 80.0000
v 700.0000 -60.0000 80.0000
v 720.0000 -60.0000 80.0000
v 740.0000 -60.0000 80.0000
v 760.0000 -60.0000 80.0000
v 780.0000 -60.0000 80.0000
v 800.0000 -60.0000 80.0000
v 820.0000 -60.0000 80.0000
v 840.0000 -60.0000 80.0000
v 860.0000 -60.0000 80.0000
v 880.0000 -60.0000 80.0000
v 900.0000 -60.0000 80.0000
v 920.0000 -60.0000 80.0000
v 940.0000 -60.0000 80.0000
v 960.0000 -60.0000 80.0000
v 980.0000 -60.0000 80.0000
v 1000.0000 -60.0000 80.0000
v 0.0000 -60.0000 100.0000
v 20.0000 -60.0000 100.0000
v 40.0000 -60.0000 100.0000
v 60.0000 -60.0000 100.0000
v 80.0000 -60.0000 100.0000
v 100.0000 -60.0000 100.0000
v 120.0000 -60.0000 100.0000
v 140.0000 -60.0000 100.0000
v 160.0000 -60.0000 100.0000
v 180.0000 -60.0000 100.0000
v 200.0000 -60.0000 100.0000
v 220.0000 -60.0000 100.0000
v 240.0000 -60.0000 100.0000
v 260.0000 -60.0000 100.0000
v 280.0000 -60.0000 100.0000
v 300.0000 -60.0000 100.0000
v 320.0000 -60.0000 100.0000
v 340.0000 -60.0000 100.0000
v 360.0000 -60.0000 100.0000
v 380.0000 -60.0000 100.0000
v 400.0000 -60.0000 100.0000
v 420.0000 -60.0000 100.0000
v 440.0000 -60.0000 100.0000
v 460.0000 -60.0000 100.0000
v 480.0000 -60.0000 100.0000
v 500.0000 -60.0000 100.0000
v 520.0000 -60.0000 100.0000
v 540.0000 -60.0000 100.0000
v 560.0000 -60.0000 100.0000
v 580.0000 -60.0000 100.0000
v 600.0000 -60.0000 100.0000
v 620.0000 -60.0000 100.0000
v 640.0000 -60.0000 100.0000
v 660.0000 -60.0000 100.0000
v 680.0000 -60.0000 100.0000
v 700.0000 -60.0000 100.0000
v 720.0000 -60.0000 100.0000
v 740.0000 -60.0000 100.0000
v 760.0000 -60.0000 100.0000
v 780.0000 -60.0000 100.0000
v 800.0000 -60.0000 100.0000
v 820.0000 -60.0000 100.0000
v 840.0000 -60.0000 100.0000
v 860.0000 -60.0000 100.0000
v 880.0000 -60.0000 100.0000
v 900.0000 -60.0000 100.0000
v 920.0000 -60.0000 100.0000
v 940.0000 -60.0000 100.0000
v 960.0000 -60.0000 100.0000
v 980.0000 -60.0000 100.0000
v 1000.0000 -60.0000 100.0000
v 0.0000 -60.0000 120.0000
v 20.0000 -60.0000 120.0000
v 40.0000 -60.0000 120.0000
v 60.0000 -60.0000 120.0000
v 80.0000 -60.0000 120.0000
v 100.0000 -60.0000 120.0000
v 120.0000 -60.0000 120.0000
v 140.0000 -60.0000 120.0000
v 160.0000 -60.0000 120.0000
v 180.0000 -60.0000 120.0000
v 200.0000 -60.0000 120.0000
v 220.0000 -60.0000 120.0000
v 240.0000 -60.0000 120.0000
v 260.0000 -60.0000 120.0000
v 280.0000 -60.0000 120.0000
v 300.0000 -60.0000 120.0000
v 320.0000 -60.0000 120.0000
v 340.0000 -60.0000 120.0000
v 360.0000 -60.0000 120.0000
v 380.0000 -60.0000 120.0000
v 400.0000 -60.0000 120.0000
v 420.0000 -60.0000 120.0000
v 440.0000 -60.0000 120.0000
v 460.0000 -60.0000 120.0000
v 480.0000 -60.0000 120.0000
v 500.0000 -60.0000 120.0000
v 520.0000 -60.0000 120.0000
v 540.0000 -60.0000 120.0000
v 560.0000 -60.0000 120.0000
v 580.0000 -60.0000 120.0000
v 600.0000 -60.0000 120.0000
v 620.0000 -60.0000 120.0000
v 640.0000 -60.0000 120.0000
v 660.0000 -60.0000 120.0000
v 680.0000 -60.0000 120.0000
v 700.0000 -60.0000 120.0000
v 720.0000 -60.0000 120.0000
v 740.0000 -60.0000 120.0000
v 760.0000 -60.0000 120.0000
v 780.0000 -60.0000 120.0000
v 800.0000 -60.0000 120.0000
v 820.0000 -60.0000 120.0000
v 840.0000 -60.0000 120.0000
v 860.0000 -60.0000 120.0000
v 880.0000 -60.0000 120.0000
v 900.0000 -60.0000 120.0000
v 920.0000 -60.0000 120.0000
v 940.0000 -60.0000 120.0000
v 960.0000 -60.0000 120.0000
v 980.0000 -60.0000 120.0000
v 1000.0000 -60.0000 120.0000
v 0.0000 -60.0000 140.0000
v 20.0000 -60.0000 140.0000
v 40.0000 -60.0000 140.0000
v 60.0000 -60.0000 140.0000
v 80.0000 -60.0000 140.0000
v 100.0000 -60.0000 140.0000
v 120.0000 -60.0000 140.0000
v 140.0000 -60.0000 140.0000
v 160.0000 -60.0000 140.0000
v 180.0000 -60.0000 140.0000
v 200.0000 -60.0000 140.0000
v 220.0000 -60.0000 140.0000
v 240.0000 -60.0000 140.0000
v 260.0000 -60.0000 140.0000
v 280.0000 -60.0000 140.0000
v 300.0000 -60.0000 140.0000
v 320.0000 -60.0000 140.0000
v 340.0000 -60.0000 140.0000
v 360.0000 -60.0000 140.0000
v 380.0000 -60.0000 140.0000
v 400.0000 -60.0000 140.0000
v 420.0000 -60.0000 140.0000
v 440.0000 -60.0000 140.0000
v 460.0000 -60.0000 140.0000
v 480.0000 -60.0000 140.0000
v 500.0000 -60.0000 140.0000
v 520.0000 -60.0000 140.0000
v 540.0000 -60.0000 140.0000
v 560.0000 -60.0000 140.0000
v 580.0000 -60.0000 140.0000
v 600.0000 -60.0000 140.0000
v 620.0000 -60.0000 140.0000
v 640.0000 -60.0000 140.0000
v 660.0000 -60.0000 140.0000
v 680.0000 -60.0000 140.0000
v 700.0000 -60.0000 140.0000
v 720.0000 -60.0000 140.0000
v 740.0000 -60.0000 140.0000
v 760.0000 -60.0000 140.0000
v 780.0000 -60.0000 140.0000
v 800.0000 -60.0000 140.0000
v 820.0000 -60.0000 140.0000
v 840.0000 -60.0000 140.0000
v 860.0000 -60.0000 140.0000
v 880.0000 -60.0000 140.0000
v 900.0000 -60.0000 140.0000
v 920.0000 -60.0000 140.0000
v 940.0000 -60.0000 140.0000
v 960.0000 -60.0000 140.0000
v 980.0000 -60.0000 140.0000
v 1000.0000 -60.0000 140.0000
v 0.0000 -60.0000 160.0000
v 20.0000 -60.0000 160.0000
v 40.0000 -60.0000 160.0000
v 60.0000 -60.0000 160.0000
v 80.0000 -60.0000 160.0000
v 100.0000 -60.0000 160.0000
v 120.0000 -60.0000 160.0000
v 140.0000 -60.0000 160.0000
v 160.0000 -60.0000 160.0000
v 180.0000 -60.0000 160.0000
v 200.0000 -60.0000 160.0000
v 220.0000 -60.0000 160.0000
v 240.0000 -60.0000 160.0000
v 260.0000 -60.0000 160.0000
v 280.0000 -60.0000 160.0000
v 300.0000 -60.0000 160.0000
v 320.0000 -60.0000 160.0000
v 340.0000 -60.0000 160.0000
v 360.0000 -60.0000 160.0000
v 380.0000 -60.0000 160.0000
v 400.0000 -60.0000 160.0000
v 420.0000 -60.0000 160.0000
v 440.0000 -60.0000 160.0000
v 460.0000 -60.0000 160.0000
v 480.0000 -60.0000 160.0000
v 500.0000 -60.0000 160.0000
v 520.0000 -60.0000 160.0000
v 540.0000 -60.0000 160.0000
v 560.0000 -60.0000 160.0000
v 580.0000 -60.0000 160.0000
v 600.0000 -60.0000 160.0000
v 620.0000 -60.0000 160.0000
v 640.0000 -60.0000 160.0000
v 660.0000 -60.0000 160.0000
v 680.0000 -60.0000 160.0000
v 700.0000 -60.0000 160.0000
v 720.0000 -60.0000 160.0000
v 740.0000 -60.0000 160.0000
v 760.0000 -60.0000 160.0000
v 780.0000 -60.0000 160.0000
v 800.0000 -60.0000 160.0000
v 820.0000 -60.0000 160.0000
v 840.0000 -60.0000 160.0000
v 860.0000 -60.0000 160.0000
v 880.0000 -60.0000 160.0000
v 900.0000 -60.0000 160.0000
v 920.0000 -60.0000 160.0000
v 940.0000 -60.0000 160.0000
v 960.0000 -60.0000 160.0000
v 980.0000 -60.0000 160.0000
v 1000.0000 -60.0000 160.0000
v 0.0000 -60.0000 180.0000
v 20.0000 -60.0000 180.0000
v 40.0000 -60.0000 180.0000
v 60.0000 -60.0000 180.0000
v 80.0000 -60.0000 180.0000
v 100.0000 -60.0000 180.0000
v 120.0000 -60.0000 180.0000
v 140.0000 -60.0000 180.0000
v 160.0000 -60.0000 180.0000
v 180.0000 -60.0000 180.0000
v 200.0000 -60.0000 180.0000
v 220.0000 -60.0000 180.0000
v 240.0000 -60.0000 180.0000
v 260.0000 -60.0000 180.0000
v 280.0000 -60.0000 180.0000
v 300.0000 -60.0000 180.0000
v 320.0000 -60.0000 180.0000
v 340.0000 -60.0000 180.0000
v 360.0000 -60.0000 180.0000
v 380.0000 -60.0000 180.0000
v 400.0000 -60.0000 180.0000
v 420.0000 -60.0000 180.0000
v 440.0000 -60.0000 180.0000
v 460.0000 -60.0000 180.0000
v 480.0000 -60.0000 180.0000
v 500.0000 -60.0000 180.0000
v 520.0000 -60.0000 180.0000
v 540.0000 -60.0000 180.0000
v 560.0000 -60.0000 180.0000
v 580.0000 -60.0000 180.0000
v 600.0000 -60.0000 180.0000
v 620.0000 -60.0000 180.0000
v 640.0000 -60.0000 180.0000
v 660.0000 -60.0000 180.0000
v 680.0000 -60.0000 180.0000
v 700.0000 -60.0000 180.0000
v 720.0000 -60.0000 180.0000
v 740.0000 -60.0000 180.0000
v 760.0000 -60.0000 180.0000
v 780.0000 -60.0000 180.0000
v 800.0000 -60.0000 180.0000
v 820.0000 -60.0000 180.0000
v 840.0000 -60.0000 180.0000
v 860.0000 -60.0000 180.0000
v 880.0000 -60.0000 180.0000
v 900.0000 -60.0000 180.0000
v 920.0000 -60.0000 180.0000
v 940.0000 -60.0000 180.0000
v 960.0000 -60.0000 180.0000
v 980.0000 -60.0000 180.0000
v 1000.0000 -60.0000 180.0000
v 0.0000 -60.0000 200.0000
v 20.0000 -60.0000 200.0000
v 40.0000 -60.0000 200.0000
v 60.0000 -60.0000 200.0000
v 80.0000 -60.0000 200.0000
v 100.0000 -60.0000 200.0000
v 120.0000 -60.0000 200.0000
v 140.0000 -60.0000 200.0000
v 160.0000 -60.0000 200.0000
v 180.0000 -60.0000 200.0000
v 200.0000 -60.0000 200.0000
v 220.0000 -60.0000 200.0000
v 240.0000 -60.0000 200.0000
v 260.0000 -60.0000 200.0000
v 280.0000 -60.0000 200.0000
v 300.0000 -60.0000 200.0000
v 320.0000 -60.0000 200.0000
v 340.0000 -60.0000 200.0000
v 360.0000 -60.0000 200.0000
v 380.0000 -60.0000 200.0000
v 400.0000 -60.0000 200.0000
v 420.0000 -60.0000 200.0000
v 440.0000 -60.0000 200.0000
v 460.0000 -60.0000 200.0000
v 480.0000 -60.0000 200.0000
v 500.0000 -60.0000 200.0000
v 520.0000 -60.0000 200.0000
v 540.0000 -60.0000 200.0000
v 560.0000 -60.0000 200.0000
v 580.0000 -60.0000 200.0000
v 600.0000 -60.0000 200.0000
v 620.0000 -60.0000 200.0000
v 640.0000 -60.0000 200.0000
v 660.0000 -60.0000 200.0000
v 680.0000 -60.0000 200.0000
v 700.0000 -60.0000 200.0000
v 720.0000 -60.0000 200.0000
v 740.0000 -60.0000 200.0000
v 760.0000 -60.0000 200.0000
v 780.0000 -60.0000 200.0000
v 800.0000 -60.0000 200.0000
v 820.0000 -60.0000 200.0000
v 840.0000 -60.0000 200.0000
v 860.0000 -60.0000 200.0000
v 880.0000 -60.0000 200.0000
v 900.0000 -60.0000 200.0000
v 920.0000 -60.0000 200.0000
v 940.0000 -60.0000 200.0000
v 960.0000 -60.0000 200.0000
v 980.0000 -60.0000 200.0000
v 1000.0000 -60.0000 200.0000
v 0.0000 -60.0000 220.0000
v 20.0000 -60.0000 220.0000
v 40.0000 -60.0000 220.0000
v 60.0000 -60.0000 220.0000
v 80.0000 -60.0000 220.0000
v 100.0000 -60.0000 220.0000
v 120.0000 -60.0000 220.0000
v 140.0000 -60.0000 220.0000
v 160.0000 -60.0000 220.0000
v 180.0000 -60.0000 220.0000
v 200.0000 -60.0000 220.0000
v 220.0000 -60.0000 220.0000
v 240.0000 -60.0000 220.0000
v 260.0000 -60.0000 220.0000
v 280.0000 -60.0000 220.0000
v 300.0000 -60.0000 220.0000
v 320.0000 -60.0000 220.0000
v 340.0000 -60.0000 220.0000
v 360.0000 -60.0000 220.0000
v 380.0000 -60.0000 220.0000
v 400.0000 -60.0000 220.0000
v 420.0000 -60.0000 220.0000
v 440.0000 -60.0000 220.0000
v 460.0000 -60.0000 220.0000
v 480.0000 -60.0000 220.0000
v 500.0000 -60.0000 220.0000
v 520.0000 -60.0000 220.0000
v 540.0000 -60.0000 220.0000
v 560.0000 -60.0000 220.0000
v 580.0000 -60.0000 220.0000
v 600.0000 -60.0000 220.0000
v 620.0000 -60.0000 220.0000
v 640.0000 -60.0000 220.0000
v 660.0000 -60.0000 220.0000
v 680.0000 -60.0000 220.0000
v 700.0000 -60.0000 220.0000
v 720.0000 -60.0000 220.0000
v 740.0000 -60.0000 220.0000
v 760.0000 -60.0000 220.0000
v 780.0000 -60.0000 220.0000
v 800.0000 -60.0000 220.0000
v 820.0000 -60.0000 220.0000
v 840.0000 -60.0000 220.0000
v 860.0000 -60.0000 220.0000
v 880.0000 -60.0000 220.0000
v 900.0000 -60.0000 220.0000
v 920.0000 -60.0000 220.0000
v 940.0000 -60.0000 220.0000
v 960.0000 -60.0000 220.0000
v 980.0000 -60.0000 220.0000
v 1000.0000 -60.0000 220.0000
v 0.0000 -60.0000 240.0000
v 20.0000 -60.0000 240.0000
v 40.0000 -60.0000 240.0000
v 60.0000 -60.0000 240.0000
v 80.0000 -60.0000 240.0000
v 100.0000 -60.0000 240.0000
v 120.0000 -60.0000 240.0000
v 140.0000 -60.0000 240.0000
v 160.0000 -60.0000 240.0000
v 180.0000 -60.0000 240.0000
v 200.0000 -60.0000 240.0000
v 220.0000 -60.0000 240.0000
v 240.0000 -60.0000 240.0000
v 260.0000 -60.0000 240.0000
v 280.0000 -60.0000 240.0000
v 300.0000 -60.0000 240.0000
v 320.0000 -60.0000 240.0000
v 340.0000 -60.0000 240.0000
v 360.0000 -60.0000 240.0000
v 380.0000 -60.0000 240.0000
v 400.0000 -60.0000 240.0000
v 420.0000 -60.0000 240.0000
v 440.0000 -60.0000 240.0000
v 460.0000 -60.0000 240.0000
v 480.0000 -60.0000 240.0000
v 500.0000 -60.0000 240.0000
v 520.0000 -60.0000 240.0000
v 540.0000 -60.0000 240.0000
v 560.0000 -60.0000 240.0000
v 580.0000 -60.0000 240.0000
v 600.0000 -60.0000 240.0000
v 620.0000 -60.0000 240.0000
v 640.0000 -60.0000 240.0000
v 660.0000 -60.0000 240.0000
v 680.0000 -60.0000 240.0000
v 700.0000 -60.0000 240.0000
v 720.0000 -60.0000 240.0000
v 740.0000 -60.0000 240.0000
v 760.0000 -60.0000 240.0000
v 780.0000 -60.0000 240.0000
v 800.0000 -60.0000 240.0000
v 820.0000 -60.0000 240.0000
v 840.0000 -60.0000 240.0000
v 860.0000 -60.0000 240.0000
v 880.0000 -60.0000 240.0000
v 900.0000 -60.0000 240.0000
v 920.0000 -60.0000 240.0000
v 940.0000 -60.0000 240.0000
v 960.0000 -60.0000 240.0000
v 980.0000 -60.0000 240.0000
v 1000.0000 -60.0000 240.0000
v 0.0000 -60.0000 260.0000
v 20.0000 -60.0000 260.0000
v 40.0000 -60.0000 260.0000
v 60.0000 -60.0000 260.0000
v 80.0000 -60.0000 260.0000
v 100.0000 -60.0000 260.0000
v 120.0000 -60.0000 260.0000
v 140.0000 -60.0000 260.0000
v 160.0000 -60.0000 260.0000
v 180.0000 -60.0000 260.0000
v 200.0000 -60.0000 260.0000
v 220.0000 -60.0000 260.0000
v 240.0000 -60.0000 260.0000
v 260.0000 -60.0000 260.0000
v 280.0000 -60.0000 260.0000
v 300.0000 -60.0000 260.0000
v 320.0000 -60.0000 260.0000
v 340.0000 -60.0000 260.0000
v 360.0000 -60.0000 260.0000
v 380.0000 -60.0000 260.0000
v 400.0000 -60.0000 260.0000
v 420.0000 -60.0000 260.0000
v 440.0000 -60.0000 260.0000
v 460.0000 -60.0000 260.0000
v 480.0000 -60.0000 260.0000
v 500.0000 -60.0000 260.0000
v 520.0000 -60.0000 260.0000
v 540.0000 -60.0000 260.0000
v 560.0000 -60.0000 260.0000
v 580.0000 -60.0000 260.0000
v 600.0000 -60.0000 260.0000
v 620.0000 -60.0000 260.0000
v 640.0000 -60.0000 260.0000
v 660.0000 -60.0000 260.0000
v 680.0000 -60.0000 260.0000
v 700.0000 -60.0000 260.0000
v 720.0000 -60.0000 260.0000
v 740.0000 -60.0000 260.0000
v 760.0000 -60.0000 260.0000
v 780.0000 -60.0000 260.0000
v 800.0000 -60.0000 260.0000
v 820.0000 -60.0000 260.0000
v 840.0000 -60.0000 260.0000
v 860.0000 -60.0000 260.0000
v 880.0000 -60.0000 260.0000
v 900.0000 -60.0000 260.0000
v 920.0000 -60.0000 260.0000
v 940.0000 -60.0000 260.0000
v 960.0000 -60.0000 260.0000
v 980.0000 -60.0000 260.0000
v 1000.0000 -60.0000 260.0000
v 0.0000 -60.0000 280.0000
v 20.0000 -60.0000 280.0000
v 40.0000 -60.0000 280.0000
v 60.0000 -60.0000 280.0000
v 80.0000 -60.0000 280.0000
v 100.0000 -60.0000 280.0000
v 120.0000 -60.0000 280.0000
v 140.0000 -60.0000 280.0000
v 160.0000 -60.0000 280.0000
v 180.0000 -60.0000 280.0000
v 200.0000 -60.0000 280.0000
v 220.0000 -60.0000 280.0000
v 240.0000 -60.0000 280.0000
v 260.0000 -60.0000 280.0000
v 280.0000 -60.0000 280.0000
v 300.0000 -60.0000 280.0000
v 320.0000 -60.0000 280.0000
v 340.0000 -60.0000 280.0000
v 360.0000 -60.0000 280.0000
v 380.0000 -60.0000 280.0000
v 400.0000 -60.0000 280.0000
v 420.0000 -60.0000 280.0000
v 440.0000 -60.0000 280.0000
v 460.0000 -60.0000 280.0000
v 480.0000 -60.0000 280.0000
v 500.0000 -60.0000 280.0000
v 520.0000 -60.0000 280.0000
v 540.0000 -60.0000 280.0000
v 560.0000 -60.0000 280.0000
v 580.0000 -60.0000 280.0000
v 600.0000 -60.0000 280.0000
v 620.0000 -60.0000 280.0000
v 640.0000 -60.0000 280.0000
v 660.0000 -60.0000 280.0000
v 680.0000 -60.0000 280.0000
v 700.0000 -60.0000 280.0000
v 720.0000 -60.0000 280.0000
v 740.0000 -60.0000 280.0000
v 760.0000 -60.0000 280.0000
v 780.0000 -60.0000 280.0000
v 800.0000 -60.0000 280.0000
v 820.0000 -60.0000 280.0000
v 840.0000 -60.0000 280.0000
v 860.0000 -60.0000 280.0000
v 880.0000 -60.0000 280.0000
v 900.0000 -60.0000 280.0000
v 920.0000 -60.0000 280.0000
v 940.0000 -60.0000 280.0000
v 960.0000 -60.0000 280.0000
v 980.0000 -60.0000 280.0000
v 1000.0000 -60.0000 280.0000
v 0.0000 -60.0000 300.0000
v 20.0000 -60.0000 300.0000
v 40.0000 -60.0000 300.0000
v 60.0000 -60.0000 300.0000
v 80.0000 -60.0000 300.0000
v 100.0000 -60.0000 300.0000
v 120.0000 -60.0000 300.0000
v 140.0000 -60.0000 300.0000
v 160.0000 -60.0000 300.0000
v 180.0000 -60.0000 300.0000
v 200.0000 -60.0000 300.0000
v 220.0000 -60.0000 300.0000
v 240.0000 -60.0000 300.0000
v 260.0000 -60.0000 300.0000
v 280.0000 -60.0000 300.0000
v 300.0000 -60.0000 300.0000
v 320.0000 -60.0000 300.0000
v 340.0000 -60.0000 300.0000
v 360.0000 -60.0000 300.0000
v 380.0000 -60.0000 300.0000
v 400.0000 -60.0000 300.0000
v 420.0000 -60.0000 300.0000
v 440.0000 -60.0000 300.0000
v 460.0000 -60.0000 300.0000
v 480.0000 -60.0000 300.0000
v 500.0000 -60.0000 300.0000
v 520.0000 -60.0000 300.0000
v 540.0000 -60.0000 300.0000
v 560.0000 -60.0000 300.0000
v 580.0000 -60.0000 300.0000
v 600.0000 -60.0000 300.0000
v 620.0000 -60.0000 300.0000
v 640.0000 -60.0000 300.0000
v 660.0000 -60.0000 300.0000
v 680.0000 -60.0000 300.0000
v 700.0000 -60.0000 300.0000
v 720.0000 -60.0000 300.0000
v 740.0000 -60.0000 300.0000
v 760.0000 -60.0000 300.0000
v 780.0000 -60.0000 300.0000
v 800.0000 -60.0000 300.0000
v 820.0000 -60.0000 300.0000
v 840.0000 -60.0000 300.0000
v 860.0000 -60.0000 300.0000
v 880.0000 -60.0000 300.0000
v 900.0000 -60.0000 300.0000
v 920.0000 -60.0000 300.0000
v 940.0000 -60.0000 300.0000
v 960.0000 -60.0000 300.0000
v 980.0000 -60.0000 300.0000
v 1000.0000 -60.0000 300.0000
v 0.0000 -60.0000 320.0000
v 20.0000 -60.0000 320.0000
v 40.0000 -60.0000 320.0000
v 60.0000 -60.0000 320.0000
v 80.0000 -60.0000 320.0000
v 100.0000 -60.0000 320.0000
v 120.0000 -60.0000 320.0000
v 140.0000 -60.0000 320.0000
v 160.0000 -60.0000 320.0000
v 180.0000 -60.0000 320.0000
v 200.0000 -60.0000 320.0000
v 220.0000 -60.0000 320.0000
v 240.0000 -60.0000 320.0000
v 260.0000 -60.0000 320.0000
v 280.0000 -60.0000 320.0000
v 300.0000 -60.0000 320.0000
v 320.0000 -60.0000 320.0000
v 340.0000 -60.0000 320.0000
v 360.0000 -60.0000 320.0000
v 380.0000 -60.0000 320.0000
v 400.0000 -60.0000 320.0000
v 420.0000 -60.0000 320.0000
v 440.0000 -60.0000 320.0000
v 460.0000 -60.0000 320.0000
v 480.0000 -60.0000 320.0000
v 500.0000 -60.0000 320.0000
v 520.0000 -60.0000 320.0000
v 540.0000 -60.0000 320.0000
v 560.0000 -60.0000 320.0000
v 580.0000 -60.0000 320.0000
v 600.0000 -60.0000 320.0000
v 620.0000 -60.0000 320.0000
v 640.0000 -60.0000 320.0000
v 660.0000 -60.0000 320.0000
v 680.0000 -60.0000 320.0000
v 700.0000 -60.0000 320.0000
v 720.0000 -60.0000 320.0000
v 740.0000 -60.0000 320.0000
v 760.0000 -60.0000 320.0000
v 780.0000 -60.0000 320.0000
v 800.0000 -60.0000 320.0000
v 820.0000 -60.0000 320.0000
v 840.0000 -60.0000 320.0000
v 860.0000 -60.0000 320.0000
v 880.0000 -60.0000 320.0000
v 900.0000 -60.0000 320.0000
v 920.0000 -60.0000 320.0000
v 940.0000 -60.0000 320.0000
v 960.0000 -60.0000 320.0000
v 980.0000 -60.0000 320.0000
v 1000.0000 -60.0000 320.0000
v 0.0000 -60.0000 340.0000
v 20.0000 -60.0000 340.0000
v 40.0000 -60.0000 340.0000
v 60.0000 -60.0000 340.0000
v 80.0000 -60.0000 340.0000
v 100.0000 -60.0000 340.0000
v 120.0000 -60.0000 340.0000
v 140.0000 -60.0000 340.0000
v 160.0000 -60.0000 340.0000
v 180.0000 -60.0000 340.0000
v 200.0000 -60.0000 340.0000
v 220.0000 -60.0000 340.0000
v 240.0000 -60.0000 340.0000
v 260.0000 -60.0000 340.0000
v 280.0000 -60.0000 340.0000
v 300.0000 -60.0000 340.0000
v 320.0000 -60.0000 340.0000
v 340.0000 -60.0000 340.0000
v 360.0000 -60.0000 340.0000
v 380.0000 -60.0000 340.0000
v 400.0000 -60.0000 340.0000
v 420.0000 -60.0000 340.0000
v 440.0000 -60.0000 340.0000
v 460.0000 -60.0000 340.0000
v 480.0000 -60.0000 340.0000
v 500.0000 -60.0000 340.0000
v 520.0000 -60.0000 340.0000
v 540.0000 -60.0000 340.0000
v 560.0000 -60.0000 340.0000
v 580.0000 -60.0000 340.0000
v 600.0000 -60.0000 340.0000
v 620.0000 -60.0000 340.0000
v 640.0000 -60.0000 340.0000
v 660.0000 -60.0000 340.0000
v 680.0000 -60.0000 340.0000
v 700.0000 -60.0000 340.0000
v 720.0000 -60.0000 340.0000
v 740.0000 -60.0000 340.0000
v 760.0000 -60.0000 340.0000
v 780.0000 -60.0000 340.0000
v 800.0000 -60.0000 340.0000
v 820.0000 -60.0000 340.0000
v 840.0000 -60.0000 340.0000
v 860.0000 -60.0000 340.0000
v 880.0000 -60.0000 340.0000
v 900.0000 -60.0000 340.0000
v 920.0000 -60.0000 340.0000
v 940.0000 -60.0000 340.0000
v 960.0000 -60.0000 340.0000
v 980.0000 -60.0000 340.0000
v 1000.0000 -60.0000 340.0000
v 0.0000 -60.0000 360.0000
v 20.0000 -60.0000 360.0000
v 40.0000 -60.0000 360.0000
v 60.0000 -60.0000 360.0000
v 80.0000 -60.0000 360.0000
v 100.0000 -60.0000 360.0000
v 120.0000 -60.0000 360.0000
v 140.0000 -60.0000 360.0000
v 160.0000 -60.0000 360.0000
v 180.0000 -60.0000 360.0000
v 200.0000 -60.0000 360.0000
v 220.0000 -60.0000 360.0000
v 240.0000 -60.0000 360.0000
v 260.0000 -60.0000 360.0000
v 280.0000 -60.0000 360.0000
v 300.0000 -60.0000 360.0000
v 320.0000 -60.0000 360.0000
v 340.0000 -60.0000 360.0000
v 360.0000 -60.0000 360.0000
v 380.0000 -60.0000 360.0000
v 400.0000 -60.0000 360.0000
v 420.0000 -60.0000 360.0000
v 440.0000 -60.0000 360.0000
v 460.0000 -60.0000 360.0000
v 480.0000 -60.0000 360.0000
v 500.0000 -60.0000 360.0000
v 520.0000 -60.0000 360.0000
v 540.0000 -60.0000 360.0000
v 560.0000 -60.0000 360.0000
v 580.0000 -60.0000 360.0000
v 600.0000 -60.0000 360.0000
v 620.0000 -60.0000 360.0000
v 640.0000 -60.0000 360.0000
v 660.0000 -60.0000 360.0000
v 680.0000 -60.0000 360.0000
v 700.0000 -60.0000 360.0000
v 720.0000 -60.0000 360.0000
v 740.0000 -60.0000 360.0000
v 760.0000 -60.0000 360.0000
v 780.0000 -60.0000 360.0000
v 800.0000 -60.0000 360.0000
v 820.0000 -60.0000 360.0000
v 840.0000 -60.0000 360.0000
v 860.0000 -60.0000 360.0000
v 880.0000 -60.0000 360.0000
v 900.0000 -60.0000 360.0000
v 920.0000 -60.0000 360.0000
v 940.0000 -60.0000 360.0000
v 960.0000 -60.0000 360.0000
v 980.0000 -60.0000 360.0000
v 1000.0000 -60.0000 360.0000
v 0.0000 -60.0000 380.0000
v 20.0000 -60.0000 380.0000
v 40.0000 -60.0000 380.0000
v 60.0000 -60.0000 380.0000
v 80.0000 -60.0000 380.0000
v 100.0000 -60.0000 380.0000
v 120.0000 -60.0000 380.0000
v 140.0000 -60.0000 380.0000
v 160.0000 -60.0000 380.0000
v 180.0000 -60.0000 380.0000
v 200.0000 -60.0000 380.0000
v 220.0000 -60.0000 380.0000
v 240.0000 -60.0000 380.0000
v 260.0000 -60.0000 380.0000
v 280.0000 -60.0000 380.0000
v 300.0000 -60.0000 380.0000
v 320.0000 -60.0000 380.0000
v 340.0000 -60.0000 380.0000
v 360.0000 -60.0000 380.0000
v 380.0000 -60.0000 380.0000
v 400.0000 -60.0000 380.0000
v 420.0000 -60.0000 380.0000
v 440.0000 -60.0000 380.0000
v 460.0000 -60.0000 380.0000
v 480.0000 -60.0000 380.0000
v 500.0000 -60.0000 380.0000
v 520.0000 -60.0000 380.0000
v 540.0000 -60.0000 380.0000
v 560.0000 -60.0000 380.0000
v 580.0000 -60.0000 380.0000
v 600.0000 -60.0000 380.0000
v 620.0000 -60.0000 380.0000
v 640.0000 -60.0000 380.0000
v 660.0000 -60.0000 380.0000
v 680.0000 -60.0000 380.0000
v 700.0000 -60.0000 380.0000
v 720.0000 -60.0000 380.0000
v 740.0000 -60.0000 380.0000
v 760.0000 -60.0000 380.0000
v 780.0000 -60.0000 380.0000
v 800.0000 -60.0000 380.0000
v 820.0000 -60.0000 380.0000
v 840.0000 -60.0000 380.0000
v 860.0000 -60.0000 380.0000
v 880.0000 -60.0000 380.0000
v 900.0000 -60.0000 380.0000
v 920.0000 -60.0000 380.0000
v 940.0000 -60.0000 380.0000
v 960.0000 -60.0000 380.0000
v 980.0000 -60.0000 380.0000
v 1000.0000 -60.0000 380.0000
v 0.0000 -60.0000 400.0000
v 20.0000 -60.0000 400.0000
v 40.0000 -60.0000 400.0000
v 60.0000 -60.0000 400.0000
v 80.0000 -60.0000 400.0000
v 100.0000 -60.0000 400.0000
v 120.0000 -60.0000 400.0000
v 140.0000 -60.0000 400.0000
v 160.0000 -60.0000 400.0000
v 180.0000 -60.0000 400.0000
v 200.0000 -60.0000 400.0000
v 220.0000 -60.0000 400.0000
v 240.0000 -60.0000 400.0000
v 260.0000 -60.0000 400.0000
v 280.0000 -60.0000 400.0000
v 300.0000 -60.0000 400.0000
v 320.0000 -60.0000 400.0000
v 340.0000 -60.0000 400.0000
v 360.0000 -60.0000 400.0000
v 380.0000 -60.0000 400.0000
v 400.0000 -60.0000 400.0000
v 420.0000 -60.0000 400.0000
v 440.0000 -60.0000 400.0000
v 460.0000 -60.0000 400.0000
v 480.0000 -60.0000 400.0000
v 500.0000 -60.0000 400.0000
v 520.0000 -60.0000 400.0000
v 540.0000 -60.0000 400.0000
v 560.0000 -60.0000 400.0000
v 580.0000 -60.0000 400.0000
v 600.0000 -60.0000 400.0000
v 620.0000 -60.0000 400.0000
v 640.0000 -60.0000 400.0000
v 660.0000 -60.0000 400.0000
v 680.0000 -60.0000 400.0000
v 700.0000 -60.0000 400.0000
v 720.0000 -60.0000 400.0000
v 740.0000 -60.0000 400.0000
v 760.0000 -60.0000 400.0000
v 780.0000 -60.0000 400.0000
v 800.0000 -60.0000 400.0000
v 820.0000 -60.0000 400.0000
v 840.0000 -60.0000 400.0000
v 860.0000 -60.0000 400.0000
v 880.0000 -60.0000 400.0000
v 900.0000 -60.0000 400.0000
v 920.0000 -60.0000 400.0000
v 940.0000 -60.0000 400.0000
v 960.0000 -60.0000 400.0000
v 980.0000 -60.0000 400.0000
v 1000.0000 -60.0000 400.0000
v 0.0000 -60.0000 420.0000
v 20.0000 -60.0000 420.0000
v 40.0000 -60.0000 420.0000
v 60.0000 -60.0000 420.0000
v 80.0000 -60.0000 420.0000
v 100.0000 -60.0000 420.0000
v 120.0000 -60.0000 420.0000
v 140.0000 -60.0000 420.0000
v 160.0000 -60.0000 420.0000
v 180.0000 -60.0000 420.0000
v 200.0000 -60.0000 420.0000
v 220.0000 -60.0000 420.0000
v 240.0000 -60.0000 420.0000
v 260.0000 -60.0000 420.0000
v 280.0000 -60.0000 420.0000
v 300.0000 -60.0000 420.0000
v 320.0000 -60.0000 420.0000
v 340.0000 -60.0000 420.0000
v 360.0000 -60.0000 420.0000
v 380.0000 -60.0000 420.0000
v 400.0000 -60.0000 420.0000
v 420.0000 -60.0000 420.0000
v 440.0000 -60.0000 420.0000
v 460.0000 -60.0000 420.0000
v 480.0000 -60.0000 420.0000
v 500.0000 -60.0000 420.0000
v 520.0000 -60.0000 420.0000
v 540.0000 -60.0000 420.0000
v 560.0000 -60.0000 420.0000
v 580.0000 -60.0000 420.0000
v 600.0000 -60.0000 420.0000
v 620.0000 -60.0000 420.0000
v 640.0000 -60.0000 420.0000
v 660.0000 -60.0000 420.0000
v 680.0000 -60.0000 420.0000
v 700.0000 -60.0000 420.0000
v 720.0000 -60.0000 420.0000
v 740.0000 -60.0000 420.0000
v 760.0000 -60.0000 420.0000
v 780.0000 -60.0000 420.0000
v 800.0000 -60.0000 420.0000
v 820.0000 -60.0000 420.0000
v 840.0000 -60.0000 420.0000
v 860.0000 -60.0000 420.0000
v 880.0000 -60.0000 420.0000
v 900.0000 -60.0000 420.0000
v 920.0000 -60.0000 420.0000
v 940.0000 -60.0000 420.0000
v 960.0000 -60.0000 420.0000
v 980.0000 -60.0000 420.0000
v 1000.0000 -60.0000 420.0000
v 0.0000 -60.0000 440.0000
v 20.0000 -60.0000 440.0000
v 40.0000 -60.0000 440.0000
v 60.0000 -60.0000 440.0000
v 80.0000 -60.0000 440.0000
v 100.0000 -60.0000 440.0000
v 120.0000 -60.0000 440.0000
v 140.0000 -60.0000 440.0000
v 160.0000 -60.0000 440.0000
v 180.0000 -60.0000 440.0000
v 200.0000 -60.0000 440.0000
v 220.0000 -60.0000 440.0000
v 240.0000 -60.0000 440.0000
v 260.0000 -60.0000 440.0000
v 280.0000 -60.0000 440.0000
v 300.0000 -60.0000 440.0000
v 320.0000 -60.0000 440.0000
v 340.0000 -60.0000 440.0000
v 360.0000 -60.0000 440.0000
v 380.0000 -60.0000 440.0000
v 400.0000 -60.0000 440.0000
v 420.0000 -60.0000 440.0000
v 440.0000 -60.0000 440.0000
v 460.0000 -60.0000 440.0000
v 480.0000 -60.0000 440.0000
v 500.0000 -60.0000 440.0000
v 520.0000 -60.0000 440.0000
v 540.0000 -60.0000 440.0000
v 560.0000 -60.0000 440.0000
v 580.0000 -60.0000 440.0000
v 600.0000 -60.0000 440.0000
v 620.0000 -60.0000 440.0000
v 640.0000 -60.0000 440.0000
v 660.0000 -60.0000 440.0000
v 680.0000 -60.0000 440.0000
v 700.0000 -60.0000 440.0000
v 720.0000 -60.0000 440.0000
v 740.0000 -60.0000 440.0000
v 760.0000 -60.0000 440.0000
v 780.0000 -60.0000 440.0000
v 800.0000 -60.0000 440.0000
v 820.0000 -60.0000 440.0000
v 840.0000 -60.0000 440.0000
v 860.0000 -60.0000 440.0000
v 880.0000 -60.0000 440.0000
v 900.0000 -60.0000 440.0000
v 920.0000 -60.0000 440.0000
v 940.0000 -60.0000 440.0000
v 960.0000 -60.0000 440.0000
v 980.0000 -60.0000 440.0000
v 1000.0000 -60.0000 440.0000
v 0.0000 -60.0000 460.0000
v 20.0000 -60.0000 460.0000
v 40.0000 -60.0000 460.0000
v 60.0000 -60.0000 460.0000
v 80.0000 -60.0000 460.0000
v 100.0000 -60.0000 460.0000
v 120.0000 -60.0000 460.0000
v 140.0000 -60.0000 460.0000
v 160.0000 -60.0000 460.0000
v 180.0000 -60.0000 460.0000
v 200.0000 -60.0000 460.0000
v 220.0000 -60.0000 460.0000
v 240.0000 -60.0000 460.0000
v 260.0000 -60.0000 460.0000
v 280.0000 -60.0000 460.0000
v 300.0000 -60.0000 460.0000
v 320.0000 -60.0000 460.0000
v 340.0000 -60.0000 460.0000
v 360.0000 -60.0000 460.0000
v 380.0000 -60.0000 460.0000
v 400.0000 -60.0000 460.0000
v 420.0000 -60.0000 460.0000
v 440.0000 -60.0000 460.0000
v 460.0000 -60.0000 460.0000
v 480.0000 -60.0000 460.0000
v 500.0000 -60.0000 460.0000
v 520.0000 -60.0000 460.0000
v 540.0000 -60.0000 460.0000
v 560.0000 -60.0000 460.0000
v 580.0000 -60.0000 460.0000
v 600.0000 -60.0000 460.0000
v 620.0000 -60.0000 460.0000
v 640.0000 -60.0000 460.0000
v 660.0000 -60.0000 460.0000
v 680.0000 -60.0000 460.0000
v 700.0000 -60.0000 460.0000
v 720.0000 -60.0000 460.0000
v 740.0000 -60.0000 460.0000
v 760.0000 -60.0000 460.0000
v 780.0000 -60.0000 460.0000
v 800.0000 -60.0000 460.0000
v 820.0000 -60.0000 460.0000
v 840.0000 -60.0000 460.0000
v 860.0000 -60.0000 460.0000
v 880.0000 -60.0000 460.0000
v 900.0000 -60.0000 460.0000
v 920.0000 -60.0000 460.0000
v 940.0000 -60.0000 460.0000
v 960.0000 -60.0000 460.0000
v 980.0000 -60.0000 460.0000
v 1000.0000 -60.0000 460.0000
v 0.0000 -60.0000 480.0000
v 20.0000 -60.0000 480.0000
v 40.0000 -60.0000 480.0000
v 60.0000 -60.0000 480.0000
v 80.0000 -60.0000 480.0000
v 100.0000 -60.0000 480.0000
v 120.0000 -60.0000 480.0000
v 140.0000 -60.0000 480.0000
v 160.0000 -60.0000 480.0000
v 180.0000 -60.0000 480.0000
v 200.0000 -60.0000 480.0000
v 220.0000 -60.0000 480.0000
v 240.0000 -60.0000 480.0000
v 260.0000 -60.0000 480.0000
v 280.0000 -60.0000 480.0000
v 300.0000 -60.0000 480.0000
v 320.0000 -60.0000 480.0000
v 340.0000 -60.0000 480.0000
v 360.0000 -60.0000 480.0000
v 380.0000 -60.0000 480.0000
v 400.0000 -60.0000 480.0000
v 420.0000 -60.0000 480.0000
v 440.0000 -60.0000 480.0000
v 460.0000 -60.0000 480.0000
v 480.0000 -60.0000 480.0000
v 500.0000 -60.0000 480.0000
v 520.0000 -60.0000 480.0000
v 540.0000 -60.0000 480.0000
v 560.0000 -60.0000 480.0000
v 580.0000 -60.0000 480.0000
v 600.0000 -60.0000 480.0000
v 620.0000 -60.0000 480.0000
v 640.0000 -60.0000 480.0000
v 660.0000 -60.0000 480.0000
v 680.0000 -60.0000 480.0000
v 700.0000 -60.0000 480.0000
v 720.0000 -60.0000 480.0000
v 740.0000 -60.0000 480.0000
v 760.0000 -60.0000 480.0000
v 780.0000 -60.0000 480.0000
v 800.0000 -60.0000 480.0000
v 820.0000 -60.0000 480.0000
v 840.0000 -60.0000 480.0000
v 860.0000 -60.0000 480.0000
v 880.0000 -60.0000 480.0000
v 900.0000 -60.0000 480.0000
v 920.0000 -60.0000 480.0000
v 940.0000 -60.0000 480.0000
v 960.0000 -60.0000 480.0000
v 980.0000 -60.0000 480.0000
v 1000.0000 -60.0000 480.0000
v 0.0000 -60.0000 500.0000
v 20.0000 -60.0000 500.0000
v 40.0000 -60.0000 500.0000
v 60.0000 -60.0000 500.0000
v 80.0000 -60.0000 500.0000
v 100.0000 -60.0000 500.0000
v 120.0000 -60.0000 500.0000
v 140.0000 -60.0000 500.0000
v 160.0000 -60.0000 500.0000
v 180.0000 -60.0000 500.0000
v 200.0000 -60.0000 500.0000
v 220.0000 -60.0000 500.0000
v 240.0000 -60.0000 500.0000
v 260.0000 -60.0000 500.0000
v 280.0000 -60.0000 500.0000
v 300.0000 -60.0000 500.0000
v 320.0000 -60.0000 500.0000
v 340.0000 -60.0000 500.0000
v 360.0000 -60.0000 500.0000
v 380.0000 -60.0000 500.0000
v 400.0000 -60.0000 500.0000
v 420.0000 -60.0000 500.0000
v 440.0000 -60.0000 500.0000
v 460.0000 -60.0000 500.0000
v 480.0000 -60.0000 500.0000
v 500.0000 -60.0000 500.0000
v 520.0000 -60.0000 500.0000
v 540.0000 -60.0000 500.0000
v 560.0000 -60.0000 500.0000
v 580.0000 -60.0000 500.0000
v 600.0000 -60.0000 500.0000
v 620.0000 -60.0000 500.0000
v 640.0000 -60.0000 500.0000
v 660.0000 -60.0000 500.0000
v 680.0000 -60.0000 500.0000
v 700.0000 -60.0000 500.0000
v 720.0000 -60.0000 500.0000
v 740.0000 -60.0000 500.0000
v 760.0000 -60.0000 500.0000
v 780.0000 -60.0000 500.0000
v 800.0000 -60.0000 500.0000
v 820.0000 -60.0000 500.0000
v 840.0000 -60.0000 500.0000
v 860.0000 -60.0000 500.0000
v 880.0000 -60.0000 500.0000
v 900.0000 -60.0000 500.0000
v 920.0000 -60.0000 500.0000
v 940.0000 -60.0000 500.0000
v 960.0000 -60.0000 500.0000
v 980.0000 -60.0000 500.0000
v 1000.0000 -60.0000 500.0000
v 0.0000 -60.0000 520.0000
v 20.0000 -60.0000 520.0000
v 40.0000 -60.0000 520.0000
v 60.0000 -60.0000 520.0000
v 80.0000 -60.0000 520.0000
v 100.0000 -60.0000 520.0000
v 120.0000 -60.0000 520.0000
v 140.0000 -60.0000 520.0000
v 160.0000 -60.0000 520.0000
v 180.0000 -60.0000 520.0000
v 200.0000 -60.0000 520.0000
v 220.0000 -60.0000 520.0000
v 240.0000 -60.0000 520.0000
v 260.0000 -60.0000 520.0000
v 280.0000 -60.0000 520.0000
v 300.0000 -60.0000 520.0000
v 320.0000 -60.0000 520.0000
v 340.0000 -60.0000 520.0000
v 360.0000 -60.0000 520.0000
v 380.0000 -60.0000 520.0000
v 400.0000 -60.0000 520.0000
v 420.0000 -60.0000 520.0000
v 440.0000 -60.0000 520.0000
v 460.0000 -60.0000 520.0000
v 480.0000 -60.0000 520.0000
v 500.0000 -60.0000 520.0000
v 520.0000 -60.0000 520.0000
v 540.0000 -60.0000 520.0000
v 560.0000 -60.0000 520.0000
v 580.0000 -60.0000 520.0000
v 600.0000 -60.0000 520.0000
v 620.0000 -60.0000 520.0000
v 640.0000 -60.0000 520.0000
v 660.0000 -60.0000 520.0000
v 680.0000 -60.0000 520.0000
v 700.0000 -60.0000 520.0000
v 720.0000 -60.0000 520.0000
v 740.0000 -60.0000 520.0000
v 760.0000 -60.0000 520.0000
v 780.0000 -60.0000 520.0000
v 800.0000 -60.0000 520.0000
v 820.0000 -60.0000 520.0000
v 840.0000 -60.0000 520.0000
v 860.0000 -60.0000 520.0000
v 880.0000 -60.0000 520.0000
v 900.0000 -60.0000 520.0000
v 920.0000 -60.0000 520.0000
v 940.0000 -60.0000 520.0000
v 960.0000 -60.0000 520.0000
v 980.0000 -60.0000 520.0000
v 1000.0000 -60.0000 520.0000
v 0.0000 -60.0000 540.0000
v 20.0000 -60.0000 540.0000
v 40.0000 -60.0000 540.0000
v 60.0000 -60.0000 540.0000
v 80.0000 -60.0000 540.0000
v 100.0000 -60.0000 540.0000
v 120.0000 -60.0000 540.0000
v 140.0000 -60.0000 540.0000
v 160.0000 -60.0000 540.0000
v 180.0000 -60.0000 540.0000
v 200.0000 -60.0000 540.0000
v 220.0000 -60.0000 540.0000
v 240.0000 -60.0000 540.0000
v 260.0000 -60.0000 540.0000
v 280.0000 -60.0000 540.0000
v 300.0000 -60.0000 540.0000
v 320.0000 -60.0000 540.0000
v 340.0000 -60.0000 540.0000
v 360.0000 -60.0000 540.0000
v 380.0000 -60.0000 540.0000
v 400.0000 -60.0000 540.0000
v 420.0000 -60.0000 540.0000
v 440.0000 -60.0000 540.0000
v 460.0000 -60.0000 540.0000
v 480.0000 -60.0000 540.0000
v 500.0000 -60.0000 540.0000
v 520.0000 -60.0000 540.0000
v 540.0000 -60.0000 540.0000
v 560.0000 -60.0000 540.0000
v 580.0000 -60.0000 540.0000
v 600.0000 -60.0000 540.0000
v 620.0000 -60.0000 540.0000
v 640.0000 -60.0000 540.0000
v 660.0000 -60.0000 540.0000
v 680.0000 -60.0000 540.0000
v 700.0000 -60.0000 540.0000
v 720.0000 -60.0000 540.0000
v 740.0000 -60.0000 540.0000
v 760.0000 -60.0000 540.0000
v 780.0000 -60.0000 540.0000
v 800.0000 -60.0000 540.0000
v 820.0000 -60.0000 540.0000
v 840.0000 -60.0000 540.0000
v 860.0000 -60.0000 540.0000
v 880.0000 -60.0000 540.0000
v 900.0000 -60.0000 540.0000
v 920.0000 -60.0000 540.0000
v 940.0000 -60.0000 540.0000
v 960.0000 -60.0000 540.0000
v 980.0000 -60.0000 540.0000
v 1000.0000 -60.0000 540.0000
v 0.0000 -60.0000 560.0000
v 20.0000 -60.0000 560.0000
v 40.0000 -60.0000 560.0000
v 60.0000 -60.0000 560.0000
v 80.0000 -60.0000 560.0000
v 100.0000 -60.0000 560.0000
v 120.0000 -60.0000 560.0000
v 140.0000 -60.0000 560.0000
v 160.0000 -60.0000 560.0000
v 180.0000 -60.0000 560.0000
v 200.0000 -60.0000 560.0000
v 220.0000 -60.0000 560.0000
v 240.0000 -60.0000 560.0000
v 260.0000 -60.0000 560.0000
v 280.0000 -60.0000 560.0000
v 300.0000 -60.0000 560.0000
v 320.0000 -60.0000 560.0000
v 340.0000 -60.0000 560.0000
v 360.0000 -60.0000 560.0000
v 380.0000 -60.0000 560.0000
v 400.0000 -60.0000 560.0000
v 420.0000 -60.0000 560.0000
v 440.0000 -60.0000 560.0000
v 460.0000 -60.0000 560.0000
v 480.0000 -60.0000 560.0000
v 500.0000 -60.0000 560.0000
v 520.0000 -60.0000 560.0000
v 540.0000 -60.0000 560.0000
v 560.0000 -60.0000 560.0000
v 580.0000 -60.0000 560.0000
v 600.0000 -60.0000 560.0000
v 620.0000 -60.0000 560.0000
v 640.0000 -60.0000 560.0000
v 660.0000 -60.0000 560.0000
v 680.0000 -60.0000 560.0000
v 700.0000 -60.0000 560.0000
v 720.0000 -60.0000 560.0000
v 740.0000 -60.0000 560.0000
v 760.0000 -60.0000 560.0000
v 780.0000 -60.0000 560.0000
v 800.0000 -60.0000 560.0000
v 820.0000 -60.0000 560.0000
v 840.0000 -60.0000 560.0000
v 860.0000 -60.0000 560.0000
v 880.0000 -60.0000 560.0000
v 900.0000 -60.0000 560.0000
v 920.0000 -60.0000 560.0000
v 940.0000 -60.0000 560.0000
v 960.0000 -60.0000 560.0000
v 980.0000 -60.0000 560.0000
v 1000.0000 -60.0000 560.0000
v 0.0000 -60.0000 580.0000
v 20.0000 -60.0000 580.0000
v 40.0000 -60.0000 580.0000
v 60.0000 -60.0000 580.0000
v 80.0000 -60.0000 580.0000
v 100.0000 -60.0000 580.0000
v 120.0000 -60.0000 580.0000
v 140.0000 -60.0000 580.0000
v 160.0000 -60.0000 580.0000
v 180.0000 -60.0000 580.0000
v 200.0000 -60.0000 580.0000
v 220.0000 -60.0000 580.0000
v 240.0000 -60.0000 580.0000
v 260.0000 -60.0000 580.0000
v 280.0000 -60.0000 580.0000
v 300.0000 -60.0000 580.0000
v 320.0000 -60.0000 580.0000
v 340.0000 -60.0000 580.0000
v 360.0000 -60.0000 580.0000
v 380.0000 -60.0000 580.0000
v 400.0000 -60.0000 580.0000
v 420.0000 -60.0000 580.0000
v 440.0000 -60.0000 580.0000
v 460.0000 -60.0000 580.0000
v 480.0000 -60.0000 580.0000
v 500.0000 -60.0000 580.0000
v 520.0000 -60.0000 580.0000
v 540.0000 -60.0000 580.0000
v 560.0000 -60.0000 580.0000
v 580.0000 -60.0000 580.0000
v 600.0000 -60.0000 580.0000
v 620.0000 -60.0000 580.0000
v 640.0000 -60.0000 580.0000
v 660.0000 -60.0000 580.0000
v 680.0000 -60.0000 580.0000
v 700.0000 -60.0000 580.0000
v 720.0000 -60.0000 580.0000
v 740.0000 -60.0000 580.0000
v 760.0000 -60.0000 580.0000
v 780.0000 -60.0000 580.0000
v 800.0000 -60.0000 580.0000
v 820.0000 -60.0000 580.0000
v 840.0000 -60.0000 580.0000
v 860.0000 -60.0000 580.0000
v 880.0000 -60.0000 580.0000
v 900.0000 -60.0000 580.0000
v 920.0000 -60.0000 580.0000
v 940.0000 -60.0000 580.0000
v 960.0000 -60.0000 580.0000
v 980.0000 -60.0000 580.0000
v 1000.0000 -60.0000 580.0000
v 0.0000 -60.0000 600.0000
v 20.0000 -60.0000 600.0000
v 40.0000 -60.0000 600.0000
v 60.0000 -60.0000 600.0000
v 80.0000 -60.0000 600.0000
v 100.0000 -60.0000 600.0000
v 120.0000 -60.0000 600.0000
v 140.0000 -60.0000 600.0000
v 160.0000 -60.0000 600.0000
v 180.0000 -60.0000 600.0000
v 200.0000 -60.0000 600.0000
v 220.0000 -60.0000 600.0000
v 240.0000 -60.0000 600.0000
v 260.0000 -60.0000 600.0000
v 280.0000 -60.0000 600.0000
v 300.0000 -60.0000 600.0000
v 320.0000 -60.0000 600.0000
v 340.0000 -60.0000 600.0000
v 360.0000 -60.0000 600.0000
v 380.0000 -60.0000 600.0000
v 400.0000 -60.0000 600.0000
v 420.0000 -60.0000 600.0000
v 440.0000 -60.0000 600.0000
v 460.0000 -60.0000 600.0000
v 480.0000 -60.0000 600.0000
v 500.0000 -60.0000 600.0000
v 520.0000 -60.0000 600.0000
v 540.0000 -60.0000 600.0000
v 560.0000 -60.0000 600.0000
v 580.0000 -60.0000 600.0000
v 600.0000 -60.0000 600.0000
v 620.0000 -60.0000 600.0000
v 640.0000 -60.0000 600.0000
v 660.0000 -60.0000 600.0000
v 680.0000 -60.0000 600.0000
v 700.0000 -60.0000 600.0000
v 720.0000 -60.0000 600.0000
v 740.0000 -60.0000 600.0000
v 760.0000 -60.0000 600.0000
v 780.0000 -60.0000 600.0000
v 800.0000 -60.0000 600.0000
v 820.0000 -60.0000 600.0000
v 840.0000 -60.0000 600.0000
v 860.0000 -60.0000 600.0000
v 880.0000 -60.0000 600.0000
v 900.0000 -60.0000 600.0000
v 920.0000 -60.0000 600.0000
v 940.0000 -60.0000 600.0000
v 960.0000 -60.0000 600.0000
v 980.0000 -60.0000 600.0000
v 1000.0000 -60.0000 600.0000
v 0.0000 -60.0000 620.0000
v 20.0000 -60.0000 620.0000
v 40.0000 -60.0000 620.0000
v 60.0000 -60.0000 620.0000
v 80.0000 -60.0000 620.0000
v 100.0000 -60.0000 620.0000
v 120.0000 -60.0000 620.0000
v 140.0000 -60.0000 620.0000
v 160.0000 -60.0000 620.0000
v 180.0000 -60.0000 620.0000
v 200.0000 -60.0000 620.0000
v 220.0000 -60.0000 620.0000
v 240.0000 -60.0000 620.0000
v 260.0000 -60.0000 620.0000
v 280.0000 -60.0000 620.0000
v 300.0000 -60.0000 620.0000
v 320.0000 -60.0000 620.0000
v 340.0000 -60.0000 620.0000
v 360.0000 -60.0000 620.0000
v 380.0000 -60.0000 620.0000
v 400.0000 -60.0000 620.0000
v 420.0000 -60.0000 620.0000
v 440.0000 -60.0000 620.0000
v 460.0000 -60.0000 620.0000
v 480.0000 -60.0000 620.0000
v 500.0000 -60.0000 620.0000
v 520.0000 -60.0000 620.0000
v 540.0000 -60.0000 620.0000
v 560.0000 -60.0000 620.0000
v 580.0000 -60.0000 620.0000
v 600.0000 -60.0000 620.0000
v 620.0000 -60.0000 620.0000
v 640.0000 -60.0000 620.0000
v 660.0000 -60.0000 620.0000
v 680.0000 -60.0000 620.0000
v 700.0000 -60.0000 620.0000
v 720.0000 -60.0000 620.0000
v 740.0000 -60.0000 620.0000
v 760.0000 -60.0000 620.0000
v 780.0000 -60.0000 620.0000
v 800.0000 -60.0000 620.0000
v 820.0000 -60.0000 620.0000
v 840.0000 -60.0000 620.0000
v 860.0000 -60.0000 620.0000
v 880.0000 -60.0000 620.0000
v 900.0000 -60.0000 620.0000
v 920.0000 -60.0000 620.0000
v 940.0000 -60.0000 620.0000
v 960.0000 -60.0000 620.0000
v 980.0000 -60.0000 620.0000
v 1000.0000 -60.0000 620.0000
v 0.0000 -60.0000 640.0000
v 20.0000 -60.0000 640.0000
v 40.0000 -60.0000 640.0000
v 60.0000 -60.0000 640.0000
v 80.0000 -60.0000 640.0000
v 100.0000 -60.0000 640.0000
v 120.0000 -60.0000 640.0000
v 140.0000 -60.0000 640.0000
v 160.0000 -60.0000 640.0000
v 180.0000 -60.0000 640.0000
v 200.0000 -60.0000 640.0000
v 220.0000 -60.0000 640.0000
v 240.0000 -60.0000 640.0000
v 260.0000 -60.0000 640.0000
v 280.0000 -60.0000 640.0000
v 300.0000 -60.0000 640.0000
v 320.0000 -60.0000 640.0000
v 340.0000 -60.0000 640.0000
v 360.0000 -60.0000 640.0000
v 380.0000 -60.0000 640.0000
v 400.0000 -60.0000 640.0000
v 420.0000 -60.0000 640.0000
v 440.0000 -60.0000 640.0000
v 460.0000 -60.0000 640.0000
v 480.0000 -60.0000 640.0000
v 500.0000 -60.0000 640.0000
v 520.0000 -60.0000 640.0000
v 540.0000 -60.0000 640.0000
v 560.0000 -60.0000 640.0000
v 580.0000 -60.0000 640.0000
v 600.0000 -60.0000 640.0000
v 620.0000 -60.0000 640.0000
v 640.0000 -60.0000 640.0000
v 660.0000 -60.0000 640.0000
v 680.0000 -60.0000 640.0000
v 700.0000 -60.0000 640.0000
v 720.0000 -60.0000 640.0000
v 740.0000 -60.0000 640.0000
v 760.0000 -60.0000 640.0000
v 780.0000 -60.0000 640.0000
v 800.0000 -60.0000 640.0000
v 820.0000 -60.0000 640.0000
v 840.0000 -60.0000 640.0000
v 860.0000 -60.0000 640.0000
v 880.0000 -60.0000 640.0000
v 900.0000 -60.0000 640.0000
v 920.0000 -60.0000 640.0000
v 940.0000 -60.0000 640.0000
v 960.0000 -60.0000 640.0000
v 980.0000 -60.0000 640.0000
v 1000.0000 -60.0000 640.0000
v 0.0000 -60.0000 660.0000
v 20.0000 -60.0000 660.0000
v 40.0000 -60.0000 660.0000
v 60.0000 -60.0000 660.0000
v 80.0000 -60.0000 660.0000
v 100.0000 -60.0000 660.0000
v 120.0000 -60.0000 660.0000
v 140.0000 -60.0000 660.0000
v 160.0000 -60.0000 660.0000
v 180.0000 -60.0000 660.0000
v 200.0000 -60.0000 660.0000
v 220.0000 -60.0000 660.0000
v 240.0000 -60.0000 660.0000
v 260.0000 -60.0000 660.0000
v 280.0000 -60.0000 660.0000
v 300.0000 -60.0000 660.0000
v 320.0000 -60.0000 660.0000
v 340.0000 -60.0000 660.0000
v 360.0000 -60.0000 660.0000
v 380.0000 -60.0000 660.0000
v 400.0000 -60.0000 660.0000
v 420.0000 -60.0000 660.0000
v 440.0000 -60.0000 660.0000
v 460.0000 -60.0000 660.0000
v 480.0000 -60.0000 660.0000
v 500.0000 -60.0000 660.0000
v 520.0000 -60.0000 660.0000
v 540.0000 -60.0000 660.0000
v 560.0000 -60.0000 660.0000
v 580.0000 -60.0000 660.0000
v 600.0000 -60.0000 660.0000
v 620.0000 -60.0000 660.0000
v 640.0000 -60.0000 660.0000
v 660.0000 -60.0000 660.0000
v 680.0000 -60.0000 660.0000
v 700.0000 -60.0000 660.0000
v 720.0000 -60.0000 660.0000
v 740.0000 -60.0000 660.0000
v 760.0000 -60.0000 660.0000
v 780.0000 -60.0000 660.0000
v 800.0000 -60.0000 660.0000
v 820.0000 -60.0000 660.0000
v 840.0000 -60.0000 660.0000
v 860.0000 -60.0000 660.0000
v 880.0000 -60.0000 660.0000
v 900.0000 -60.0000 660.0000
v 920.0000 -60.0000 660.0000
v 940.0000 -60.0000 660.0000
v 960.0000 -60.0000 660.0000
v 980.0000 -60.0000 660.0000
v 1000.0000 -60.0000 660.0000
v 0.0000 -60.0000 680.0000
v 20.0000 -60.0000 680.0000
v 40.0000 -60.0000 680.0000
v 60.0000 -60.0000 680.0000
v 80.0000 -60.0000 680.0000
v 100.0000 -60.0000 680.0000
v 120.0000 -60.0000 680.0000
v 140.0000 -60.0000 680.0000
v 160.0000 -60.0000 680.0000
v 180.0000 -60.0000 680.0000
v 200.0000 -60.0000 680.0000
v 220.0000 -60.0000 680.0000
v 240.0000 -60.0000 680.0000
v 260.0000 -60.0000 680.0000
v 280.0000 -60.0000 680.0000
v 300.0000 -60.0000 680.0000
v 320.0000 -60.0000 680.0000
v 340.0000 -60.0000 680.0000
v 360.0000 -60.0000 680.0000
v 380.0000 -60.0000 680.0000
v 400.0000 -60.0000 680.0000
v 420.0000 -60.0000 680.0000
v 440.0000 -60.0000 680.0000
v 460.0000 -60.0000 680.0000
v 480.0000 -60.0000 680.0000
v 500.0000 -60.0000 680.0000
v 520.0000 -60.0000 680.0000
v 540.0000 -60.0000 680.0000
v 560.0000 -60.0000 680.0000
v 580.0000 -60.0000 680.0000
v 600.0000 -60.0000 680.0000
v 620.0000 -60.0000 680.0000
v 640.0000 -60.0000 680.0000
v 660.0000 -60.0000 680.0000
v 680.0000 -60.0000 680.0000
v 700.0000 -60.0000 680.0000
v 720.0000 -60.0000 680.0000
v 740.0000 -60.0000 680.0000
v 760.0000 -60.0000 680.0000
v 780.0000 -60.0000 680.0000
v 800.0000 -60.0000 680.0000
v 820.0000 -60.0000 680.0000
v 840.0000 -60.0000 680.0000
v 860.0000 -60.0000 680.0000
v 880.0000 -60.0000 680.0000
v 900.0000 -60.0000 680.0000
v 920.0000 -60.0000 680.0000
v 940.0000 -60.0000 680.0000
v 960.0000 -60.0000 680.0000
v 980.0000 -60.0000 680.0000
v 1000.0000 -60.0000 680.0000
v 0.0000 -60.0000 700.0000
v 20.0000 -60.0000 700.0000
v 40.0000 -60.0000 700.0000
v 60.0000 -60.0000 700.0000
v 80.0000 -60.0000 700.0000
v 100.0000 -60.0000 700.0000
v 120.0000 -60.0000 700.0000
v 140.0000 -60.0000 700.0000
v 160.0000 -60.0000 700.0000
v 180.0000 -60.0000 700.0000
v 200.0000 -60.0000 700.0000
v 220.0000 -60.0000 700.0000
v 240.0000 -60.0000 700.0000
v 260.0000 -60.0000 700.0000
v 280.0000 -60.0000 700.0000
v 300.0000 -60.0000 700.0000
v 320.0000 -60.0000 700.0000
v 340.0000 -60.0000 700.0000
v 360.0000 -60.0000 700.0000
v 380.0000 -60.0000 700.0000
v 400.0000 -60.0000 700.0000
v 420.0000 -60.0000 700.0000
v 440.0000 -60.0000 700.0000
v 460.0000 -60.0000 700.0000
v 480.0000 -60.0000 700.0000
v 500.0000 -60.0000 700.0000
v 520.0000 -60.0000 700.0000
v 540.0000 -60.0000 700.0000
v 560.0000 -60.0000 700.0000
v 580.0000 -60.0000 700.0000
v 600.0000 -60.0000 700.0000
v 620.0000 -60.0000 700.0000
v 640.0000 -60.0000 700.0000
v 660.0000 -60.0000 700.0000
v 680.0000 -60.0000 700.0000
v 700.0000 -60.0000 700.0000
v 720.0000 -60.0000 700.0000
v 740.0000 -60.0000 700.0000
v 760.0000 -60.0000 700.0000
v 780.0000 -60.0000 700.0000
v 800.0000 -60.0000 700.0000
v 820.0000 -60.0000 700.0000
v 840.0000 -60.0000 700.0000
v 860.0000 -60.0000 700.0000
v 880.0000 -60.0000 700.0000
v 900.0000 -60.0000 700.0000
v 920.0000 -60.0000 700.0000
v 940.0000 -60.0000 700.0000
v 960.0000 -60.0000 700.0000
v 980.0000 -60.0000 700.0000
v 1000.0000 -60.0000 700.0000
v 0.0000 -60.0000 720.0000
v 20.0000 -60.0000 720.0000
v 40.0000 -60.0000 720.0000
v 60.0000 -60.0000 720.0000
v 80.0000 -60.0000 720.0000
v 100.0000 -60.0000 720.0000
v 120.0000 -60.0000 720.0000
v 140.0000 -60.0000 720.0000
v 160.0000 -60.0000 720.0000
v 180.0000 -60.0000 720.0000
v 200.0000 -60.0000 720.0000
v 220.0000 -60.0000 720.0000
v 240.0000 -60.0000 720.0000
v 260.0000 -60.0000 720.0000
v 280.0000 -60.0000 720.0000
v 300.0000 -60.0000 720.0000
v 320.0000 -60.0000 720.0000
v 340.0000 -60.0000 720.0000
v 360.0000 -60.0000 720.0000
v 380.0000 -60.0000 720.0000
v 400.0000 -60.0000 720.0000
v 420.0000 -60.0000 720.0000
v 440.0000 -60.0000 720.0000
v 460.0000 -60.0000 720.0000
v 480.0000 -60.0000 720.0000
v 500.0000 -60.0000 720.0000
v 520.0000 -60.0000 720.0000
v 540.0000 -60.0000 720.0000
v 560.0000 -60.0000 720.0000
v 580.0000 -60.0000 720.0000
v 600.0000 -60.0000 720.0000
v 620.0000 -60.0000 720.0000
v 640.0000 -60.0000 720.0000
v 660.0000 -60.0000 720.0000
v 680.0000 -60.0000 720.0000
v 700.0000 -60.0000 720.0000
v 720.0000 -60.0000 720.0000
v 740.0000 -60.0000 720.0000
v 760.0000 -60.0000 720.0000
v 780.0000 -60.0000 720.0000
v 800.0000 -60.0000 720.0000
v 820.0000 -60.0000 720.0000
v 840.0000 -60.0000 720.0000
v 860.0000 -60.0000 720.0000
v 880.0000 -60.0000 720.0000
v 900.0000 -60.0000 720.0000
v 920.0000 -60.0000 720.0000
v 940.0000 -60.0000 720.0000
v 960.0000 -60.0000 720.0000
v 980.0000 -60.0000 720.0000
v 1000.0000 -60.0000 720.0000
v 0.0000 -60.0000 740.0000
v 20.0000 -60.0000 740.0000
v 40.0000 -60.0000 740.0000
v 60.0000 -60.0000 740.0000
v 80.0000 -60.0000 740.0000
v 100.0000 -60.0000 740.0000
v 120.0000 -60.0000 740.0000
v 140.0000 -60.0000 740.0000
v 160.0000 -60.0000 740.0000
v 180.0000 -60.0000 740.0000
v 200.0000 -60.0000 740.0000
v 220.0000 -60.0000 740.0000
v 240.0000 -60.0000 740.0000
v 260.0000 -60.0000 740.0000
v 280.0000 -60.0000 740.0000
v 300.0000 -60.0000 740.0000
v 320.0000 -60.0000 740.0000
v 340.0000 -60.0000 740.0000
v 360.0000 -60.0000 740.0000
v 380.0000 -60.0000 740.0000
v 400.0000 -60.0000 740.0000
v 420.0000 -60.0000 740.0000
v 440.0000 -60.0000 740.0000
v 460.0000 -60.0000 740.0000
v 480.0000 -60.0000 740.0000
v 500.0000 -60.0000 740.0000
v 520.0000 -60.0000 740.0000
v 540.0000 -60.0000 740.0000
v 560.0000 -60.0000 740.0000
v 580.0000 -60.0000 740.0000
v 600.0000 -60.0000 740.0000
v 620.0000 -60.0000 740.0000
v 640.0000 -60.0000 740.0000
v 660.0000 -60.0000 740.0000
v 680.0000 -60.0000 740.0000
v 700.0000 -60.0000 740.0000
v 720.0000 -60.0000 740.0000
v 740.0000 -60.0000 740.0000
v 760.0000 -60.0000 740.0000
v 780.0000 -60.0000 740.0000
v 800.0000 -60.0000 740.0000
v 820.0000 -60.0000 740.0000
v 840.0000 -60.0000 740.0000
v 860.0000 -60.0000 740.0000
v 880.0000 -60.0000 740.0000
v 900.0000 -60.0000 740.0000
v 920.0000 -60.0000 740.0000
v 940.0000 -60.0000 740.0000
v 960.0000 -60.0000 740.0000
v 980.0000 -60.0000 740.0000
v 1000.0000 -60.0000 740.0000
v 0.0000 -60.0000 760.0000
v 20.0000 -60.0000 760.0000
v 40.0000 -60.0000 760.0000
v 60.0000 -60.0000 760.0000
v 80.0000 -60.0000 760.0000
v 100.0000 -60.0000 760.0000
v 120.0000 -60.0000 760.0000
v 140.0000 -60.0000 760.0000
v 160.0000 -60.0000 760.0000
v 180.0000 -60.0000 760.0000
v 200.0000 -60.0000 760.0000
v 220.0000 -60.0000 760.0000
v 240.0000 -60.0000 760.0000
v 260.0000 -60.0000 760.0000
v 280.0000 -60.0000 760.0000
v 300.0000 -60.0000 760.0000
v 320.0000 -60.0000 760.0000
v 340.0000 -60.0000 760.0000
v 360.0000 -60.0000 760.0000
v 380.0000 -60.0000 760.0000
v 400.0000 -60.0000 760.0000
v 420.0000 -60.0000 760.0000
v 440.0000 -60.0000 760.0000
v 460.0000 -60.0000 760.0000
v 480.0000 -60.0000 760.0000
v 500.0000 -60.0000 760.0000
v 520.0000 -60.0000 760.0000
v 540.0000 -60.0000 760.0000
v 560.0000 -60.0000 760.0000
v 580.0000 -60.0000 760.0000
v 600.0000 -60.0000 760.0000
v 620.0000 -60.0000 760.0000
v 640.0000 -60.0000 760.0000
v 660.0000 -60.0000 760.0000
v 680.0000 -60.0000 760.0000
v 700.0000 -60.0000 760.0000
v 720.0000 -60.0000 760.0000
v 740.0000 -60.0000 760.0000
v 760.0000 -60.0000 760.0000
v 780.0000 -60.0000 760.0000
v 800.0000 -60.0000 760.0000
v 820.0000 -60.0000 760.0000
v 840.0000 -60.0000 760.0000
v 860.0000 -60.0000 760.0000
v 880.0000 -60.0000 760.0000
v 900.0000 -60.0000 760.0000
v 920.0000 -60.0000 760.0000
v 940.0000 -60.0000 760.0000
v 960.0000 -60.0000 760.0000
v 980.0000 -60.0000 760.0000
v 1000.0000 -60.0000 760.0000
v 0.0000 -60.0000 780.0000
v 20.0000 -60.0000 780.0000
v 40.0000 -60.0000 780.0000
v 60.0000 -60.0000 780.0000
v 80.0000 -60.0000 780.0000
v 100.0000 -60.0000 780.0000
v 120.0000 -60.0000 780.0000
v 140.0000 -60.0000 780.0000
v 160.0000 -60.0000 780.0000
v 180.0000 -60.0000 780.0000
v 200.0000 -60.0000 780.0000
v 220.0000 -60.0000 780.0000
v 240.0000 -60.0000 780.0000
v 260.0000 -60.0000 780.0000
v 280.0000 -60.0000 780.0000
v 300.0000 -60.0000 780.0000
v 320.0000 -60.0000 780.0000
v 340.0000 -60.0000 780.0000
v 360.0000 -60.0000 780.0000
v 380.0000 -60.0000 780.0000
v 400.0000 -60.0000 780.0000
v 420.0000 -60.0000 780.0000
v 440.0000 -60.0000 780.0000
v 460.0000 -60.0000 780.0000
v 480.0000 -60.0000 780.0000
v 500.0000 -60.0000 780.0000
v 520.0000 -60.0000 780.0000
v 540.0000 -60.0000 780.0000
v 560.0000 -60.0000 780.0000
v 580.0000 -60.0000 780.0000
v 600.0000 -60.0000 780.0000
v 620.0000 -60.0000 780.0000
v 640.0000 -60.0000 780.0000
v 660.0000 -60.0000 780.0000
v 680.0000 -60.0000 780.0000
v 700.0000 -60.0000 780.0000
v 720.0000 -60.0000 780.0000
v 740.0000 -60.0000 780.0000
v 760.0000 -60.0000 780.0000
v 780.0000 -60.0000 780.0000
v 800.0000 -60.0000 780.0000
v 820.0000 -60.0000 780.0000
v 840.0000 -60.0000 780.0000
v 860.0000 -60.0000 780.0000
v 880.0000 -60.0000 780.0000
v 900.0000 -60.0000 780.0000
v 920.0000 -60.0000 780.0000
v 940.0000 -60.0000 780.0000
v 960.0000 -60.0000 780.0000
v 980.0000 -60.0000 780.0000
v 1000.0000 -60.0000 780.0000
v 0.0000 -60.0000 800.0000
v 20.0000 -60.0000 800.0000
v 40.0000 -60.0000 800.0000
v 60.0000 -60.0000 800.0000
v 80.0000 -60.0000 800.0000
v 100.0000 -60.0000 800.0000
v 120.0000 -60.0000 800.0000
v 140.0000 -60.0000 800.0000
v 160.0000 -60.0000 800.0000
v 180.0000 -60.0000 800.0000
v 200.0000 -60.0000 800.0000
v 220.0000 -60.0000 800.0000
v 240.0000 -60.0000 800.0000
v 260.0000 -60.0000 800.0000
v 280.0000 -60.0000 800.0000
v 300.0000 -60.0000 800.0000
v 320.0000 -60.0000 800.0000
v 340.0000 -60.0000 800.0000
v 360.0000 -60.0000 800.0000
v 380.0000 -60.0000 800.0000
v 400.0000 -60.0000 800.0000
v 420.0000 -60.0000 800.0000
v 440.0000 -60.0000 800.0000
v 460.0000 -60.0000 800.0000
v 480.0000 -60.0000 800.0000
v 500.0000 -60.0000 800.0000
v 520.0000 -60.0000 800.0000
v 540.0000 -60.0000 800.0000
v 560.0000 -60.0000 800.0000
v 580.0000 -60.0000 800.0000
v 600.0000 -60.0000 800.0000
v 620.0000 -60.0000 800.0000
v 640.0000 -60.0000 800.0000
v 660.0000 -60.0000 800.0000
v 680.0000 -60.0000 800.0000
v 700.0000 -60.0000 800.0000
v 720.0000 -60.0000 800.0000
v 740.0000 -60.0000 800.0000
v 760.0000 -60.0000 800.0000
v 780.0000 -60.0000 800.0000
v 800.0000 -60.0000 800.0000
v 820.0000 -60.0000 800.0000
v 840.0000 -60.0000 800.0000
v 860.0000 -60.0000 800.0000
v 880.0000 -60.0000 800.0000
v 900.0000 -60.0000 800.0000
v 920.0000 -60.0000 800.0000
v 940.0000 -60.0000 800.0000
v 960.0000 -60.0000 800.0000
v 980.0000 -60.0000 800.0000
v 1000.0000 -60.0000 800.0000
v 0.0000 -60.0000 820.0000
v 20.0000 -60.0000 820.0000
v 40.0000 -60.0000 820.0000
v 60.0000 -60.0000 820.0000
v 80.0000 -60.0000 820.0000
v 100.0000 -60.0000 820.0000
v 120.0000 -60.0000 820.0000
v 140.0000 -60.0000 820.0000
v 160.0000 -60.0000 820.0000
v 180.0000 -60.0000 820.0000
v 200.0000 -60.0000 820.0000
v 220.0000 -60.0000 820.0000
v 240.0000 -60.0000 820.0000
v 260.0000 -60.0000 820.0000
v 280.0000 -60.0000 820.0000
v 300.0000 -60.0000 820.0000
v 320.0000 -60.0000 820.0000
v 340.0000 -60.0000 820.0000
v 360.0000 -60.0000 820.0000
v 380.0000 -60.0000 820.0000
v 400.0000 -60.0000 820.0000
v 420.0000 -60.0000 820.0000
v 440.0000 -60.0000 820.0000
v 460.0000 -60.0000 820.0000
v 480.0000 -60.0000 820.0000
v 500.0000 -60.0000 820.0000
v 520.0000 -60.0000 820.0000
v 540.0000 -60.0000 820.0000
v 560.0000 -60.0000 820.0000
v 580.0000 -60.0000 820.0000
v 600.0000 -60.0000 820.0000
v 620.0000 -60.0000 820.0000
v 640.0000 -60.0000 820.0000
v 660.0000 -60.0000 820.0000
v 680.0000 -60.0000 820.0000
v 700.0000 -60.0000 820.0000
v 720.0000 -60.0000 820.0000
v 740.0000 -60.0000 820.0000
v 760.0000 -60.0000 820.0000
v 780.0000 -60.0000 820.0000
v 800.0000 -60.0000 820.0000
v 820.0000 -60.0000 820.0000
v 840.0000 -60.0000 820.0000
v 860.0000 -60.0000 820.0000
v 880.0000 -60.0000 820.0000
v 900.0000 -60.0000 820.0000
v 920.0000 -60.0000 820.0000
v 940.0000 -60.0000 820.0000
v 960.0000 -60.0000 820.0000
v 980.0000 -60.0000 820.0000
v 1000.0000 -60.0000 820.0000
v 0.0000 -60.0000 840.0000
v 20.0000 -60.0000 840.0000
v 40.0000 -60.0000 840.0000
v 60.0000 -60.0000 840.0000
v 80.0000 -60.0000 840.0000
v 100.0000 -60.0000 840.0000
v 120.0000 -60.0000 840.0000
v 140.0000 -60.0000 840.0000
v 160.0000 -60.0000 840.0000
v 180.0000 -60.0000 840.0000
v 200.0000 -60.0000 840.0000
v 220.0000 -60.0000 840.0000
v 240.0000 -60.0000 840.0000
v 260.0000 -60.0000 840.0000
v 280.0000 -60.0000 840.0000
v 300.0000 -60.0000 840.0000
v 320.0000 -60.0000 840.0000
v 340.0000 -60.0000 840.0000
v 360.0000 -60.0000 840.0000
v 380.0000 -60.0000 840.0000
v 400.0000 -60.0000 840.0000
v 420.0000 -60.0000 840.0000
v 440.0000 -60.0000 840.0000
v 460.0000 -60.0000 840.0000
v 480.0000 -60.0000 840.0000
v 500.0000 -60.0000 840.0000
v 520.0000 -60.0000 840.0000
v 540.0000 -60.0000 840.0000
v 560.0000 -60.0000 840.0000
v 580.0000 -60.0000 840.0000
v 600.0000 -60.0000 840.0000
v 620.0000 -60.0000 840.0000
v 640.0000 -60.0000 840.0000
v 660.0000 -60.0000 840.0000
v 680.0000 -60.0000 840.0000
v 700.0000 -60.0000 840.0000
v 720.0000 -60.0000 840.0000
v 740.0000 -60.0000 840.0000
v 760.0000 -60.0000 840.0000
v 780.0000 -60.0000 840.0000
v 800.0000 -60.0000 840.0000
v 820.0000 -60.0000 840.0000
v 840.0000 -60.0000 840.0000
v 860.0000 -60.0000 840.0000
v 880.0000 -60.0000 840.0000
v 900.0000 -60.0000 840.0000
v 920.0000 -60.0000 840.0000
v 940.0000 -60.0000 840.0000
v 960.0000 -60.0000 840.0000
v 980.0000 -60.0000 840.0000
v 1000.0000 -60.0000 840.0000
v 0.0000 -60.0000 860.0000
v 20.0000 -60.0000 860.0000
v 40.0000 -60.0000 860.0000
v 60.0000 -60.0000 860.0000
v 80.0000 -60.0000 860.0000
v 100.0000 -60.0000 860.0000
v 120.0000 -60.0000 860.0000
v 140.0000 -60.0000 860.0000
v 160.0000 -60.0000 860.0000
v 180.0000 -60.0000 860.0000
v 200.0000 -60.0000 860.0000
v 220.0000 -60.0000 860.0000
v 240.0000 -60.0000 860.0000
v 260.0000 -60.0000 860.0000
v 280.0000 -60.0000 860.0000
v 300.0000 -60.0000 860.0000
v 320.0000 -60.0000 860.0000
v 340.0000 -60.0000 860.0000
v 360.0000 -60.0000 860.0000
v 380.0000 -60.0000 860.0000
v 400.0000 -60.0000 860.0000
v 420.0000 -60.0000 860.0000
v 440.0000 -60.0000 860.0000
v 460.0000 -60.0000 860.0000
v 480.0000 -60.0000 860.0000
v 500.0000 -60.0000 860.0000
v 520.0000 -60.0000 860.0000
v 540.0000 -60.0000 860.0000
v 560.0000 -60.0000 860.0000
v 580.0000 -60.0000 860.0000
v 600.0000 -60.0000 860.0000
v 620.0000 -60.0000 860.0000
v 640.0000 -60.0000 860.0000
v 660.0000 -60.0000 860.0000
v 680.0000 -60.0000 860.0000
v 700.0000 -60.0000 860.0000
v 720.0000 -60.0000 860.0000
v 740.0000 -60.0000 860.0000
v 760.0000 -60.0000 860.0000
v 780.0000 -60.0000 860.0000
v 800.0000 -60.0000 860.0000
v 820.0000 -60.0000 860.0000
v 840.0000 -60.0000 860.0000
v 860.0000 -60.0000 860.0000
v 880.0000 -60.0000 860.0000
v 900.0000 -60.0000 860.0000
v 920.0000 -60.0000 860.0000
v 940.0000 -60.0000 860.0000
v 960.0000 -60.0000 860.0000
v 980.0000 -60.0000 860.0000
v 1000.0000 -60.0000 860.0000
v 0.0000 -60.0000 880.0000
v 20.0000 -60.0000 880.0000
v 40.0000 -60.0000 880.0000
v 60.0000 -60.0000 880.0000
v 80.0000 -60.0000 880.0000
v 100.0000 -60.0000 880.0000
v 120.0000 -60.0000 880.0000
v 140.0000 -60.0000 880.0000
v 160.0000 -60.0000 880.0000
v 180.0000 -60.0000 880.0000
v 200.0000 -60.0000 880.0000
v 220.0000 -60.0000 880.0000
v 240.0000 -60.0000 880.0000
v 260.0000 -60.0000 880.0000
v 280.0000 -60.0000 880.0000
v 300.0000 -60.0000 880.0000
v 320.0000 -60.0000 880.0000
v 340.0000 -60.0000 880.0000
v 360.0000 -60.0000 880.0000
v 380.0000 -60.0000 880.0000
v 400.0000 -60.0000 880.0000
v 420.0000 -60.0000 880.0000
v 440.0000 -60.0000 880.0000
v 460.0000 -60.0000 880.0000
v 480.0000 -60.0000 880.0000
v 500.0000 -60.0000 880.0000
v 520.0000 -60.0000 880.0000
v 540.0000 -60.0000 880.0000
v 560.0000 -60.0000 880.0000
v 580.0000 -60.0000 880.0000
v 600.0000 -60.0000 880.0000
v 620.0000 -60.0000 880.0000
v 640.0000 -60.0000 880.0000
v 660.0000 -60.0000 880.0000
v 680.0000 -60.0000 880.0000
v 700.0000 -60.0000 880.0000
v 720.0000 -60.0000 880.0000
v 740.0000 -60.0000 880.0000
v 760.0000 -60.0000 880.0000
v 780.0000 -60.0000 880.0000
v 800.0000 -60.0000 880.0000
v 820.0000 -60.0000 880.0000
v 840.0000 -60.0000 880.0000
v 860.0000 -60.0000 880.0000
v 880.0000 -60.0000 880.0000
v 900.0000 -60.0000 880.0000
v 920.0000 -60.0000 880.0000
v 940.0000 -60.0000 880.0000
v 960.0000 -60.0000 880.0000
v 980.0000 -60.0000 880.0000
v 1000.0000 -60.0000 880.0000
v 0.0000 -60.0000 900.0000
v 20.0000 -60.0000 900.0000
v 40.0000 -60.0000 900.0000
v 60.0000 -60.0000 900.0000
v 80.0000 -60.0000 900.0000
v 100.0000 -60.0000 900.0000
v 120.0000 -60.0000 900.0000
v 140.0000 -60.0000 900.0000
v 160.0000 -60.0000 900.0000
v 180.0000 -60.0000 900.0000
v 200.0000 -60.0000 900.0000
v 220.0000 -60.0000 900.0000
v 240.0000 -60.0000 900.0000
v 260.0000 -60.0000 900.0000
v 280.0000 -60.0000 900.0000
v 300.0000 -60.0000 900.0000
v 320.0000 -60.0000 900.0000
v 340.0000 -60.0000 900.0000
v 360.0000 -60.0000 900.0000
v 380.0000 -60.0000 900.0000
v 400.0000 -60.0000 900.0000
v 420.0000 -60.0000 900.0000
v 440.0000 -60.0000 900.0000
v 460.0000 -60.0000 900.0000
v 480.0000 -60.0000 900.0000
v 500.0000 -60.0000 900.0000
v 520.0000 -60.0000 900.0000
v 540.0000 -60.0000 900.0000
v 560.0000 -60.0000 900.0000
v 580.0000 -60.0000 900.0000
v 600.0000 -60.0000 900.0000
v 620.0000 -60.0000 900.0000
v 640.0000 -60.0000 900.0000
v 660.0000 -60.0000 900.0000
v 680.0000 -60.0000 900.0000
v 700.0000 -60.0000 900.0000
v 720.0000 -60.0000 900.0000
v 740.0000 -60.0000 900.0000
v 760.0000 -60.0000 900.0000
v 780.0000 -60.0000 900.0000
v 800.0000 -60.0000 900.0000
v 820.0000 -60.0000 900.0000
v 840.0000 -60.0000 900.0000
v 860.0000 -60.0000 900.0000
v 880.0000 -60.0000 900.0000
v 900.0000 -60.0000 900.0000
v 920.0000 -60.0000 900.0000
v 940.0000 -60.0000 900.0000
v 960.0000 -60.0000 900.0000
v 980.0000 -60.0000 900.0000
v 1000.0000 -60.0000 900.0000
v 0.0000 -60.0000 920.0000
v 20.0000 -60.0000 920.0000
v 40.0000 -60.0000 920.0000
v 60.0000 -60.0000 920.0000
v 80.0000 -60.0000 920.0000
v 100.0000 -60.0000 920.0000
v 120.0000 -60.0000 920.0000
v 140.0000 -60.0000 920.0000
v 160.0000 -60.0000 920.0000
v 180.0000 -60.0000 920.0000
v 200.0000 -60.0000 920.0000
v 220.0000 -60.0000 920.0000
v 240.0000 -60.0000 920.0000
v 260.0000 -60.0000 920.0000
v 280.0000 -60.0000 920.0000
v 300.0000 -60.0000 920.0000
v 320.0000 -60.0000 920.0000
v 340.0000 -60.0000 920.0000
v 360.0000 -60.0000 920.0000
v 380.0000 -60.0000 920.0000
v 400.0000 -60.0000 920.0000
v 420.0000 -60.0000 920.0000
v 440.0000 -60.0000 920.0000
v 460.0000 -60.0000 920.0000
v 480.0000 -60.0000 920.0000
v 500.0000 -60.0000 920.0000
v 520.0000 -60.0000 920.0000
v 540.0000 -60.0000 920.0000
v 560.0000 -60.0000 920.0000
v 580.0000 -60.0000 920.0000
v 600.0000 -60.0000 920.0000
v 620.0000 -60.0000 920.0000
v 640.0000 -60.0000 920.0000
v 660.0000 -60.0000 920.0000
v 680.0000 -60.0000 920.0000
v 700.0000 -60.0000 920.0000
v 720.0000 -60.0000 920.0000
v 740.0000 -60.0000 920.0000
v 760.0000 -60.0000 920.0000
v 780.0000 -60.0000 920.0000
v 800.0000 -60.0000 920.0000
v 820.0000 -60.0000 920.0000
v 840.0000 -60.0000 920.0000
v 860.0000 -60.0000 920.0000
v 880.0000 -60.0000 920.0000
v 900.0000 -60.0000 920.0000
v 920.0000 -60.0000 920.0000
v 940.0000 -60.0000 920.0000
v 960.0000 -60.0000 920.0000
v 980.0000 -60.0000 920.0000
v 1000.0000 -60.0000 920.0000
v 0.0000 -60.0000 940.0000
v 20.0000 -60.0000 940.0000
v 40.0000 -60.0000 940.0000
v 60.0000 -60.0000 940.0000
v 80.0000 -60.0000 940.0000
v 100.0000 -60.0000 940.0000
v 120.0000 -60.0000 940.0000
v 140.0000 -60.0000 940.0000
v 160.0000 -60.0000 940.0000
v 180.0000 -60.0000 940.0000
v 200.0000 -60.0000 940.0000
v 220.0000 -60.0000 940.0000
v 240.0000 -60.0000 940.0000
v 260.0000 -60.0000 940.0000
v 280.0000 -60.0000 940.0000
v 300.0000 -60.0000 940.0000
v 320.0000 -60.0000 940.0000
v 340.0000 -60.0000 940.0000
v 360.0000 -60.0000 940.0000
v 380.0000 -60.0000 940.0000
v 400.0000 -60.0000 940.0000
v 420.0000 -60.0000 940.0000
v 440.0000 -60.0000 940.0000
v 460.0000 -60.0000 940.0000
v 480.0000 -60.0000 940.0000
v 500.0000 -60.0000 940.0000
v 520.0000 -60.0000 940.0000
v 540.0000 -60.0000 940.0000
v 560.0000 -60.0000 940.0000
v 580.0000 -60.0000 940.0000
v 600.0000 -60.0000 940.0000
v 620.0000 -60.0000 940.0000
v 640.0000 -60.0000 940.0000
v 660.0000 -60.0000 940.0000
v 680.0000 -60.0000 940.0000
v 700.0000 -60.0000 940.0000
v 720.0000 -60.0000 940.0000
v 740.0000 -60.0000 940.0000
v 760.0000 -60.0000 940.0000
v 780.0000 -60.0000 940.0000
v 800.0000 -60.0000 940.0000
v 820.0000 -60.0000 940.0000
v 840.0000 -60.0000 940.0000
v 860.0000 -60.0000 940.0000
v 880.0000 -60.0000 940.0000
v 900.0000 -60.0000 940.0000
v 920.0000 -60.0000 940.0000
v 940.0000 -60.0000 940.0000
v 960.0000 -60.0000 940.0000
v 980.0000 -60.0000 940.0000
v 1000.0000 -60.0000 940.0000
v 0.0000 -60.0000 960.0000
v 20.0000 -60.0000 960.0000
v 40.0000 -60.0000 960.0000
v 60.0000 -60.0000 960.0000
v 80.0000 -60.0000 960.0000
v 100.0000 -60.0000 960.0000
v 120.0000 -60.0000 960.0000
v 140.0000 -60.0000 960.0000
v 160.0000 -60.0000 960.0000
v 180.0000 -60.0000 960.0000
v 200.0000 -60.0000 960.0000
v 220.0000 -60.0000 960.0000
v 240.0000 -60.0000 960.0000
v 260.0000 -60.0000 960.0000
v 280.0000 -60.0000 960.0000
v 300.0000 -60.0000 960.0000
v 320.0000 -60.0000 960.0000
v 340.0000 -60.0000 960.0000
v 360.0000 -60.0000 960.0000
v 380.0000 -60.0000 960.0000
v 400.0000 -60.0000 960.0000
v 420.0000 -60.0000 960.0000
v 440.0000 -60.0000 960.0000
v 460.0000 -60.0000 960.0000
v 480.0000 -60.0000 960.0000
v 500.0000 -60.0000 960.0000
v 520.0000 -60.0000 960.0000
v 540.0000 -60.0000 960.0000
v 560.0000 -60.0000 960.0000
v 580.0000 -60.0000 960.0000
v 600.0000 -60.0000 960.0000
v 620.0000 -60.0000 960.0000
v 640.0000 -60.0000 960.0000
v 660.0000 -60.0000 960.0000
v 680.0000 -60.0000 960.0000
v 700.0000 -60.0000 960.0000
v 720.0000 -60.0000 960.0000
v 740.0000 -60.0000 960.0000
v 760.0000 -60.0000 960.0000
v 780.0000 -60.0000 960.0000
v 800.0000 -60.0000 960.0000
v 820.0000 -60.0000 960.0000
v 840.0000 -60.0000 960.0000
v 860.0000 -60.0000 960.0000
v 880.0000 -60.0000 960.0000
v 900.0000 -60.0000 960.0000
v 920.0000 -60.0000 960.0000
v 940.0000 -60.0000 960.0000
v 960.0000 -60.0000 960.0000
v 980.0000 -60.0000 960.0000
v 1000.0000 -60.0000 960.0000
v 0.0000 -60.0000 980.0000
v 20.0000 -60.0000 980.0000
v 40.0000 -60.0000 980.0000
v 60.0000 -60.0000 980.0000
v 80.0000 -60.0000 980.0000
v 100.0000 -60.0000 980.0000
v 120.0000 -60.0000 980.0000
v 140.0000 -60.0000 980.0000
v 160.0000 -60.0000 980.0000
v 180.0000 -60.0000 980.0000
v 200.0000 -60.0000 980.0000
v 220.0000 -60.0000 980.0000
v 240.0000 -60.0000 980.0000
v 260.0000 -60.0000 980.0000
v 280.0000 -60.0000 980.0000
v 300.0000 -60.0000 980.0000
v 320.0000 -60.0000 980.0000
v 340.0000 -60.0000 980.0000
v 360.0000 -60.0000 980.0000
v 380.0000 -60.0000 980.0000
v 400.0000 -60.0000 980.0000
v 420.0000 -60.0000 980.0000
v 440.0000 -60.0000 980.0000
v 460.0000 -60.0000 980.0000
v 480.0000 -60.0000 980.0000
v 500.0000 -60.0000 980.0000
v 520.0000 -60.0000 980.0000
v 540.0000 -60.0000 980.0000
v 560.0000 -60.0000 980.0000
v 580.0000 -60.0000 980.0000
v 600.0000 -60.0000 980.0000
v 620.0000 -60.0000 980.0000
v 640.0000 -60.0000 980.0000
v 660.0000 -60.0000 980.0000
v 680.0000 -60.0000 980.0000
v 700.0000 -60.0000 980.0000
v 720.0000 -60.0000 980.0000
v 740.0000 -60.0000 980.0000
v 760.0000 -60.0000 980.0000
v 780.0000 -60.0000 980.0000
v 800.0000 -60.0000 980.0000
v 820.0000 -60.0000 980.0000
v 840.0000 -60.0000 980.0000
v 860.0000 -60.0000 980.0000
v 880.0000 -60.0000 980.0000
v 900.0000 -60.0000 980.0000
v 920.0000 -60.0000 980.0000
v 940.0000 -60.0000 980.0000
v 960.0000 -60.0000 980.0000
v 980.0000 -60.0000 980.0000
v 1000.0000 -60.0000 980.0000
v 0.0000 -60.0000 1000.0000
v 20.0000 -60.0000 1000.0000
v 40.0000 -60.0000 1000.0000
v 60.0000 -60.0000 1000.0000
v 80.0000 -60.0000 1000.0000
v 100.0000 -60.0000 1000.0000
v 120.0000 -60.0000 1000.0000
v 140.0000 -60.0000 1000.0000
v 160.0000 -60.0000 1000.0000
v 180.0000 -60.0000 1000.0000
v 200.0000 -60.0000 1000.0000
v 220.0000 -60.0000 1000.0000
v 240.0000 -60.0000 1000.0000
v 260.0000 -60.0000 1000.0000
v 280.0000 -60.0000 1000.0000
v 300.0000 -60.0000 1000.0000
v 320.0000 -60.0000 1000.0000
v 340.0000 -60.0000 1000.0000
v 360.0000 -60.0000 1000.0000
v 380.0000 -60.0000 1000.0000
v 400.0000 -60.0000 1000.0000
v 420.0000 -60.0000 1000.0000
v 440.0000 -60.0000 1000.0000
v 460.0000 -60.0000 1000.0000
v 480.0000 -60.0000 1000.0000
v 500.0000 -60.0000 1000.0000
v 520.0000 -60.0000 1000.0000
v 540.0000 -60.0000 1000.0000
v 560.0000 -60.0000 1000.0000
v 580.0000 -60.0000 1000.0000
v 600.0000 -60.0000 1000.0000
v 620.0000 -60.0000 1000.0000
v 640.0000 -60.0000 1000.0000
v 660.0000 -60.0000 1000.0000
v 680.0000 -60.0000 1000.0000
v 700.0000 -60.0000 1000.0000
v 720.0000 -60.0000 1000.0000
v 740.0000 -60.0000 1000.0000
v 760.0000 -60.0000 1000.0000
v 780.0000 -60.0000 1000.0000
v 800.0000 -60.0000 1000.0000
v 820.0000 -60.0000 1000.0000
v 840.0000 -60.0000 1000.0000
v 860.0000 -60.0000 1000.0000
v 880.0000 -60.0000 1000.0000
v 900.0000 -60.0000 1000.0000
v 920.0000 -60.0000 1000.0000
v 940.0000 -60.0000 1000.0000
v 960.0000 -60.0000 1000.0000
v 980.0000 -60.0000 1000.0000
v 1000.0000 -60.0000 1000.0000
v 0.0000 -60.0000 1020.0000
v 20.0000 -60.0000 1020.0000
v 40.0000 -60.0000 1020.0000
v 60.0000 -60.0000 1020.0000
v 80.0000 -60.0000 1020.0000
v 100.0000 -60.0000 1020.0000
v 120.0000 -60.0000 1020.0000
v 140.0000 -60.0000 1020.0000
v 160.0000 -60.0000 1020.0000
v 180.0000 -60.0000 1020.0000
v 200.0000 -60.0000 1020.0000
v 220.0000 -60.0000 1020.0000
v 240.0000 -60.0000 1020.0000
v 260.0000 -60.0000 1020.0000
v 280.0000 -60.0000 1020.0000
v 300.0000 -60.0000 1020.0000
v 320.0000 -60.0000 1020.0000
v 340.0000 -60.0000 1020.0000
v 360.0000 -60.0000 1020.0000
v 380.0000 -60.0000 1020.0000
v 400.0000 -60.0000 1020.0000
v 420.0000 -60.0000 1020.0000
v 440.0000 -60.0000 1020.0000
v 460.0000 -60.0000 1020.0000
v 480.0000 -60.0000 1020.0000
v 500.0000 -60.0000 1020.0000
v 520.0000 -60.0000 1020.0000
v 540.0000 -60.0000 1020.0000
v 560.0000 -60.0000 1020.0000
v 580.0000 -60.0000 1020.0000
v 600.0000 -60.0000 1020.0000
v 620.0000 -60.0000 1020.0000
v 640.0000 -60.0000 1020.0000
v 660.0000 -60.0000 1020.0000
v 680.0000 -60.0000 1020.0000
v 700.0000 -60.0000 1020.0000
v 720.0000 -60.0000 1020.0000
v 740.0000 -60.0000 1020.0000
v 760.0000 -60.0000 1020.0000
v 780.0000 -60.0000 1020.0000
v 800.0000 -60.0000 1020.0000
v 820.0000 -60.0000 1020.0000
v 840.0000 -60.0000 1020.0000
v 860.0000 -60.0000 1020.0000
v 880.0000 -60.0000 1020.0000
v 900.0000 -60.0000 1020.0000
v 920.0000 -60.0000 1020.0000
v 940.0000 -60.0000 1020.0000
v 960.0000 -60.0000 1020.0000
v 980.0000 -60.0000 1020.0000
v 1000.0000 -60.0000 1020.0000
v 0.0000 -60.0000 1040.0000
v 20.0000 -60.0000 1040.0000
v 40.0000 -60.0000 1040.0000
v 60.0000 -60.0000 1040.0000
v 80.0000 -60.0000 1040.0000
v 100.0000 -60.0000 1040.0000
v 120.0000 -60.0000 1040.0000
v 140.0000 -60.0000 1040.0000
v 160.0000 -60.0000 1040.0000
v 180.0000 -60.0000 1040.0000
v 200.0000 -60.0000 1040.0000
v 220.0000 -60.0000 1040.0000
v 240.0000 -60.0000 1040.0000
v 260.0000 -60.0000 1040.0000
v 280.0000 -60.0000 1040.0000
v 300.0000 -60.0000 1040.0000
v 320.0000 -60.0000 1040.0000
v 340.0000 -60.0000 1040.0000
v 360.0000 -60.0000 1040.0000
v 380.0000 -60.0000 1040.0000
v 400.0000 -60.0000 1040.0000
v 420.0000 -60.0000 1040.0000
v 440.0000 -60.0000 1040.0000
v 460.0000 -60.0000 1040.0000
v 480.0000 -60.0000 1040.0000
v 500.0000 -60.0000 1040.0000
v 520.0000 -60.0000 1040.0000
v 540.0000 -60.0000 1040.0000
v 560.0000 -60.0000 1040.0000
v 580.0000 -60.0000 1040.0000
v 600.0000 -60.0000 1040.0000
v 620.0000 -60.0000 1040.0000
v 640.0000 -60.0000 1040.0000
v 660.0000 -60.0000 1040.0000
v 680.0000 -60.0000 1040.0000
v 700.0000 -60.0000 1040.0000
v 720.0000 -60.0000 1040.0000
v 740.0000 -60.0000 1040.0000
v 760.0000 -60.0000 1040.0000
v 780.0000 -60.0000 1040.0000
v 800.0000 -60.0000 1040.0000
v 820.0000 -60.0000 1040.0000
v 840.0000 -60.0000 1040.0000
v 860.0000 -60.0000 1040.0000
v 880.0000 -60.0000 1040.0000
v 900.0000 -60.0000 1040.0000
v 920.0000 -60.0000 1040.0000
v 940.0000 -60.0000 1040.0000
v 960.0000 -60.0000 1040.0000
v 980.0000 -60.0000 1040.0000
v 1000.0000 -60.0000 1040.0000
v 0.0000 -60.0000 1060.0000
v 20.0000 -60.0000 1060.0000
v 40.0000 -60.0000 1060.0000
v 60.0000 -60.0000 1060.0000
v 80.0000 -60.0000 1060.0000
v 100.0000 -60.0000 1060.0000
v 120.0000 -60.0000 1060.0000
v 140.0000 -60.0000 1060.0000
v 160.0000 -60.0000 1060.0000
v 180.0000 -60.0000 1060.0000
v 200.0000 -60.0000 1060.0000
v 220.0000 -60.0000 1060.0000
v 240.0000 -60.0000 1060.0000
v 260.0000 -60.0000 1060.0000
v 280.0000 -60.0000 1060.0000
v 300.0000 -60.0000 1060.0000
v 320.0000 -60.0000 1060.0000
v 340.0000 -60.0000 1060.0000
v 360.0000 -60.0000 1060.0000
v 380.0000 -60.0000 1060.0000
v 400.0000 -60.0000 1060.0000
v 420.0000 -60.0000 1060.0000
v 440.0000 -60.0000 1060.0000
v 460.0000 -60.0000 1060.0000
v 480.0000 -60.0000 1060.0000
v 500.0000 -60.0000 1060.0000
v 520.0000 -60.0000 1060.0000
v 540.0000 -60.0000 1060.0000
v 560.0000 -60.0000 1060.0000
v 580.0000 -60.0000 1060.0000
v 600.0000 -60.0000 1060.0000
v 620.0000 -60.0000 1060.0000
v 640.0000 -60.0000 1060.0000
v 660.0000 -60.0000 1060.0000
v 680.0000 -60.0000 1060.0000
v 700.0000 -60.0000 1060.0000
v 720.0000 -60.0000 1060.0000
v 740.0000 -60.0000 1060.0000
v 760.0000 -60.0000 1060.0000
v 780.0000 -60.0000 1060.0000
v 800.0000 -60.0000 1060.0000
v 820.0000 -60.0000 1060.0000
v 840.0000 -60.0000 1060.0000
v 860.0000 -60.0000 1060.0000
v 880.0000 -60.0000 1060.0000
v 900.0000 -60.0000 1060.0000
v 920.0000 -60.0000 1060.0000
v 940.0000 -60.0000 1060.0000
v 960.0000 -60.0000 1060.0000
v 980.0000 -60.0000 1060.0000
v 1000.0000 -60.0000 1060.0000
v 0.0000 -60.0000 1080.0000
v 20.0000 -60.0000 1080.0000
v 40.0000 -60.0000 1080.0000
v 60.0000 -60.0000 1080.0000
v 80.0000 -60.0000 1080.0000
v 100.0000 -60.0000 1080.0000
v 120.0000 -60.0000 1080.0000
v 140.0000 -60.0000 1080.0000
v 160.0000 -60.0000 1080.0000
v 180.0000 -60.0000 1080.0000
v 200.0000 -60.0000 1080.0000
v 220.0000 -60.0000 1080.0000
v 240.0000 -60.0000 1080.0000
v 260.0000 -60.0000 1080.0000
v 280.0000 -60.0000 1080.0000
v 300.0000 -60.0000 1080.0000
v 320.0000 -60.0000 1080.0000
v 340.0000 -60.0000 1080.0000
v 360.0000 -60.0000 1080.0000
v 380.0000 -60.0000 1080.0000
v 400.0000 -60.0000 1080.0000
v 420.0000 -60.0000 1080.0000
v 440.0000 -60.0000 1080.0000
v 460.0000 -60.0000 1080.0000
v 480.0000 -60.0000 1080.0000
v 500.0000 -60.0000 1080.0000
v 520.0000 -60.0000 1080.0000
v 540.0000 -60.0000 1080.0000
v 560.0000 -60.0000 1080.0000
v 580.0000 -60.0000 1080.0000
v 600.0000 -60.0000 1080.0000
v 620.0000 -60.0000 1080.0000
v 640.0000 -60.0000 1080.0000
v 660.0000 -60.0000 1080.0000
v 680.0000 -60.0000 1080.0000
v 700.0000 -60.0000 1080.0000
v 720.0000 -60.0000 1080.0000
v 740.0000 -60.0000 1080.0000
v 760.0000 -60.0000 1080.0000
v 780.0000 -60.0000 1080.0000
v 800.0000 -60.0000 1080.0000
v 820.0000 -60.0000 1080.0000
v 840.0000 -60.0000 1080.0000
v 860.0000 -60.0000 1080.0000
v 880.0000 -60.0000 1080.0000
v 900.0000 -60.0000 1080.0000
v 920.0000 -60.0000 1080.0000
v 940.0000 -60.0000 1080.0000
v 960.0000 -60.0000 1080.0000
v 980.0000 -60.0000 1080.0000
v 1000.0000 -60.0000 1080.0000
v 0.0000 -60.0000 1100.0000
v 20.0000 -60.0000 1100.0000
v 40.0000 -60.0000 1100.0000
v 60.0000 -60.0000 1100.0000
v 80.0000 -60.0000 1100.0000
v 100.0000 -60.0000 1100.0000
v 120.0000 -60.0000 1100.0000
v 140.0000 -60.0000 1100.0000
v 160.0000 -60.0000 1100.0000
v 180.0000 -60.0000 1100.0000
v 200.0000 -60.0000 1100.0000
v 220.0000 -60.0000 1100.0000
v 240.0000 -60.0000 1100.0000
v 260.0000 -60.0000 1100.0000
v 280.0000 -60.0000 1100.0000
v 300.0000 -60.0000 1100.0000
v 320.0000 -60.0000 1100.0000
v 340.0000 -60.0000 1100.0000
v 360.0000 -60.0000 1100.0000
v 380.0000 -60.0000 1100.0000
v 400.0000 -60.0000 1100.0000
v 420.0000 -60.0000 1100.0000
v 440.0000 -60.0000 1100.0000
v 460.0000 -60.0000 1100.0000
v 480.0000 -60.0000 1100.0000
v 500.0000 -60.0000 1100.0000
v 520.0000 -60.0000 1100.0000
v 540.0000 -60.0000 1100.0000
v 560.0000 -60.0000 1100.0000
v 580.0000 -60.0000 1100.0000
v 600.0000 -60.0000 1100.0000
v 620.0000 -60.0000 1100.0000
v 640.0000 -60.0000 1100.0000
v 660.0000 -60.0000 1100.0000
v 680.0000 -60.0000 1100.0000
v 700.0000 -60.0000 1100.0000
v 720.0000 -60.0000 1100.0000
v 740.0000 -60.0000 1100.0000
v 760.0000 -60.0000 1100.0000
v 780.0000 -60.0000 1100.0000
v 800.0000 -60.0000 1100.0000
v 820.0000 -60.0000 1100.0000
v 840.0000 -60.0000 1100.0000
v 860.0000 -60.0000 1100.0000
v 880.0000 -60.0000 1100.0000
v 900.0000 -60.0000 1100.0000
v 920.0000 -60.0000 1100.0000
v 940.0000 -60.0000 1100.0000
v 960.0000 -60.0000 1100.0000
v 980.0000 -60.0000 1100.0000
v 1000.0000 -60.0000 1100.0000
v 0.0000 -60.0000 1120.0000
v 20.0000 -60.0000 1120.0000
v 40.0000 -60.0000 1120.0000
v 60.0000 -60.0000 1120.0000
v 80.0000 -60.0000 1120.0000
v 100.0000 -60.0000 1120.0000
v 120.0000 -60.0000 1120.0000
v 140.0000 -60.0000 1120.0000
v 160.0000 -60.0000 1120.0000
v 180.0000 -60.0000 1120.0000
v 200.0000 -60.0000 1120.0000
v 220.0000 -60.0000 1120.0000
v 240.0000 -60.0000 1120.0000
v 260.0000 -60.0000 1120.0000
v 280.0000 -60.0000 1120.0000
v 300.0000 -60.0000 1120.0000
v 320.0000 -60.0000 1120.0000
v 340.0000 -60.0000 1120.0000
v 360.0000 -60.0000 1120.0000
v 380.0000 -60.0000 1120.0000
v 400.0000 -60.0000 1120.0000
v 420.0000 -60.0000 1120.0000
v 440.0000 -60.0000 1120.0000
v 460.0000 -60.0000 1120.0000
v 480.0000 -60.0000 1120.0000
v 500.0000 -60.0000 1120.0000
v 520.0000 -60.0000 1120.0000
v 540.0000 -60.0000 1120.0000
v 560.0000 -60.0000 1120.0000
v 580.0000 -60.0000 1120.0000
v 600.0000 -60.0000 1120.0000
v 620.0000 -60.0000 1120.0000
v 640.0000 -60.0000 1120.0000
v 660.0000 -60.0000 1120.0000
v 680.0000 -60.0000 1120.0000
v 700.0000 -60.0000 1120.0000
v 720.0000 -60.0000 1120.0000
v 740.0000 -60.0000 1120.0000
v 760.0000 -60.0000 1120.0000
v 780.0000 -60.0000 1120.0000
v 800.0000 -60.0000 1120.0000
v 820.0000 -60.0000 1120.0000
v 840.0000 -60.0000 1120.0000
v 860.0000 -60.0000 1120.0000
v 880.0000 -60.0000 1120.0000
v 900.0000 -60.0000 1120.0000
v 920.0000 -60.0000 1120.0000
v 940.0000 -60.0000 1120.0000
v 960.0000 -60.0000 1120.0000
v 980.0000 -60.0000 1120.0000
v 1000.0000 -60.0000 1120.0000
v 0.0000 -60.0000 1140.0000
v 20.0000 -60.0000 1140.0000
v 40.0000 -60.0000 1140.0000
v 60.0000 -60.0000 1140.0000
v 80.0000 -60.0000 1140.0000
v 100.0000 -60.0000 1140.0000
v 120.0000 -60.0000 1140.0000
v 140.0000 -60.0000 1140.0000
v 160.0000 -60.0000 1140.0000
v 180.0000 -60.0000 1140.0000
v 200.0000 -60.0000 1140.0000
v 220.0000 -60.0000 1140.0000
v 240.0000 -60.0000 1140.0000
v 260.0000 -60.0000 1140.0000
v 280.0000 -60.0000 1140.0000
v 300.0000 -60.0000 1140.0000
v 320.0000 -60.0000 1140.0000
v 340.0000 -60.0000 1140.0000
v 360.0000 -60.0000 1140.0000
v 380.0000 -60.0000 1140.0000
v 400.0000 -60.0000 1140.0000
v 420.0000 -60.0000 1140.0000
v 440.0000 -60.0000 1140.0000
v 460.0000 -60.0000 1140.0000
v 480.0000 -60.0000 1140.0000
v 500.0000 -60.0000 1140.0000
v 520.0000 -60.0000 1140.0000
v 540.0000 -60.0000 1140.0000
v 560.0000 -60.0000 1140.0000
v 580.0000 -60.0000 1140.0000
v 600.0000 -60.0000 1140.0000
v 620.0000 -60.0000 1140.0000
v 640.0000 -60.0000 1140.0000
v 660.0000 -60.0000 1140.0000
v 680.0000 -60.0000 1140.0000
v 700.0000 -60.0000 1140.0000
v 720.0000 -60.0000 1140.0000
v 740.0000 -60.0000 1140.0000
v 760.0000 -60.0000 1140.0000
v 780.0000 -60.0000 1140.0000
v 800.0000 -60.0000 1140.0000
v 820.0000 -60.0000 1140.0000
v 840.0000 -60.0000 1140.0000
v 860.0000 -60.0000 1140.0000
v 880.0000 -60.0000 1140.0000
v 900.0000 -60.0000 1140.0000
v 920.0000 -60.0000 1140.0000
v 940.0000 -60.0000 1140.0000
v 960.0000 -60.0000 1140.0000
v 980.0000 -60.0000 1140.0000
v 1000.0000 -60.0000 1140.0000
v 0.0000 -60.0000 1160.0000
v 20.0000 -60.0000 1160.0000
v 40.0000 -60.0000 1160.0000
v 60.0000 -60.0000 1160.0000
v 80.0000 -60.0000 1160.0000
v 100.0000 -60.0000 1160.0000
v 120.0000 -60.0000 1160.0000
v 140.0000 -60.0000 1160.0000
v 160.0000 -60.0000 1160.0000
v 180.0000 -60.0000 1160.0000
v 200.0000 -60.0000 1160.0000
v 220.0000 -60.0000 1160.0000
v 240.0000 -60.0000 1160.0000
v 260.0000 -60.0000 1160.0000
v 280.0000 -60.0000 1160.0000
v 300.0000 -60.0000 1160.0000
v 320.0000 -60.0000 1160.0000
v 340.0000 -60.0000 1160.0000
v 360.0000 -60.0000 1160.0000
v 380.0000 -60.0000 1160.0000
v 400.0000 -60.0000 1160.0000
v 420.0000 -60.0000 1160.0000
v 440.0000 -60.0000 1160.0000
v 460.0000 -60.0000 1160.0000
v 480.0000 -60.0000 1160.0000
v 500.0000 -60.0000 1160.0000
v 520.0000 -60.0000 1160.0000
v 540.0000 -60.0000 1160.0000
v 560.0000 -60.0000 1160.0000
v 580.0000 -60.0000 1160.0000
v 600.0000 -60.0000 1160.0000
v 620.0000 -60.0000 1160.0000
v 640.0000 -60.0000 1160.0000
v 660.0000 -60.0000 1160.0000
v 680.0000 -60.0000 1160.0000
v 700.0000 -60.0000 1160.0000
v 720.0000 -60.0000 1160.0000
v 740.0000 -60.0000 1160.0000
v 760.0000 -60.0000 1160.0000
v 780.0000 -60.0000 1160.0000
v 800.0000 -60.0000 1160.0000
v 820.0000 -60.0000 1160.0000
v 840.0000 -60.0000 1160.0000
v 860.0000 -60.0000 1160.0000
v 880.0000 -60.0000 1160.0000
v 900.0000 -60.0000 1160.0000
v 920.0000 -60.0000 1160.0000
v 940.0000 -60.0000 1160.0000
v 960.0000 -60.0000 1160.0000
v 980.0000 -60.0000 1160.0000
v 1000.0000 -60.0000 1160.0000
v 0.0000 -60.0000 1180.0000
v 20.0000 -60.0000 1180.0000
v 40.0000 -60.0000 1180.0000
v 60.0000 -60.0000 1180.0000
v 80.0000 -60.0000 1180.0000
v 100.0000 -60.0000 1180.0000
v 120.0000 -60.0000 1180.0000
v 140.0000 -60.0000 1180.0000
v 160.0000 -60.0000 1180.0000
v 180.0000 -60.0000 1180.0000
v 200.0000 -60.0000 1180.0000
v 220.0000 -60.0000 1180.0000
v 240.0000 -60.0000 1180.0000
v 260.0000 -60.0000 1180.0000
v 280.0000 -60.0000 1180.0000
v 300.0000 -60.0000 1180.0000
v 320.0000 -60.0000 1180.0000
v 340.0000 -60.0000 1180.0000
v 360.0000 -60.0000 1180.0000
v 380.0000 -60.0000 1180.0000
v 400.0000 -60.0000 1180.0000
v 420.0000 -60.0000 1180.0000
v 440.0000 -60.0000 1180.0000
v 460.0000 -60.0000 1180.0000
v 480.0000 -60.0000 1180.0000
v 500.0000 -60.0000 1180.0000
v 520.0000 -60.0000 1180.0000
v 540.0000 -60.0000 1180.0000
v 560.0000 -60.0000 1180.0000
v 580.0000 -60.0000 1180.0000
v 600.0000 -60.0000 1180.0000
v 620.0000 -60.0000 1180.0000
v 640.0000 -60.0000 1180.0000
v 660.0000 -60.0000 1180.0000
v 680.0000 -60.0000 1180.0000
v 700.0000 -60.0000 1180.0000
v 720.0000 -60.0000 1180.0000
v 740.0000 -60.0000 1180.0000
v 760.0000 -60.0000 1180.0000
v 780.0000 -60.0000 1180.0000
v 800.0000 -60.0000 1180.0000
v 820.0000 -60.0000 1180.0000
v 840.0000 -60.0000 1180.0000
v 860.0000 -60.0000 1180.0000
v 880.0000 -60.0000 1180.0000
v 900.0000 -60.0000 1180.0000
v 920.0000 -60.0000 1180.0000
v 940.0000 -60.0000 1180.0000
v 960.0000 -60.0000 1180.0000
v 980.0000 -60.0000 1180.0000
v 1000.0000 -60.0000 1180.0000
v 0.0000 -60.0000 1200.0000
v 20.0000 -60.0000 1200.0000
v 40.0000 -60.0000 1200.0000
v 60.0000 -60.0000 1200.0000
v 80.0000 -60.0000 1200.0000
v 100.0000 -60.0000 1200.0000
v 120.0000 -60.0000 1200.0000
v 140.0000 -60.0000 1200.0000
v 160.0000 -60.0000 1200.0000
v 180.0000 -60.0000 1200.0000
v 200.0000 -60.0000 1200.0000
v 220.0000 -60.0000 1200.0000
v 240.0000 -60.0000 1200.0000
v 260.0000 -60.0000 1200.0000
v 280.0000 -60.0000 1200.0000
v 300.0000 -60.0000 1200.0000
v 320.0000 -60.0000 1200.0000
v 340.0000 -60.0000 1200.0000
v 360.0000 -60.0000 1200.0000
v 380.0000 -60.0000 1200.0000
v 400.0000 -60.0000 1200.0000
v 420.0000 -60.0000 1200.0000
v 440.0000 -60.0000 1200.0000
v 460.0000 -60.0000 1200.0000
v 480.0000 -60.0000 1200.0000
v 500.0000 -60.0000 1200.0000
v 520.0000 -60.0000 1200.0000
v 540.0000 -60.0000 1200.0000
v 560.0000 -60.0000 1200.0000
v 580.0000 -60.0000 1200.0000
v 600.0000 -60.0000 1200.0000
v 620.0000 -60.0000 1200.0000
v 640.0000 -60.0000 1200.0000
v 660.0000 -60.0000 1200.0000
v 680.0000 -60.0000 1200.0000
v 700.0000 -60.0000 1200.0000
v 720.0000 -60.0000 1200.0000
v 740.0000 -60.0000 1200.0000
v 760.0000 -60.0000 1200.0000
v 780.0000 -60.0000 1200.0000
v 800.0000 -60.0000 1200.0000
v 820.0000 -60.0000 1200.0000
v 840.0000 -60.0000 1200.0000
v 860.0000 -60.0000 1200.0000
v 880.0000 -60.0000 1200.0000
v 900.0000 -60.0000 1200.0000
v 920.0000 -60.0000 1200.0000
v 940.0000 -60.0000 1200.0000
v 960.0000 -60.0000 1200.0000
v 980.0000 -60.0000 1200.0000
v 1000.0000 -60.0000 1200.0000
v 0.0000 -60.0000 1220.0000
v 20.0000 -60.0000 1220.0000
v 40.0000 -60.0000 1220.0000
v 60.0000 -60.0000 1220.0000
v 80.0000 -60.0000 1220.0000
v 100.0000 -60.0000 1220.0000
v 120.0000 -60.0000 1220.0000
v 140.0000 -60.0000 1220.0000
v 160.0000 -60.0000 1220.0000
v 180.0000 -60.0000 1220.0000
v 200.0000 -60.0000 1220.0000
v 220.0000 -60.0000 1220.0000
v 240.0000 -60.0000 1220.0000
v 260.0000 -60.0000 1220.0000
v 280.0000 -60.0000 1220.0000
v 300.0000 -60.0000 1220.0000
v 320.0000 -60.0000 1220.0000
v 340.0000 -60.0000 1220.0000
v 360.0000 -60.0000 1220.0000
v 380.0000 -60.0000 1220.0000
v 400.0000 -60.0000 1220.0000
v 420.0000 -60.0000 1220.0000
v 440.0000 -60.0000 1220.0000
v 460.0000 -60.0000 1220.0000
v 480.0000 -60.0000 1220.0000
v 500.0000 -60.0000 1220.0000
v 520.0000 -60.0000 1220.0000
v 540.0000 -60.0000 1220.0000
v 560.0000 -60.0000 1220.0000
v 580.0000 -60.0000 1220.0000
v 600.0000 -60.0000 1220.0000
v 620.0000 -60.0000 1220.0000
v 640.0000 -60.0000 1220.0000
v 660.0000 -60.0000 1220.0000
v 680.0000 -60.0000 1220.0000
v 700.0000 -60.0000 1220.0000
v 720.0000 -60.0000 1220.0000
v 740.0000 -60.0000 1220.0000
v 760.0000 -60.0000 1220.0000
v 780.0000 -60.0000 1220.0000
v 800.0000 -60.0000 1220.0000
v 820.0000 -60.0000 1220.0000
v 840.0000 -60.0000 1220.0000
v 860.0000 -60.0000 1220.0000
v 880.0000 -60.0000 1220.0000
v 900.0000 -60.0000 1220.0000
v 920.0000 -60.0000 1220.0000
v 940.0000 -60.0000 1220.0000
v 960.0000 -60.0000 1220.0000
v 980.0000 -60.0000 1220.0000
v 1000.0000 -60.0000 1220.0000
v 0.0000 -60.0000 1240.0000
v 20.0000 -60.0000 1240.0000
v 40.0000 -60.0000 1240.0000
v 60.0000 -60.0000 1240.0000
v 80.0000 -60.0000 1240.0000
v 100.0000 -60.0000 1240.0000
v 120.0000 -60.0000 1240.0000
v 140.0000 -60.0000 1240.0000
v 160.0000 -60.0000 1240.0000
v 180.0000 -60.0000 1240.0000
v 200.0000 -60.0000 1240.0000
v 220.0000 -60.0000 1240.0000
v 240.0000 -60.0000 1240.0000
v 260.0000 -60.0000 1240.0000
v 280.0000 -60.0000 1240.0000
v 300.0000 -60.0000 1240.0000
v 320.0000 -60.0000 1240.0000
v 340.0000 -60.0000 1240.0000
v 360.0000 -60.0000 1240.0000
v 380.0000 -60.0000 1240.0000
v 400.0000 -60.0000 1240.0000
v 420.0000 -60.0000 1240.0000
v 440.0000 -60.0000 1240.0000
v 460.0000 -60.0000 1240.0000
v 480.0000 -60.0000 1240.0000
v 500.0000 -60.0000 1240.0000
v 520.0000 -60.0000 1240.0000
v 540.0000 -60.0000 1240.0000
v 560.0000 -60.0000 1240.0000
v 580.0000 -60.0000 1240.0000
v 600.0000 -60.0000 1240.0000
v 620.0000 -60.0000 1240.0000
v 640.0000 -60.0000 1240.0000
v 660.0000 -60.0000 1240.0000
v 680.0000 -60.0000 1240.0000
v 700.0000 -60.0000 1240.0000
v 720.0000 -60.0000 1240.0000
v 740.0000 -60.0000 1240.0000
v 760.0000 -60.0000 1240.0000
v 780.0000 -60.0000 1240.0000
v 800.0000 -60.0000 1240.0000
v 820.0000 -60.0000 1240.0000
v 840.0000 -60.0000 1240.0000
v 860.0000 -60.0000 1240.0000
v 880.0000 -60.0000 1240.0000
v 900.0000 -60.0000 1240.0000
v 920.0000 -60.0000 1240.0000
v 940.0000 -60.0000 1240.0000
v 960.0000 -60.0000 1240.0000
v 980.0000 -60.0000 1240.0000
v 1000.0000 -60.0000 1240.0000
v 0.0000 -60.0000 1260.0000
v 20.0000 -60.0000 1260.0000
v 40.0000 -60.0000 1260.0000
v 60.0000 -60.0000 1260.0000
v 80.0000 -60.0000 1260.0000
v 100.0000 -60.0000 1260.0000
v 120.0000 -60.0000 1260.0000
v 140.0000 -60.0000 1260.0000
v 160.0000 -60.0000 1260.0000
v 180.0000 -60.0000 1260.0000
v 200.0000 -60.0000 1260.0000
v 220.0000 -60.0000 1260.0000
v 240.0000 -60.0000 1260.0000
v 260.0000 -60.0000 1260.0000
v 280.0000 -60.0000 1260.0000
v 300.0000 -60.0000 1260.0000
v 320.0000 -60.0000 1260.0000
v 340.0000 -60.0000 1260.0000
v 360.0000 -60.0000 1260.0000
v 380.0000 -60.0000 1260.0000
v 400.0000 -60.0000 1260.0000
v 420.0000 -60.0000 1260.0000
v 440.0000 -60.0000 1260.0000
v 460.0000 -60.0000 1260.0000
v 480.0000 -60.0000 1260.0000
v 500.0000 -60.0000 1260.0000
v 520.0000 -60.0000 1260.0000
v 540.0000 -60.0000 1260.0000
v 560.0000 -60.0000 1260.0000
v 580.0000 -60.0000 1260.0000
v 600.0000 -60.0000 1260.0000
v 620.0000 -60.0000 1260.0000
v 640.0000 -60.0000 1260.0000
v 660.0000 -60.0000 1260.0000
v 680.0000 -60.0000 1260.0000
v 700.0000 -60.0000 1260.0000
v 720.0000 -60.0000 1260.0000
v 740.0000 -60.0000 1260.0000
v 760.0000 -60.0000 1260.0000
v 780.0000 -60.0000 1260.0000
v 800.0000 -60.0000 1260.0000
v 820.0000 -60.0000 1260.0000
v 840.0000 -60.0000 1260.0000
v 860.0000 -60.0000 1260.0000
v 880.0000 -60.0000 1260.0000
v 900.0000 -60.0000 1260.0000
v 920.0000 -60.0000 1260.0000
v 940.0000 -60.0000 1260.0000
v 960.0000 -60.0000 1260.0000
v 980.0000 -60.0000 1260.0000
v 1000.0000 -60.0000 1260.0000
v 0.0000 -60.0000 1280.0000
v 20.0000 -60.0000 1280.0000
v 40.0000 -60.0000 1280.0000
v 60.0000 -60.0000 1280.0000
v 80.0000 -60.0000 1280.0000
v 100.0000 -60.0000 1280.0000
v 120.0000 -60.0000 1280.0000
v 140.0000 -60.0000 1280.0000
v 160.0000 -60.0000 1280.0000
v 180.0000 -60.0000 1280.0000
v 200.0000 -60.0000 1280.0000
v 220.0000 -60.0000 1280.0000
v 240.0000 -60.0000 1280.0000
v 260.0000 -60.0000 1280.0000
v 280.0000 -60.0000 1280.0000
v 300.0000 -60.0000 1280.0000
v 320.0000 -60.0000 1280.0000
v 340.0000 -60.0000 1280.0000
v 360.0000 -60.0000 1280.0000
v 380.0000 -60.0000 1280.0000
v 400.0000 -60.0000 1280.0000
v 420.0000 -60.0000 1280.0000
v 440.0000 -60.0000 1280.0000
v 460.0000 -60.0000 1280.0000
v 480.0000 -60.0000 1280.0000
v 500.0000 -60.0000 1280.0000
v 520.0000 -60.0000 1280.0000
v 540.0000 -60.0000 1280.0000
v 560.0000 -60.0000 1280.0000
v 580.0000 -60.0000 1280.0000
v 600.0000 -60.0000 1280.0000
v 620.0000 -60.0000 1280.0000
v 640.0000 -60.0000 1280.0000
v 660.0000 -60.0000 1280.0000
v 680.0000 -60.0000 1280.0000
v 700.0000 -60.0000 1280.0000
v 720.0000 -60.0000 1280.0000
v 740.0000 -60.0000 1280.0000
v 760.0000 -60.0000 1280.0000
v 780.0000 -60.0000 1280.0000
v 800.0000 -60.0000 1280.0000
v 820.0000 -60.0000 1280.0000
v 840.0000 -60.0000 1280.0000
v 860.0000 -60.0000 1280.0000
v 880.0000 -60.0000 1280.0000
v 900.0000 -60.0000 1280.0000
v 920.0000 -60.0000 1280.0000
v 940.0000 -60.0000 1280.0000
v 960.0000 -60.0000 1280.0000
v 980.0000 -60.0000 1280.0000
v 1000.0000 -60.0000 1280.0000
v 0.0000 -60.0000 1300.0000
v 20.0000 -60.0000 1300.0000
v 40.0000 -60.0000 1300.0000
v 60.0000 -60.0000 1300.0000
v 80.0000 -60.0000 1300.0000
v 100.0000 -60.0000 1300.0000
v 120.0000 -60.0000 1300.0000
v 140.0000 -60.0000 1300.0000
v 160.0000 -60.0000 1300.0000
v 180.0000 -60.0000 1300.0000
v 200.0000 -60.0000 1300.0000
v 220.0000 -60.0000 1300.0000
v 240.0000 -60.0000 1300.0000
v 260.0000 -60.0000 1300.0000
v 280.0000 -60.0000 1300.0000
v 300.0000 -60.0000 1300.0000
v 320.0000 -60.0000 1300.0000
v 340.0000 -60.0000 1300.0000
v 360.0000 -60.0000 1300.0000
v 380.0000 -60.0000 1300.0000
v 400.0000 -60.0000 1300.0000
v 420.0000 -60.0000 1300.0000
v 440.0000 -60.0000 1300.0000
v 460.0000 -60.0000 1300.0000
v 480.0000 -60.0000 1300.0000
v 500.0000 -60.0000 1300.0000
v 520.0000 -60.0000 1300.0000
v 540.0000 -60.0000 1300.0000
v 560.0000 -60.0000 1300.0000
v 580.0000 -60.0000 1300.0000
v 600.0000 -60.0000 1300.0000
v 620.0000 -60.0000 1300.0000
v 640.0000 -60.0000 1300.0000
v 660.0000 -60.0000 1300.0000
v 680.0000 -60.0000 1300.0000
v 700.0000 -60.0000 1300.0000
v 720.0000 -60.0000 1300.0000
v 740.0000 -60.0000 1300.0000
v 760.0000 -60.0000 1300.0000
v 780.0000 -60.0000 1300.0000
v 800.0000 -60.0000 1300.0000
v 820.0000 -60.0000 1300.0000
v 840.0000 -60.0000 1300.0000
v 860.0000 -60.0000 1300.0000
v 880.0000 -60.0000 1300.0000
v 900.0000 -60.0000 1300.0000
v 920.0000 -60.0000 1300.0000
v 940.0000 -60.0000 1300.0000
v 960.0000 -60.0000 1300.0000
v 980.0000 -60.0000 1300.0000
v 1000.0000 -60.0000 1300.0000
v 0.0000 -60.0000 1320.0000
v 20.0000 -60.0000 1320.0000
v 40.0000 -60.0000 1320.0000
v 60.0000 -60.0000 1320.0000
v 80.0000 -60.0000 1320.0000
v 100.0000 -60.0000 1320.0000
v 120.0000 -60.0000 1320.0000
v 140.0000 -60.0000 1320.0000
v 160.0000 -60.0000 1320.0000
v 180.0000 -60.0000 1320.0000
v 200.0000 -60.0000 1320.0000
v 220.0000 -60.0000 1320.0000
v 240.0000 -60.0000 1320.0000
v 260.0000 -60.0000 1320.0000
v 280.0000 -60.0000 1320.0000
v 300.0000 -60.0000 1320.0000
v 320.0000 -60.0000 1320.0000
v 340.0000 -60.0000 1320.0000
v 360.0000 -60.0000 1320.0000
v 380.0000 -60.0000 1320.0000
v 400.0000 -60.0000 1320.0000
v 420.0000 -60.0000 1320.0000
v 440.0000 -60.0000 1320.0000
v 460.0000 -60.0000 1320.0000
v 480.0000 -60.0000 1320.0000
v 500.0000 -60.0000 1320.0000
v 520.0000 -60.0000 1320.0000
v 540.0000 -60.0000 1320.0000
v 560.0000 -60.0000 1320.0000
v 580.0000 -60.0000 1320.0000
v 600.0000 -60.0000 1320.0000
v 620.0000 -60.0000 1320.0000
v 640.0000 -60.0000 1320.0000
v 660.0000 -60.0000 1320.0000
v 680.0000 -60.0000 1320.0000
v 700.0000 -60.0000 1320.0000
v 720.0000 -60.0000 1320.0000
v 740.0000 -60.0000 1320.0000
v 760.0000 -60.0000 1320.0000
v 780.0000 -60.0000 1320.0000
v 800.0000 -60.0000 1320.0000
v 820.0000 -60.0000 1320.0000
v 840.0000 -60.0000 1320.0000
v 860.0000 -60.0000 1320.0000
v 880.0000 -60.0000 1320.0000
v 900.0000 -60.0000 1320.0000
v 920.0000 -60.0000 1320.0000
v 940.0000 -60.0000 1320.0000
v 960.0000 -60.0000 1320.0000
v 980.0000 -60.0000 1320.0000
v 1000.0000 -60.0000 1320.0000
v 0.0000 -60.0000 1340.0000
v 20.0000 -60.0000 1340.0000
v 40.0000 -60.0000 1340.0000
v 60.0000 -60.0000 1340.0000
v 80.0000 -60.0000 1340.0000
v 100.0000 -60.0000 1340.0000
v 120.0000 -60.0000 1340.0000
v 140.0000 -60.0000 1340.0000
v 160.0000 -60.0000 1340.0000
v 180.0000 -60.0000 1340.0000
v 200.0000 -60.0000 1340.0000
v 220.0000 -60.0000 1340.0000
v 240.0000 -60.0000 1340.0000
v 260.0000 -60.0000 1340.0000
v 280.0000 -60.0000 1340.0000
v 300.0000 -60.0000 1340.0000
v 320.0000 -60.0000 1340.0000
v 340.0000 -60.0000 1340.0000
v 360.0000 -60.0000 1340.0000
v 380.0000 -60.0000 1340.0000
v 400.0000 -60.0000 1340.0000
v 420.0000 -60.0000 1340.0000
v 440.0000 -60.0000 1340.0000
v 460.0000 -60.0000 1340.0000
v 480.0000 -60.0000 1340.0000
v 500.0000 -60.0000 1340.0000
v 520.0000 -60.0000 1340.0000
v 540.0000 -60.0000 1340.0000
v 560.0000 -60.0000 1340.0000
v 580.0000 -60.0000 1340.0000
v 600.0000 -60.0000 1340.0000
v 620.0000 -60.0000 1340.0000
v 640.0000 -60.0000 1340.0000
v 660.0000 -60.0000 1340.0000
v 680.0000 -60.0000 1340.0000
v 700.0000 -60.0000 1340.0000
v 720.0000 -60.0000 1340.0000
v 740.0000 -60.0000 1340.0000
v 760.0000 -60.0000 1340.0000
v 780.0000 -60.0000 1340.0000
v 800.0000 -60.0000 1340.0000
v 820.0000 -60.0000 1340.0000
v 840.0000 -60.0000 1340.0000
v 860.0000 -60.0000 1340.0000
v 880.0000 -60.0000 1340.0000
v 900.0000 -60.0000 1340.0000
v 920.0000 -60.0000 1340.0000
v 940.0000 -60.0000 1340.0000
v 960.0000 -60.0000 1340.0000
v 980.0000 -60.0000 1340.0000
v 1000.0000 -60.0000 1340.0000
v 0.0000 -60.0000 1360.0000
v 20.0000 -60.0000 1360.0000
v 40.0000 -60.0000 1360.0000
v 60.0000 -60.0000 1360.0000
v 80.0000 -60.0000 1360.0000
v 100.0000 -60.0000 1360.0000
v 120.0000 -60.0000 1360.0000
v 140.0000 -60.0000 1360.0000
v 160.0000 -60.0000 1360.0000
v 180.0000 -60.0000 1360.0000
v 200.0000 -60.0000 1360.0000
v 220.0000 -60.0000 1360.0000
v 240.0000 -60.0000 1360.0000
v 260.0000 -60.0000 1360.0000
v 280.0000 -60.0000 1360.0000
v 300.0000 -60.0000 1360.0000
v 320.0000 -60.0000 1360.0000
v 340.0000 -60.0000 1360.0000
v 360.0000 -60.0000 1360.0000
v 380.0000 -60.0000 1360.0000
v 400.0000 -60.0000 1360.0000
v 420.0000 -60.0000 1360.0000
v 440.0000 -60.0000 1360.0000
v 460.0000 -60.0000 1360.0000
v 480.0000 -60.0000 1360.0000
v 500.0000 -60.0000 1360.0000
v 520.0000 -60.0000 1360.0000
v 540.0000 -60.0000 1360.0000
v 560.0000 -60.0000 1360.0000
v 580.0000 -60.0000 1360.0000
v 600.0000 -60.0000 1360.0000
v 620.0000 -60.0000 1360.0000
v 640.0000 -60.0000 1360.0000
v 660.0000 -60.0000 1360.0000
v 680.0000 -60.0000 1360.0000
v 700.0000 -60.0000 1360.0000
v 720.0000 -60.0000 1360.0000
v 740.0000 -60.0000 1360.0000
v 760.0000 -60.0000 1360.0000
v 780.0000 -60.0000 1360.0000
v 800.0000 -60.0000 1360.0000
v 820.0000 -60.0000 1360.0000
v 840.0000 -60.0000 1360.0000
v 860.0000 -60.0000 1360.0000
v 880.0000 -60.0000 1360.0000
v 900.0000 -60.0000 1360.0000
v 920.0000 -60.0000 1360.0000
v 940.0000 -60.0000 1360.0000
v 960.0000 -60.0000 1360.0000
v 980.0000 -60.0000 1360.0000
v 1000.0000 -60.0000 1360.0000
v 0.0000 -60.0000 1380.0000
v 20.0000 -60.0000 1380.0000
v 40.0000 -60.0000 1380.0000
v 60.0000 -60.0000 1380.0000
v 80.0000 -60.0000 1380.0000
v 100.0000 -60.0000 1380.0000
v 120.0000 -60.0000 1380.0000
v 140.0000 -60.0000 1380.0000
v 160.0000 -60.0000 1380.0000
v 180.0000 -60.0000 1380.0000
v 200.0000 -60.0000 1380.0000
v 220.0000 -60.0000 1380.0000
v 240.0000 -60.0000 1380.0000
v 260.0000 -60.0000 1380.0000
v 280.0000 -60.0000 1380.0000
v 300.0000 -60.0000 1380.0000
v 320.0000 -60.0000 1380.0000
v 340.0000 -60.0000 1380.0000
v 360.0000 -60.0000 1380.0000
v 380.0000 -60.0000 1380.0000
v 400.0000 -60.0000 1380.0000
v 420.0000 -60.0000 1380.0000
v 440.0000 -60.0000 1380.0000
v 460.0000 -60.0000 1380.0000
v 480.0000 -60.0000 1380.0000
v 500.0000 -60.0000 1380.0000
v 520.0000 -60.0000 1380.0000
v 540.0000 -60.0000 1380.0000
v 560.0000 -60.0000 1380.0000
v 580.0000 -60.0000 1380.0000
v 600.0000 -60.0000 1380.0000
v 620.0000 -60.0000 1380.0000
v 640.0000 -60.0000 1380.0000
v 660.0000 -60.0000 1380.0000
v 680.0000 -60.0000 1380.0000
v 700.0000 -60.0000 1380.0000
v 720.0000 -60.0000 1380.0000
v 740.0000 -60.0000 1380.0000
v 760.0000 -60.0000 1380.0000
v 780.0000 -60.0000 1380.0000
v 800.0000 -60.0000 1380.0000
v 820.0000 -60.0000 1380.0000
v 840.0000 -60.0000 1380.0000
v 860.0000 -60.0000 1380.0000
v 880.0000 -60.0000 1380.0000
v 900.0000 -60.0000 1380.0000
v 920.0000 -60.0000 1380.0000
v 940.0000 -60.0000 1380.0000
v 960.0000 -60.0000 1380.0000
v 980.0000 -60.0000 1380.0000
v 1000.0000 -60.0000 1380.0000
v 0.0000 -60.0000 1400.0000
v 20.0000 -60.0000 1400.0000
v 40.0000 -60.0000 1400.0000
v 60.0000 -60.0000 1400.0000
v 80.0000 -60.0000 1400.0000
v 100.0000 -60.0000 1400.0000
v 120.0000 -60.0000 1400.0000
v 140.0000 -60.0000 1400.0000
v 160.0000 -60.0000 1400.0000
v 180.0000 -60.0000 1400.0000
v 200.0000 -60.0000 1400.0000
v 220.0000 -60.0000 1400.0000
v 240.0000 -60.0000 1400.0000
v 260.0000 -60.0000 1400.0000
v 280.0000 -60.0000 1400.0000
v 300.0000 -60.0000 1400.0000
v 320.0000 -60.0000 1400.0000
v 340.0000 -60.0000 1400.0000
v 360.0000 -60.0000 1400.0000
v 380.0000 -60.0000 1400.0000
v 400.0000 -60.0000 1400.0000
v 420.0000 -60.0000 1400.0000
v 440.0000 -60.0000 1400.0000
v 460.0000 -60.0000 1400.0000
v 480.0000 -60.0000 1400.0000
v 500.0000 -60.0000 1400.0000
v 520.0000 -60.0000 1400.0000
v 540.0000 -60.0000 1400.0000
v 560.0000 -60.0000 1400.0000
v 580.0000 -60.0000 1400.0000
v 600.0000 -60.0000 1400.0000
v 620.0000 -60.0000 1400.0000
v 640.0000 -60.0000 1400.0000
v 660.0000 -60.0000 1400.0000
v 680.0000 -60.0000 1400.0000
v 700.0000 -60.0000 1400.0000
v 720.0000 -60.0000 1400.0000
v 740.0000 -60.0000 1400.0000
v 760.0000 -60.0000 1400.0000
v 780.0000 -60.0000 1400.0000
v 800.0000 -60.0000 1400.0000
v 820.0000 -60.0000 1400.0000
v 840.0000 -60.0000 1400.0000
v 860.0000 -60.0000 1400.0000
v 880.0000 -60.0000 1400.0000
v 900.0000 -60.0000 1400.0000
v 920.0000 -60.0000 1400.0000
v 940.0000 -60.0000 1400.0000
v 960.0000 -60.0000 1400.0000
v 980.0000 -60.0000 1400.0000
v 1000.0000 -60.0000 1400.0000
v 0.0000 -60.0000 1420.0000
v 20.0000 -60.0000 1420.0000
v 40.0000 -60.0000 1420.0000
v 60.0000 -60.0000 1420.0000
v 80.0000 -60.0000 1420.0000
v 100.0000 -60.0000 1420.0000
v 120.0000 -60.0000 1420.0000
v 140.0000 -60.0000 1420.0000
v 160.0000 -60.0000 1420.0000
v 180.0000 -60.0000 1420.0000
v 200.0000 -60.0000 1420.0000
v 220.0000 -60.0000 1420.0000
v 240.0000 -60.0000 1420.0000
v 260.0000 -60.0000 1420.0000
v 280.0000 -60.0000 1420.0000
v 300.0000 -60.0000 1420.0000
v 320.0000 -60.0000 1420.0000
v 340.0000 -60.0000 1420.0000
v 360.0000 -60.0000 1420.0000
v 380.0000 -60.0000 1420.0000
v 400.0000 -60.0000 1420.0000
v 420.0000 -60.0000 1420.0000
v 440.0000 -60.0000 1420.0000
v 460.0000 -60.0000 1420.0000
v 480.0000 -60.0000 1420.0000
v 500.0000 -60.0000 1420.0000
v 520.0000 -60.0000 1420.0000
v 540.0000 -60.0000 1420.0000
v 560.0000 -60.0000 1420.0000
v 580.0000 -60.0000 1420.0000
v 600.0000 -60.0000 1420.0000
v 620.0000 -60.0000 1420.0000
v 640.0000 -60.0000 1420.0000
v 660.0000 -60.0000 1420.0000
v 680.0000 -60.0000 1420.0000
v 700.0000 -60.0000 1420.0000
v 720.0000 -60.0000 1420.0000
v 740.0000 -60.0000 1420.0000
v 760.0000 -60.0000 1420.0000
v 780.0000 -60.0000 1420.0000
v 800.0000 -60.0000 1420.0000
v 820.0000 -60.0000 1420.0000
v 840.0000 -60.0000 1420.0000
v 860.0000 -60.0000 1420.0000
v 880.0000 -60.0000 1420.0000
v 900.0000 -60.0000 1420.0000
v 920.0000 -60.0000 1420.0000
v 940.0000 -60.0000 1420.0000
v 960.0000 -60.0000 1420.0000
v 980.0000 -60.0000 1420.0000
v 1000.0000 -60.0000 1420.0000
v 0.0000 -60.0000 1440.0000
v 20.0000 -60.0000 1440.0000
v 40.0000 -60.0000 1440.0000
v 60.0000 -60.0000 1440.0000
v 80.0000 -60.0000 1440.0000
v 100.0000 -60.0000 1440.0000
v 120.0000 -60.0000 1440.0000
v 140.0000 -60.0000 1440.0000
v 160.0000 -60.0000 1440.0000
v 180.0000 -60.0000 1440.0000
v 200.0000 -60.0000 1440.0000
v 220.0000 -60.0000 1440.0000
v 240.0000 -60.0000 1440.0000
v 260.0000 -60.0000 1440.0000
v 280.0000 -60.0000 1440.0000
v 300.0000 -60.0000 1440.0000
v 320.0000 -60.0000 1440.0000
v 340.0000 -60.0000 1440.0000
v 360.0000 -60.0000 1440.0000
v 380.0000 -60.0000 1440.0000
v 400.0000 -60.0000 1440.0000
v 420.0000 -60.0000 1440.0000
v 440.0000 -60.0000 1440.0000
v 460.0000 -60.0000 1440.0000
v 480.0000 -60.0000 1440.0000
v 500.0000 -60.0000 1440.0000
v 520.0000 -60.0000 1440.0000
v 540.0000 -60.0000 1440.0000
v 560.0000 -60.0000 1440.0000
v 580.0000 -60.0000 1440.0000
v 600.0000 -60.0000 1440.0000
v 620.0000 -60.0000 1440.0000
v 640.0000 -60.0000 1440.0000
v 660.0000 -60.0000 1440.0000
v 680.0000 -60.0000 1440.0000
v 700.0000 -60.0000 1440.0000
v 720.0000 -60.0000 1440.0000
v 740.0000 -60.0000 1440.0000
v 760.0000 -60.0000 1440.0000
v 780.0000 -60.0000 1440.0000
v 800.0000 -60.0000 1440.0000
v 820.0000 -60.0000 1440.0000
v 840.0000 -60.0000 1440.0000
v 860.0000 -60.0000 1440.0000
v 880.0000 -60.0000 1440.0000
v 900.0000 -60.0000 1440.0000
v 920.0000 -60.0000 1440.0000
v 940.0000 -60.0000 1440.0000
v 960.0000 -60.0000 1440.0000
v 980.0000 -60.0000 1440.0000
v 1000.0000 -60.0000 1440.0000
v 0.0000 -60.0000 1460.0000
v 20.0000 -60.0000 1460.0000
v 40.0000 -60.0000 1460.0000
v 60.0000 -60.0000 1460.0000
v 80.0000 -60.0000 1460.0000
v 100.0000 -60.0000 1460.0000
v 120.0000 -60.0000 1460.0000
v 140.0000 -60.0000 1460.0000
v 160.0000 -60.0000 1460.0000
v 180.0000 -60.0000 1460.0000
v 200.0000 -60.0000 1460.0000
v 220.0000 -60.0000 1460.0000
v 240.0000 -60.0000 1460.0000
v 260.0000 -60.0000 1460.0000
v 280.0000 -60.0000 1460.0000
v 300.0000 -60.0000 1460.0000
v 320.0000 -60.0000 1460.0000
v 340.0000 -60.0000 1460.0000
v 360.0000 -60.0000 1460.0000
v 380.0000 -60.0000 1460.0000
v 400.0000 -60.0000 1460.0000
v 420.0000 -60.0000 1460.0000
v 440.0000 -60.0000 1460.0000
v 460.0000 -60.0000 1460.0000
v 480.0000 -60.0000 1460.0000
v 500.0000 -60.0000 1460.0000
v 520.0000 -60.0000 1460.0000
v 540.0000 -60.0000 1460.0000
v 560.0000 -60.0000 1460.0000
v 580.0000 -60.0000 1460.0000
v 600.0000 -60.0000 1460.0000
v 620.0000 -60.0000 1460.0000
v 640.0000 -60.0000 1460.0000
v 660.0000 -60.0000 1460.0000
v 680.0000 -60.0000 1460.0000
v 700.0000 -60.0000 1460.0000
v 720.0000 -60.0000 1460.0000
v 740.0000 -60.0000 1460.0000
v 760.0000 -60.0000 1460.0000
v 780.0000 -60.0000 1460.0000
v 800.0000 -60.0000 1460.0000
v 820.0000 -60.0000 1460.0000
v 840.0000 -60.0000 1460.0000
v 860.0000 -60.0000 1460.0000
v 880.0000 -60.0000 1460.0000
v 900.0000 -60.0000 1460.0000
v 920.0000 -60.0000 1460.0000
v 940.0000 -60.0000 1460.0000
v 960.0000 -60.0000 1460.0000
v 980.0000 -60.0000 1460.0000
v 1000.0000 -60.0000 1460.0000
v 0.0000 -60.0000 1480.0000
v 20.0000 -60.0000 1480.0000
v 40.0000 -60.0000 1480.0000
v 60.0000 -60.0000 1480.0000
v 80.0000 -60.0000 1480.0000
v 100.0000 -60.0000 1480.0000
v 120.0000 -60.0000 1480.0000
v 140.0000 -60.0000 1480.0000
v 160.0000 -60.0000 1480.0000
v 180.0000 -60.0000 1480.0000
v 200.0000 -60.0000 1480.0000
v 220.0000 -60.0000 1480.0000
v 240.0000 -60.0000 1480.0000
v 260.0000 -60.0000 1480.0000
v 280.0000 -60.0000 1480.0000
v 300.0000 -60.0000 1480.0000
v 320.0000 -60.0000 1480.0000
v 340.0000 -60.0000 1480.0000
v 360.0000 -60.0000 1480.0000
v 380.0000 -60.0000 1480.0000
v 400.0000 -60.0000 1480.0000
v 420.0000 -60.0000 1480.0000
v 440.0000 -60.0000 1480.0000
v 460.0000 -60.0000 1480.0000
v 480.0000 -60.0000 1480.0000
v 500.0000 -60.0000 1480.0000
v 520.0000 -60.0000 1480.0000
v 540.0000 -60.0000 1480.0000
v 560.0000 -60.0000 1480.0000
v 580.0000 -60.0000 1480.0000
v 600.0000 -60.0000 1480.0000
v 620.0000 -60.0000 1480.0000
v 640.0000 -60.0000 1480.0000
v 660.0000 -60.0000 1480.0000
v 680.0000 -60.0000 1480.0000
v 700.0000 -60.0000 1480.0000
v 720.0000 -60.0000 1480.0000
v 740.0000 -60.0000 1480.0000
v 760.0000 -60.0000 1480.0000
v 780.0000 -60.0000 1480.0000
v 800.0000 -60.0000 1480.0000
v 820.0000 -60.0000 1480.0000
v 840.0000 -60.0000 1480.0000
v 860.0000 -60.0000 1480.0000
v 880.0000 -60.0000 1480.0000
v 900.0000 -60.0000 1480.0000
v 920.0000 -60.0000 1480.0000
v 940.0000 -60.0000 1480.0000
v 960.0000 -60.0000 1480.0000
v 980.0000 -60.0000 1480.0000
v 1000.0000 -60.0000 1480.0000
v 0.0000 -60.0000 1500.0000
v 20.0000 -60.0000 1500.0000
v 40.0000 -60.0000 1500.0000
v 60.0000 -60.0000 1500.0000
v 80.0000 -60.0000 1500.0000
v 100.0000 -60.0000 1500.0000
v 120.0000 -60.0000 1500.0000
v 140.0000 -60.0000 1500.0000
v 160.0000 -60.0000 1500.0000
v 180.0000 -60.0000 1500.0000
v 200.0000 -60.0000 1500.0000
v 220.0000 -60.0000 1500.0000
v 240.0000 -60.0000 1500.0000
v 260.0000 -60.0000 1500.0000
v 280.0000 -60.0000 1500.0000
v 300.0000 -60.0000 1500.0000
v 320.0000 -60.0000 1500.0000
v 340.0000 -60.0000 1500.0000
v 360.0000 -60.0000 1500.0000
v 380.0000 -60.0000 1500.0000
v 400.0000 -60.0000 1500.0000
v 420.0000 -60.0000 1500.0000
v 440.0000 -60.0000 1500.0000
v 460.0000 -60.0000 1500.0000
v 480.0000 -60.0000 1500.0000
v 500.0000 -60.0000 1500.0000
v 520.0000 -60.0000 1500.0000
v 540.0000 -60.0000 1500.0000
v 560.0000 -60.0000 1500.0000
v 580.0000 -60.0000 1500.0000
v 600.0000 -60.0000 1500.0000
v 620.0000 -60.0000 1500.0000
v 640.0000 -60.0000 1500.0000
v 660.0000 -60.0000 1500.0000
v 680.0000 -60.0000 1500.0000
v 700.0000 -60.0000 1500.0000
v 720.0000 -60.0000 1500.0000
v 740.0000 -60.0000 1500.0000
v 760.0000 -60.0000 1500.0000
v 780.0000 -60.0000 1500.0000
v 800.0000 -60.0000 1500.0000
v 820.0000 -60.0000 1500.0000
v 840.0000 -60.0000 1500.0000
v 860.0000 -60.0000 1500.0000
v 880.0000 -60.0000 1500.0000
v 900.0000 -60.0000 1500.0000
v 920.0000 -60.0000 1500.0000
v 940.0000 -60.0000 1500.0000
v 960.0000 -60.0000 1500.0000
v 980.0000 -60.0000 1500.0000
v 1000.0000 -60.0000 1500.0000
v 0.0000 -60.0000 1520.0000
v 20.0000 -60.0000 1520.0000
v 40.0000 -60.0000 1520.0000
v 60.0000 -60.0000 1520.0000
v 80.0000 -60.0000 1520.0000
v 100.0000 -60.0000 1520.0000
v 120.0000 -60.0000 1520.0000
v 140.0000 -60.0000 1520.0000
v 160.0000 -60.0000 1520.0000
v 180.0000 -60.0000 1520.0000
v 200.0000 -60.0000 1520.0000
v 220.0000 -60.0000 1520.0000
v 240.0000 -60.0000 1520.0000
v 260.0000 -60.0000 1520.0000
v 280.0000 -60.0000 1520.0000
v 300.0000 -60.0000 1520.0000
v 320.0000 -60.0000 1520.0000
v 340.0000 -60.0000 1520.0000
v 360.0000 -60.0000 1520.0000
v 380.0000 -60.0000 1520.0000
v 400.0000 -60.0000 1520.0000
v 420.0000 -60.0000 1520.0000
v 440.0000 -60.0000 1520.0000
v 460.0000 -60.0000 1520.0000
v 480.0000 -60.0000 1520.0000
v 500.0000 -60.0000 1520.0000
v 520.0000 -60.0000 1520.0000
v 540.0000 -60.0000 1520.0000
v 560.0000 -60.0000 1520.0000
v 580.0000 -60.0000 1520.0000
v 600.0000 -60.0000 1520.0000
v 620.0000 -60.0000 1520.0000
v 640.0000 -60.0000 1520.0000
v 660.0000 -60.0000 1520.0000
v 680.0000 -60.0000 1520.0000
v 700.0000 -60.0000 1520.0000
v 720.0000 -60.0000 1520.0000
v 740.0000 -60.0000 1520.0000
v 760.0000 -60.0000 1520.0000
v 780.0000 -60.0000 1520.0000
v 800.0000 -60.0000 1520.0000
v 820.0000 -60.0000 1520.0000
v 840.0000 -60.0000 1520.0000
v 860.0000 -60.0000 1520.0000
v 880.0000 -60.0000 1520.0000
v 900.0000 -60.0000 1520.0000
v 920.0000 -60.0000 1520.0000
v 940.0000 -60.0000 1520.0000
v 960.0000 -60.0000 1520.0000
v 980.0000 -60.0000 1520.0000
v 1000.0000 -60.0000 1520.0000
v 0.0000 -60.0000 1540.0000
v 20.0000 -60.0000 1540.0000
v 40.0000 -60.0000 1540.0000
v 60.0000 -60.0000 1540.0000
v 80.0000 -60.0000 1540.0000
v 100.0000 -60.0000 1540.0000
v 120.0000 -60.0000 1540.0000
v 140.0000 -60.0000 1540.0000
v 160.0000 -60.0000 1540.0000
v 180.0000 -60.0000 1540.0000
v 200.0000 -60.0000 1540.0000
v 220.0000 -60.0000 1540.0000
v 240.0000 -60.0000 1540.0000
v 260.0000 -60.0000 1540.0000
v 280.0000 -60.0000 1540.0000
v 300.0000 -60.0000 1540.0000
v 320.0000 -60.0000 1540.0000
v 340.0000 -60.0000 1540.0000
v 360.0000 -60.0000 1540.0000
v 380.0000 -60.0000 1540.0000
v 400.0000 -60.0000 1540.0000
v 420.0000 -60.0000 1540.0000
v 440.0000 -60.0000 1540.0000
v 460.0000 -60.0000 1540.0000
v 480.0000 -60.0000 1540.0000
v 500.0000 -60.0000 1540.0000
v 520.0000 -60.0000 1540.0000
v 540.0000 -60.0000 1540.0000
v 560.0000 -60.0000 1540.0000
v 580.0000 -60.0000 1540.0000
v 600.0000 -60.0000 1540.0000
v 620.0000 -60.0000 1540.0000
v 640.0000 -60.0000 1540.0000
v 660.0000 -60.0000 1540.0000
v 680.0000 -60.0000 1540.0000
v 700.0000 -60.0000 1540.0000
v 720.0000 -60.0000 1540.0000
v 740.0000 -60.0000 1540.0000
v 760.0000 -60.0000 1540.0000
v 780.0000 -60.0000 1540.0000
v 800.0000 -60.0000 1540.0000
v 820.0000 -60.0000 1540.0000
v 840.0000 -60.0000 1540.0000
v 860.0000 -60.0000 1540.0000
v 880.0000 -60.0000 1540.0000
v 900.0000 -60.0000 1540.0000
v 920.0000 -60.0000 1540.0000
v 940.0000 -60.0000 1540.0000
v 960.0000 -60.0000 1540.0000
v 980.0000 -60.0000 1540.0000
v 1000.0000 -60.0000 1540.0000
v 0.0000 -60.0000 1560.0000
v 20.0000 -60.0000 1560.0000
v 40.0000 -60.0000 1560.0000
v 60.0000 -60.0000 1560.0000
v 80.0000 -60.0000 1560.0000
v 100.0000 -60.0000 1560.0000
v 120.0000 -60.0000 1560.0000
v 140.0000 -60.0000 1560.0000
v 160.0000 -60.0000 1560.0000
v 180.0000 -60.0000 1560.0000
v 200.0000 -60.0000 1560.0000
v 220.0000 -60.0000 1560.0000
v 240.0000 -60.0000 1560.0000
v 260.0000 -60.0000 1560.0000
v 280.0000 -60.0000 1560.0000
v 300.0000 -60.0000 1560.0000
v 320.0000 -60.0000 1560.0000
v 340.0000 -60.0000 1560.0000
v 360.0000 -60.0000 1560.0000
v 380.0000 -60.0000 1560.0000
v 400.0000 -60.0000 1560.0000
v 420.0000 -60.0000 1560.0000
v 440.0000 -60.0000 1560.0000
v 460.0000 -60.0000 1560.0000
v 480.0000 -60.0000 1560.0000
v 500.0000 -60.0000 1560.0000
v 520.0000 -60.0000 1560.0000
v 540.0000 -60.0000 1560.0000
v 560.0000 -60.0000 1560.0000
v 580.0000 -60.0000 1560.0000
v 600.0000 -60.0000 1560.0000
v 620.0000 -60.0000 1560.0000
v 640.0000 -60.0000 1560.0000
v 660.0000 -60.0000 1560.0000
v 680.0000 -60.0000 1560.0000
v 700.0000 -60.0000 1560.0000
v 720.0000 -60.0000 1560.0000
v 740.0000 -60.0000 1560.0000
v 760.0000 -60.0000 1560.0000
v 780.0000 -60.0000 1560.0000
v 800.0000 -60.0000 1560.0000
v 820.0000 -60.0000 1560.0000
v 840.0000 -60.0000 1560.0000
v 860.0000 -60.0000 1560.0000
v 880.0000 -60.0000 1560.0000
v 900.0000 -60.0000 1560.0000
v 920.0000 -60.0000 1560.0000
v 940.0000 -60.0000 1560.0000
v 960.0000 -60.0000 1560.0000
v 980.0000 -60.0000 1560.0000
v 1000.0000 -60.0000 1560.0000
v 0.0000 -60.0000 1580.0000
v 20.0000 -60.0000 1580.0000
v 40.0000 -60.0000 1580.0000
v 60.0000 -60.0000 1580.0000
v 80.0000 -60.0000 1580.0000
v 100.0000 -60.0000 1580.0000
v 120.0000 -60.0000 1580.0000
v 140.0000 -60.0000 1580.0000
v 160.0000 -60.0000 1580.0000
v 180.0000 -60.0000 1580.0000
v 200.0000 -60.0000 1580.0000
v 220.0000 -60.0000 1580.0000
v 240.0000 -60.0000 1580.0000
v 260.0000 -60.0000 1580.0000
v 280.0000 -60.0000 1580.0000
v 300.0000 -60.0000 1580.0000
v 320.0000 -60.0000 1580.0000
v 340.0000 -60.0000 1580.0000
v 360.0000 -60.0000 1580.0000
v 380.0000 -60.0000 1580.0000
v 400.0000 -60.0000 1580.0000
v 420.0000 -60.0000 1580.0000
v 440.0000 -60.0000 1580.0000
v 460.0000 -60.0000 1580.0000
v 480.0000 -60.0000 1580.0000
v 500.0000 -60.0000 1580.0000
v 520.0000 -60.0000 1580.0000
v 540.0000 -60.0000 1580.0000
v 560.0000 -60.0000 1580.0000
v 580.0000 -60.0000 1580.0000
v 600.0000 -60.0000 1580.0000
v 620.0000 -60.0000 1580.0000
v 640.0000 -60.0000 1580.0000
v 660.0000 -60.0000 1580.0000
v 680.0000 -60.0000 1580.0000
v 700.0000 -60.0000 1580.0000
v 720.0000 -60.0000 1580.0000
v 740.0000 -60.0000 1580.0000
v 760.0000 -60.0000 1580.0000
v 780.0000 -60.0000 1580.0000
v 800.0000 -60.0000 1580.0000
v 820.0000 -60.0000 1580.0000
v 840.0000 -60.0000 1580.0000
v 860.0000 -60.0000 1580.0000
v 880.0000 -60.0000 1580.0000
v 900.0000 -60.0000 1580.0000
v 920.0000 -60.0000 1580.0000
v 940.0000 -60.0000 1580.0000
v 960.0000 -60.0000 1580.0000
v 980.0000 -60.0000 1580.0000
v 1000.0000 -60.0000 1580.0000
v 0.0000 -60.0000 1600.0000
v 20.0000 -60.0000 1600.0000
v 40.0000 -60.0000 1600.0000
v 60.0000 -60.0000 1600.0000
v 80.0000 -60.0000 1600.0000
v 100.0000 -60.0000 1600.0000
v 120.0000 -60.0000 1600.0000
v 140.0000 -60.0000 1600.0000
v 160.0000 -60.0000 1600.0000
v 180.0000 -60.0000 1600.0000
v 200.0000 -60.0000 1600.0000
v 220.0000 -60.0000 1600.0000
v 240.0000 -60.0000 1600.0000
v 260.0000 -60.0000 1600.0000
v 280.0000 -60.0000 1600.0000
v 300.0000 -60.0000 1600.0000
v 320.0000 -60.0000 1600.0000
v 340.0000 -60.0000 1600.0000
v 360.0000 -60.0000 1600.0000
v 380.0000 -60.0000 1600.0000
v 400.0000 -60.0000 1600.0000
v 420.0000 -60.0000 1600.0000
v 440.0000 -60.0000 1600.0000
v 460.0000 -60.0000 1600.0000
v 480.0000 -60.0000 1600.0000
v 500.0000 -60.0000 1600.0000
v 520.0000 -60.0000 1600.0000
v 540.0000 -60.0000 1600.0000
v 560.0000 -60.0000 1600.0000
v 580.0000 -60.0000 1600.0000
v 600.0000 -60.0000 1600.0000
v 620.0000 -60.0000 1600.0000
v 640.0000 -60.0000 1600.0000
v 660.0000 -60.0000 1600.0000
v 680.0000 -60.0000 1600.0000
v 700.0000 -60.0000 1600.0000
v 720.0000 -60.0000 1600.0000
v 740.0000 -60.0000 1600.0000
v 760.0000 -60.0000 1600.0000
v 780.0000 -60.0000 1600.0000
v 800.0000 -60.0000 1600.0000
v 820.0000 -60.0000 1600.0000
v 840.0000 -60.0000 1600.0000
v 860.0000 -60.0000 1600.0000
v 880.0000 -60.0000 1600.0000
v 900.0000 -60.0000 1600.0000
v 920.0000 -60.0000 1600.0000
v 940.0000 -60.0000 1600.0000
v 960.0000 -60.0000 1600.0000
v 980.0000 -60.0000 1600.0000
v 1000.0000 -60.0000 1600.0000
v 0.0000 -60.0000 1620.0000
v 20.0000 -60.0000 1620.0000
v 40.0000 -60.0000 1620.0000
v 60.0000 -60.0000 1620.0000
v 80.0000 -60.0000 1620.0000
v 100.0000 -60.0000 1620.0000
v 120.0000 -60.0000 1620.0000
v 140.0000 -60.0000 1620.0000
v 160.0000 -60.0000 1620.0000
v 180.0000 -60.0000 1620.0000
v 200.0000 -60.0000 1620.0000
v 220.0000 -60.0000 1620.0000
v 240.0000 -60.0000 1620.0000
v 260.0000 -60.0000 1620.0000
v 280.0000 -60.0000 1620.0000
v 300.0000 -60.0000 1620.0000
v 320.0000 -60.0000 1620.0000
v 340.0000 -60.0000 1620.0000
v 360.0000 -60.0000 1620.0000
v 380.0000 -60.0000 1620.0000
v 400.0000 -60.0000 1620.0000
v 420.0000 -60.0000 1620.0000
v 440.0000 -60.0000 1620.0000
v 460.0000 -60.0000 1620.0000
v 480.0000 -60.0000 1620.0000
v 500.0000 -60.0000 1620.0000
v 520.0000 -60.0000 1620.0000
v 540.0000 -60.0000 1620.0000
v 560.0000 -60.0000 1620.0000
v 580.0000 -60.0000 1620.0000
v 600.0000 -60.0000 1620.0000
v 620.0000 -60.0000 1620.0000
v 640.0000 -60.0000 1620.0000
v 660.0000 -60.0000 1620.0000
v 680.0000 -60.0000 1620.0000
v 700.0000 -60.0000 1620.0000
v 720.0000 -60.0000 1620.0000
v 740.0000 -60.0000 1620.0000
v 760.0000 -60.0000 1620.0000
v 780.0000 -60.0000 1620.0000
v 800.0000 -60.0000 1620.0000
v 820.0000 -60.0000 1620.0000
v 840.0000 -60.0000 1620.0000
v 860.0000 -60.0000 1620.0000
v 880.0000 -60.0000 1620.0000
v 900.0000 -60.0000 1620.0000
v 920.0000 -60.0000 1620.0000
v 940.0000 -60.0000 1620.0000
v 960.0000 -60.0000 1620.0000
v 980.0000 -60.0000 1620.0000
v 1000.0000 -60.0000 1620.0000
v 0.0000 -60.0000 1640.0000
v 20.0000 -60.0000 1640.0000
v 40.0000 -60.0000 1640.0000
v 60.0000 -60.0000 1640.0000
v 80.0000 -60.0000 1640.0000
v 100.0000 -60.0000 1640.0000
v 120.0000 -60.0000 1640.0000
v 140.0000 -60.0000 1640.0000
v 160.0000 -60.0000 1640.0000
v 180.0000 -60.0000 1640.0000
v 200.0000 -60.0000 1640.0000
v 220.0000 -60.0000 1640.0000
v 240.0000 -60.0000 1640.0000
v 260.0000 -60.0000 1640.0000
v 280.0000 -60.0000 1640.0000
v 300.0000 -60.0000 1640.0000
v 320.0000 -60.0000 1640.0000
v 340.0000 -60.0000 1640.0000
v 360.0000 -60.0000 1640.0000
v 380.0000 -60.0000 1640.0000
v 400.0000 -60.0000 1640.0000
v 420.0000 -60.0000 1640.0000
v 440.0000 -60.0000 1640.0000
v 460.0000 -60.0000 1640.0000
v 480.0000 -60.0000 1640.0000
v 500.0000 -60.0000 1640.0000
v 520.0000 -60.0000 1640.0000
v 540.0000 -60.0000 1640.0000
v 560.0000 -60.0000 1640.0000
v 580.0000 -60.0000 1640.0000
v 600.0000 -60.0000 1640.0000
v 620.0000 -60.0000 1640.0000
v 640.0000 -60.0000 1640.0000
v 660.0000 -60.0000 1640.0000
v 680.0000 -60.0000 1640.0000
v 700.0000 -60.0000 1640.0000
v 720.0000 -60.0000 1640.0000
v 740.0000 -60.0000 1640.0000
v 760.0000 -60.0000 1640.0000
v 780.0000 -60.0000 1640.0000
v 800.0000 -60.0000 1640.0000
v 820.0000 -60.0000 1640.0000
v 840.0000 -60.0000 1640.0000
v 860.0000 -60.0000 1640.0000
v 880.0000 -60.0000 1640.0000
v 900.0000 -60.0000 1640.0000
v 920.0000 -60.0000 1640.0000
v 940.0000 -60.0000 1640.0000
v 960.0000 -60.0000 1640.0000
v 980.0000 -60.0000 1640.0000
v 1000.0000 -60.0000 1640.0000
v 0.0000 -60.0000 1660.0000
v 20.0000 -60.0000 1660.0000
v 40.0000 -60.0000 1660.0000
v 60.0000 -60.0000 1660.0000
v 80.0000 -60.0000 1660.0000
v 100.0000 -60.0000 1660.0000
v 120.0000 -60.0000 1660.0000
v 140.0000 -60.0000 1660.0000
v 160.0000 -60.0000 1660.0000
v 180.0000 -60.0000 1660.0000
v 200.0000 -60.0000 1660.0000
v 220.0000 -60.0000 1660.0000
v 240.0000 -60.0000 1660.0000
v 260.0000 -60.0000 1660.0000
v 280.0000 -60.0000 1660.0000
v 300.0000 -60.0000 1660.0000
v 320.0000 -60.0000 1660.0000
v 340.0000 -60.0000 1660.0000
v 360.0000 -60.0000 1660.0000
v 380.0000 -60.0000 1660.0000
v 400.0000 -60.0000 1660.0000
v 420.0000 -60.0000 1660.0000
v 440.0000 -60.0000 1660.0000
v 460.0000 -60.0000 1660.0000
v 480.0000 -60.0000 1660.0000
v 500.0000 -60.0000 1660.0000
v 520.0000 -60.0000 1660.0000
v 540.0000 -60.0000 1660.0000
v 560.0000 -60.0000 1660.0000
v 580.0000 -60.0000 1660.0000
v 600.0000 -60.0000 1660.0000
v 620.0000 -60.0000 1660.0000
v 640.0000 -60.0000 1660.0000
v 660.0000 -60.0000 1660.0000
v 680.0000 -60.0000 1660.0000
v 700.0000 -60.0000 1660.0000
v 720.0000 -60.0000 1660.0000
v 740.0000 -60.0000 1660.0000
v 760.0000 -60.0000 1660.0000
v 780.0000 -60.0000 1660.0000
v 800.0000 -60.0000 1660.0000
v 820.0000 -60.0000 1660.0000
v 840.0000 -60.0000 1660.0000
v 860.0000 -60.0000 1660.0000
v 880.0000 -60.0000 1660.0000
v 900.0000 -60.0000 1660.0000
v 920.0000 -60.0000 1660.0000
v 940.0000 -60.0000 1660.0000
v 960.0000 -60.0000 1660.0000
v 980.0000 -60.0000 1660.0000
v 1000.0000 -60.0000 1660.0000
v 0.0000 -60.0000 1680.0000
v 20.0000 -60.0000 1680.0000
v 40.0000 -60.0000 1680.0000
v 60.0000 -60.0000 1680.0000
v 80.0000 -60.0000 1680.0000
v 100.0000 -60.0000 1680.0000
v 120.0000 -60.0000 1680.0000
v 140.0000 -60.0000 1680.0000
v 160.0000 -60.0000 1680.0000
v 180.0000 -60.0000 1680.0000
v 200.0000 -60.0000 1680.0000
v 220.0000 -60.0000 1680.0000
v 240.0000 -60.0000 1680.0000
v 260.0000 -60.0000 1680.0000
v 280.0000 -60.0000 1680.0000
v 300.0000 -60.0000 1680.0000
v 320.0000 -60.0000 1680.0000
v 340.0000 -60.0000 1680.0000
v 360.0000 -60.0000 1680.0000
v 380.0000 -60.0000 1680.0000
v 400.0000 -60.0000 1680.0000
v 420.0000 -60.0000 1680.0000
v 440.0000 -60.0000 1680.0000
v 460.0000 -60.0000 1680.0000
v 480.0000 -60.0000 1680.0000
v 500.0000 -60.0000 1680.0000
v 520.0000 -60.0000 1680.0000
v 540.0000 -60.0000 1680.0000
v 560.0000 -60.0000 1680.0000
v 580.0000 -60.0000 1680.0000
v 600.0000 -60.0000 1680.0000
v 620.0000 -60.0000 1680.0000
v 640.0000 -60.0000 1680.0000
v 660.0000 -60.0000 1680.0000
v 680.0000 -60.0000 1680.0000
v 700.0000 -60.0000 1680.0000
v 720.0000 -60.0000 1680.0000
v 740.0000 -60.0000 1680.0000
v 760.0000 -60.0000 1680.0000
v 780.0000 -60.0000 1680.0000
v 800.0000 -60.0000 1680.0000
v 820.0000 -60.0000 1680.0000
v 840.0000 -60.0000 1680.0000
v 860.0000 -60.0000 1680.0000
v 880.0000 -60.0000 1680.0000
v 900.0000 -60.0000 1680.0000
v 920.0000 -60.0000 1680.0000
v 940.0000 -60.0000 1680.0000
v 960.0000 -60.0000 1680.0000
v 980.0000 -60.0000 1680.0000
v 1000.0000 -60.0000 1680.0000
v 0.0000 -60.0000 1700.0000
v 20.0000 -60.0000 1700.0000
v 40.0000 -60.0000 1700.0000
v 60.0000 -60.0000 1700.0000
v 80.0000 -60.0000 1700.0000
v 100.0000 -60.0000 1700.0000
v 120.0000 -60.0000 1700.0000
v 140.0000 -60.0000 1700.0000
v 160.0000 -60.0000 1700.0000
v 180.0000 -60.0000 1700.0000
v 200.0000 -60.0000 1700.0000
v 220.0000 -60.0000 1700.0000
v 240.0000 -60.0000 1700.0000
v 260.0000 -60.0000 1700.0000
v 280.0000 -60.0000 1700.0000
v 300.0000 -60.0000 1700.0000
v 320.0000 -60.0000 1700.0000
v 340.0000 -60.0000 1700.0000
v 360.0000 -60.0000 1700.0000
v 380.0000 -60.0000 1700.0000
v 400.0000 -60.0000 1700.0000
v 420.0000 -60.0000 1700.0000
v 440.0000 -60.0000 1700.0000
v 460.0000 -60.0000 1700.0000
v 480.0000 -60.0000 1700.0000
v 500.0000 -60.0000 1700.0000
v 520.0000 -60.0000 1700.0000
v 540.0000 -60.0000 1700.0000
v 560.0000 -60.0000 1700.0000
v 580.0000 -60.0000 1700.0000
v 600.0000 -60.0000 1700.0000
v 620.0000 -60.0000 1700.0000
v 640.0000 -60.0000 1700.0000
v 660.0000 -60.0000 1700.0000
v 680.0000 -60.0000 1700.0000
v 700.0000 -60.0000 1700.0000
v 720.0000 -60.0000 1700.0000
v 740.0000 -60.0000 1700.0000
v 760.0000 -60.0000 1700.0000
v 780.0000 -60.0000 1700.0000
v 800.0000 -60.0000 1700.0000
v 820.0000 -60.0000 1700.0000
v 840.0000 -60.0000 1700.0000
v 860.0000 -60.0000 1700.0000
v 880.0000 -60.0000 1700.0000
v 900.0000 -60.0000 1700.0000
v 920.0000 -60.0000 1700.0000
v 940.0000 -60.0000 1700.0000
v 960.0000 -60.0000 1700.0000
v 980.0000 -60.0000 1700.0000
v 1000.0000 -60.0000 1700.0000
v 0.0000 -60.0000 1720.0000
v 20.0000 -60.0000 1720.0000
v 40.0000 -60.0000 1720.0000
v 60.0000 -60.0000 1720.0000
v 80.0000 -60.0000 1720.0000
v 100.0000 -60.0000 1720.0000
v 120.0000 -60.0000 1720.0000
v 140.0000 -60.0000 1720.0000
v 160.0000 -60.0000 1720.0000
v 180.0000 -60.0000 1720.0000
v 200.0000 -60.0000 1720.0000
v 220.0000 -60.0000 1720.0000
v 240.0000 -60.0000 1720.0000
v 260.0000 -60.0000 1720.0000
v 280.0000 -60.0000 1720.0000
v 300.0000 -60.0000 1720.0000
v 320.0000 -60.0000 1720.0000
v 340.0000 -60.0000 1720.0000
v 360.0000 -60.0000 1720.0000
v 380.0000 -60.0000 1720.0000
v 400.0000 -60.0000 1720.0000
v 420.0000 -60.0000 1720.0000
v 440.0000 -60.0000 1720.0000
v 460.0000 -60.0000 1720.0000
v 480.0000 -60.0000 1720.0000
v 500.0000 -60.0000 1720.0000
v 520.0000 -60.0000 1720.0000
v 540.0000 -60.0000 1720.0000
v 560.0000 -60.0000 1720.0000
v 580.0000 -60.0000 1720.0000
v 600.0000 -60.0000 1720.0000
v 620.0000 -60.0000 1720.0000
v 640.0000 -60.0000 1720.0000
v 660.0000 -60.0000 1720.0000
v 680.0000 -60.0000 1720.0000
v 700.0000 -60.0000 1720.0000
v 720.0000 -60.0000 1720.0000
v 740.0000 -60.0000 1720.0000
v 760.0000 -60.0000 1720.0000
v 780.0000 -60.0000 1720.0000
v 800.0000 -60.0000 1720.0000
v 820.0000 -60.0000 1720.0000
v 840.0000 -60.0000 1720.0000
v 860.0000 -60.0000 1720.0000
v 880.0000 -60.0000 1720.0000
v 900.0000 -60.0000 1720.0000
v 920.0000 -60.0000 1720.0000
v 940.0000 -60.0000 1720.0000
v 960.0000 -60.0000 1720.0000
v 980.0000 -60.0000 1720.0000
v 1000.0000 -60.0000 1720.0000
v 0.0000 -60.0000 1740.0000
v 20.0000 -60.0000 1740.0000
v 40.0000 -60.0000 1740.0000
v 60.0000 -60.0000 1740.0000
v 80.0000 -60.0000 1740.0000
v 100.0000 -60.0000 1740.0000
v 120.0000 -60.0000 1740.0000
v 140.0000 -60.0000 1740.0000
v 160.0000 -60.0000 1740.0000
v 180.0000 -60.0000 1740.0000
v 200.0000 -60.0000 1740.0000
v 220.0000 -60.0000 1740.0000
v 240.0000 -60.0000 1740.0000
v 260.0000 -60.0000 1740.0000
v 280.0000 -60.0000 1740.0000
v 300.0000 -60.0000 1740.0000
v 320.0000 -60.0000 1740.0000
v 340.0000 -60.0000 1740.0000
v 360.0000 -60.0000 1740.0000
v 380.0000 -60.0000 1740.0000
v 400.0000 -60.0000 1740.0000
v 420.0000 -60.0000 1740.0000
v 440.0000 -60.0000 1740.0000
v 460.0000 -60.0000 1740.0000
v 480.0000 -60.0000 1740.0000
v 500.0000 -60.0000 1740.0000
v 520.0000 -60.0000 1740.0000
v 540.0000 -60.0000 1740.0000
v 560.0000 -60.0000 1740.0000
v 580.0000 -60.0000 1740.0000
v 600.0000 -60.0000 1740.0000
v 620.0000 -60.0000 1740.0000
v 640.0000 -60.0000 1740.0000
v 660.0000 -60.0000 1740.0000
v 680.0000 -60.0000 1740.0000
v 700.0000 -60.0000 1740.0000
v 720.0000 -60.0000 1740.0000
v 740.0000 -60.0000 1740.0000
v 760.0000 -60.0000 1740.0000
v 780.0000 -60.0000 1740.0000
v 800.0000 -60.0000 1740.0000
v 820.0000 -60.0000 1740.0000
v 840.0000 -60.0000 1740.0000
v 860.0000 -60.0000 1740.0000
v 880.0000 -60.0000 1740.0000
v 900.0000 -60.0000 1740.0000
v 920.0000 -60.0000 1740.0000
v 940.0000 -60.0000 1740.0000
v 960.0000 -60.0000 1740.0000
v 980.0000 -60.0000 1740.0000
v 1000.0000 -60.0000 1740.0000
v 0.0000 -60.0000 1760.0000
v 20.0000 -60.0000 1760.0000
v 40.0000 -60.0000 1760.0000
v 60.0000 -60.0000 1760.0000
v 80.0000 -60.0000 1760.0000
v 100.0000 -60.0000 1760.0000
v 120.0000 -60.0000 1760.0000
v 140.0000 -60.0000 1760.0000
v 160.0000 -60.0000 1760.0000
v 180.0000 -60.0000 1760.0000
v 200.0000 -60.0000 1760.0000
v 220.0000 -60.0000 1760.0000
v 240.0000 -60.0000 1760.0000
v 260.0000 -60.0000 1760.0000
v 280.0000 -60.0000 1760.0000
v 300.0000 -60.0000 1760.0000
v 320.0000 -60.0000 1760.0000
v 340.0000 -60.0000 1760.0000
v 360.0000 -60.0000 1760.0000
v 380.0000 -60.0000 1760.0000
v 400.0000 -60.0000 1760.0000
v 420.0000 -60.0000 1760.0000
v 440.0000 -60.0000 1760.0000
v 460.0000 -60.0000 1760.0000
v 480.0000 -60.0000 1760.0000
v 500.0000 -60.0000 1760.0000
v 520.0000 -60.0000 1760.0000
v 540.0000 -60.0000 1760.0000
v 560.0000 -60.0000 1760.0000
v 580.0000 -60.0000 1760.0000
v 600.0000 -60.0000 1760.0000
v 620.0000 -60.0000 1760.0000
v 640.0000 -60.0000 1760.0000
v 660.0000 -60.0000 1760.0000
v 680.0000 -60.0000 1760.0000
v 700.0000 -60.0000 1760.0000
v 720.0000 -60.0000 1760.0000
v 740.0000 -60.0000 1760.0000
v 760.0000 -60.0000 1760.0000
v 780.0000 -60.0000 1760.0000
v 800.0000 -60.0000 1760.0000
v 820.0000 -60.0000 1760.0000
v 840.0000 -60.0000 1760.0000
v 860.0000 -60.0000 1760.0000
v 880.0000 -60.0000 1760.0000
v 900.0000 -60.0000 1760.0000
v 920.0000 -60.0000 1760.0000
v 940.0000 -60.0000 1760.0000
v 960.0000 -60.0000 1760.0000
v 980.0000 -60.0000 1760.0000
v 1000.0000 -60.0000 1760.0000
v 0.0000 -60.0000 1780.0000
v 20.0000 -60.0000 1780.0000
v 40.0000 -60.0000 1780.0000
v 60.0000 -60.0000 1780.0000
v 80.0000 -60.0000 1780.0000
v 100.0000 -60.0000 1780.0000
v 120.0000 -60.0000 1780.0000
v 140.0000 -60.0000 1780.0000
v 160.0000 -60.0000 1780.0000
v 180.0000 -60.0000 1780.0000
v 200.0000 -60.0000 1780.0000
v 220.0000 -60.0000 1780.0000
v 240.0000 -60.0000 1780.0000
v 260.0000 -60.0000 1780.0000
v 280.0000 -60.0000 1780.0000
v 300.0000 -60.0000 1780.0000
v 320.0000 -60.0000 1780.0000
v 340.0000 -60.0000 1780.0000
v 360.0000 -60.0000 1780.0000
v 380.0000 -60.0000 1780.0000
v 400.0000 -60.0000 1780.0000
v 420.0000 -60.0000 1780.0000
v 440.0000 -60.0000 1780.0000
v 460.0000 -60.0000 1780.0000
v 480.0000 -60.0000 1780.0000
v 500.0000 -60.0000 1780.0000
v 520.0000 -60.0000 1780.0000
v 540.0000 -60.0000 1780.0000
v 560.0000 -60.0000 1780.0000
v 580.0000 -60.0000 1780.0000
v 600.0000 -60.0000 1780.0000
v 620.0000 -60.0000 1780.0000
v 640.0000 -60.0000 1780.0000
v 660.0000 -60.0000 1780.0000
v 680.0000 -60.0000 1780.0000
v 700.0000 -60.0000 1780.0000
v 720.0000 -60.0000 1780.0000
v 740.0000 -60.0000 1780.0000
v 760.0000 -60.0000 1780.0000
v 780.0000 -60.0000 1780.0000
v 800.0000 -60.0000 1780.0000
v 820.0000 -60.0000 1780.0000
v 840.0000 -60.0000 1780.0000
v 860.0000 -60.0000 1780.0000
v 880.0000 -60.0000 1780.0000
v 900.0000 -60.0000 1780.0000
v 920.0000 -60.0000 1780.0000
v 940.0000 -60.0000 1780.0000
v 960.0000 -60.0000 1780.0000
v 980.0000 -60.0000 1780.0000
v 1000.0000 -60.0000 1780.0000
v 0.0000 -60.0000 1800.0000
v 20.0000 -60.0000 1800.0000
v 40.0000 -60.0000 1800.0000
v 60.0000 -60.0000 1800.0000
v 80.0000 -60.0000 1800.0000
v 100.0000 -60.0000 1800.0000
v 120.0000 -60.0000 1800.0000
v 140.0000 -60.0000 1800.0000
v 160.0000 -60.0000 1800.0000
v 180.0000 -60.0000 1800.0000
v 200.0000 -60.0000 1800.0000
v 220.0000 -60.0000 1800.0000
v 240.0000 -60.0000 1800.0000
v 260.0000 -60.0000 1800.0000
v 280.0000 -60.0000 1800.0000
v 300.0000 -60.0000 1800.0000
v 320.0000 -60.0000 1800.0000
v 340.0000 -60.0000 1800.0000
v 360.0000 -60.0000 1800.0000
v 380.0000 -60.0000 1800.0000
v 400.0000 -60.0000 1800.0000
v 420.0000 -60.0000 1800.0000
v 440.0000 -60.0000 1800.0000
v 460.0000 -60.0000 1800.0000
v 480.0000 -60.0000 1800.0000
v 500.0000 -60.0000 1800.0000
v 520.0000 -60.0000 1800.0000
v 540.0000 -60.0000 1800.0000
v 560.0000 -60.0000 1800.0000
v 580.0000 -60.0000 1800.0000
v 600.0000 -60.0000 1800.0000
v 620.0000 -60.0000 1800.0000
v 640.0000 -60.0000 1800.0000
v 660.0000 -60.0000 1800.0000
v 680.0000 -60.0000 1800.0000
v 700.0000 -60.0000 1800.0000
v 720.0000 -60.0000 1800.0000
v 740.0000 -60.0000 1800.0000
v 760.0000 -60.0000 1800.0000
v 780.0000 -60.0000 1800.0000
v 800.0000 -60.0000 1800.0000
v 820.0000 -60.0000 1800.0000
v 840.0000 -60.0000 1800.0000
v 860.0000 -60.0000 1800.0000
v 880.0000 -60.0000 1800.0000
v 900.0000 -60.0000 1800.0000
v 920.0000 -60.0000 1800.0000
v 940.0000 -60.0000 1800.0000
v 960.0000 -60.0000 1800.0000
v 980.0000 -60.0000 1800.0000
v 1000.0000 -60.0000 1800.0000
v 0.0000 -60.0000 1820.0000
v 20.0000 -60.0000 1820.0000
v 40.0000 -60.0000 1820.0000
v 60.0000 -60.0000 1820.0000
v 80.0000 -60.0000 1820.0000
v 100.0000 -60.0000 1820.0000
v 120.0000 -60.0000 1820.0000
v 140.0000 -60.0000 1820.0000
v 160.0000 -60.0000 1820.0000
v 180.0000 -60.0000 1820.0000
v 200.0000 -60.0000 1820.0000
v 220.0000 -60.0000 1820.0000
v 240.0000 -60.0000 1820.0000
v 260.0000 -60.0000 1820.0000
v 280.0000 -60.0000 1820.0000
v 300.0000 -60.0000 1820.0000
v 320.0000 -60.0000 1820.0000
v 340.0000 -60.0000 1820.0000
v 360.0000 -60.0000 1820.0000
v 380.0000 -60.0000 1820.0000
v 400.0000 -60.0000 1820.0000
v 420.0000 -60.0000 1820.0000
v 440.0000 -60.0000 1820.0000
v 460.0000 -60.0000 1820.0000
v 480.0000 -60.0000 1820.0000
v 500.0000 -60.0000 1820.0000
v 520.0000 -60.0000 1820.0000
v 540.0000 -60.0000 1820.0000
v 560.0000 -60.0000 1820.0000
v 580.0000 -60.0000 1820.0000
v 600.0000 -60.0000 1820.0000
v 620.0000 -60.0000 1820.0000
v 640.0000 -60.0000 1820.0000
v 660.0000 -60.0000 1820.0000
v 680.0000 -60.0000 1820.0000
v 700.0000 -60.0000 1820.0000
v 720.0000 -60.0000 1820.0000
v 740.0000 -60.0000 1820.0000
v 760.0000 -60.0000 1820.0000
v 780.0000 -60.0000 1820.0000
v 800.0000 -60.0000 1820.0000
v 820.0000 -60.0000 1820.0000
v 840.0000 -60.0000 1820.0000
v 860.0000 -60.0000 1820.0000
v 880.0000 -60.0000 1820.0000
v 900.0000 -60.0000 1820.0000
v 920.0000 -60.0000 1820.0000
v 940.0000 -60.0000 1820.0000
v 960.0000 -60.0000 1820.0000
v 980.0000 -60.0000 1820.0000
v 1000.0000 -60.0000 1820.0000
v 0.0000 -60.0000 1840.0000
v 20.0000 -60.0000 1840.0000
v 40.0000 -60.0000 1840.0000
v 60.0000 -60.0000 1840.0000
v 80.0000 -60.0000 1840.0000
v 100.0000 -60.0000 1840.0000
v 120.0000 -60.0000 1840.0000
v 140.0000 -60.0000 1840.0000
v 160.0000 -60.0000 1840.0000
v 180.0000 -60.0000 1840.0000
v 200.0000 -60.0000 1840.0000
v 220.0000 -60.0000 1840.0000
v 240.0000 -60.0000 1840.0000
v 260.0000 -60.0000 1840.0000
v 280.0000 -60.0000 1840.0000
v 300.0000 -60.0000 1840.0000
v 320.0000 -60.0000 1840.0000
v 340.0000 -60.0000 1840.0000
v 360.0000 -60.0000 1840.0000
v 380.0000 -60.0000 1840.0000
v 400.0000 -60.0000 1840.0000
v 420.0000 -60.0000 1840.0000
v 440.0000 -60.0000 1840.0000
v 460.0000 -60.0000 1840.0000
v 480.0000 -60.0000 1840.0000
v 500.0000 -60.0000 1840.0000
v 520.0000 -60.0000 1840.0000
v 540.0000 -60.0000 1840.0000
v 560.0000 -60.0000 1840.0000
v 580.0000 -60.0000 1840.0000
v 600.0000 -60.0000 1840.0000
v 620.0000 -60.0000 1840.0000
v 640.0000 -60.0000 1840.0000
v 660.0000 -60.0000 1840.0000
v 680.0000 -60.0000 1840.0000
v 700.0000 -60.0000 1840.0000
v 720.0000 -60.0000 1840.0000
v 740.0000 -60.0000 1840.0000
v 760.0000 -60.0000 1840.0000
v 780.0000 -60.0000 1840.0000
v 800.0000 -60.0000 1840.0000
v 820.0000 -60.0000 1840.0000
v 840.0000 -60.0000 1840.0000
v 860.0000 -60.0000 1840.0000
v 880.0000 -60.0000 1840.0000
v 900.0000 -60.0000 1840.0000
v 920.0000 -60.0000 1840.0000
v 940.0000 -60.0000 1840.0000
v 960.0000 -60.0000 1840.0000
v 980.0000 -60.0000 1840.0000
v 1000.0000 -60.0000 1840.0000
v 0.0000 -60.0000 1860.0000
v 20.0000 -60.0000 1860.0000
v 40.0000 -60.0000 1860.0000
v 60.0000 -60.0000 1860.0000
v 80.0000 -60.0000 1860.0000
v 100.0000 -60.0000 1860.0000
v 120.0000 -60.0000 1860.0000
v 140.0000 -60.0000 1860.0000
v 160.0000 -60.0000 1860.0000
v 180.0000 -60.0000 1860.0000
v 200.0000 -60.0000 1860.0000
v 220.0000 -60.0000 1860.0000
v 240.0000 -60.0000 1860.0000
v 260.0000 -60.0000 1860.0000
v 280.0000 -60.0000 1860.0000
v 300.0000 -60.0000 1860.0000
v 320.0000 -60.0000 1860.0000
v 340.0000 -60.0000 1860.0000
v 360.0000 -60.0000 1860.0000
v 380.0000 -60.0000 1860.0000
v 400.0000 -60.0000 1860.0000
v 420.0000 -60.0000 1860.0000
v 440.0000 -60.0000 1860.0000
v 460.0000 -60.0000 1860.0000
v 480.0000 -60.0000 1860.0000
v 500.0000 -60.0000 1860.0000
v 520.0000 -60.0000 1860.0000
v 540.0000 -60.0000 1860.0000
v 560.0000 -60.0000 1860.0000
v 580.0000 -60.0000 1860.0000
v 600.0000 -60.0000 1860.0000
v 620.0000 -60.0000 1860.0000
v 640.0000 -60.0000 1860.0000
v 660.0000 -60.0000 1860.0000
v 680.0000 -60.0000 1860.0000
v 700.0000 -60.0000 1860.0000
v 720.0000 -60.0000 1860.0000
v 740.0000 -60.0000 1860.0000
v 760.0000 -60.0000 1860.0000
v 780.0000 -60.0000 1860.0000
v 800.0000 -60.0000 1860.0000
v 820.0000 -60.0000 1860.0000
v 840.0000 -60.0000 1860.0000
v 860.0000 -60.0000 1860.0000
v 880.0000 -60.0000 1860.0000
v 900.0000 -60.0000 1860.0000
v 920.0000 -60.0000 1860.0000
v 940.0000 -60.0000 1860.0000
v 960.0000 -60.0000 1860.0000
v 980.0000 -60.0000 1860.0000
v 1000.0000 -60.0000 1860.0000
v 0.0000 -60.0000 1880.0000
v 20.0000 -60.0000 1880.0000
v 40.0000 -60.0000 1880.0000
v 60.0000 -60.0000 1880.0000
v 80.0000 -60.0000 1880.0000
v 100.0000 -60.0000 1880.0000
v 120.0000 -60.0000 1880.0000
v 140.0000 -60.0000 1880.0000
v 160.0000 -60.0000 1880.0000
v 180.0000 -60.0000 1880.0000
v 200.0000 -60.0000 1880.0000
v 220.0000 -60.0000 1880.0000
v 240.0000 -60.0000 1880.0000
v 260.0000 -60.0000 1880.0000
v 280.0000 -60.0000 1880.0000
v 300.0000 -60.0000 1880.0000
v 320.0000 -60.0000 1880.0000
v 340.0000 -60.0000 1880.0000
v 360.0000 -60.0000 1880.0000
v 380.0000 -60.0000 1880.0000
v 400.0000 -60.0000 1880.0000
v 420.0000 -60.0000 1880.0000
v 440.0000 -60.0000 1880.0000
v 460.0000 -60.0000 1880.0000
v 480.0000 -60.0000 1880.0000
v 500.0000 -60.0000 1880.0000
v 520.0000 -60.0000 1880.0000
v 540.0000 -60.0000 1880.0000
v 560.0000 -60.0000 1880.0000
v 580.0000 -60.0000 1880.0000
v 600.0000 -60.0000 1880.0000
v 620.0000 -60.0000 1880.0000
v 640.0000 -60.0000 1880.0000
v 660.0000 -60.0000 1880.0000
v 680.0000 -60.0000 1880.0000
v 700.0000 -60.0000 1880.0000
v 720.0000 -60.0000 1880.0000
v 740.0000 -60.0000 1880.0000
v 760.0000 -60.0000 1880.0000
v 780.0000 -60.0000 1880.0000
v 800.0000 -60.0000 1880.0000
v 820.0000 -60.0000 1880.0000
v 840.0000 -60.0000 1880.0000
v 860.0000 -60.0000 1880.0000
v 880.0000 -60.0000 1880.0000
v 900.0000 -60.0000 1880.0000
v 920.0000 -60.0000 1880.0000
v 940.0000 -60.0000 1880.0000
v 960.0000 -60.0000 1880.0000
v 980.0000 -60.0000 1880.0000
v 1000.0000 -60.0000 1880.0000
v 0.0000 -60.0000 1900.0000
v 20.0000 -60.0000 1900.0000
v 40.0000 -60.0000 1900.0000
v 60.0000 -60.0000 1900.0000
v 80.0000 -60.0000 1900.0000
v 100.0000 -60.0000 1900.0000
v 120.0000 -60.0000 1900.0000
v 140.0000 -60.0000 1900.0000
v 160.0000 -60.0000 1900.0000
v 180.0000 -60.0000 1900.0000
v 200.0000 -60.0000 1900.0000
v 220.0000 -60.0000 1900.0000
v 240.0000 -60.0000 1900.0000
v 260.0000 -60.0000 1900.0000
v 280.0000 -60.0000 1900.0000
v 300.0000 -60.0000 1900.0000
v 320.0000 -60.0000 1900.0000
v 340.0000 -60.0000 1900.0000
v 360.0000 -60.0000 1900.0000
v 380.0000 -60.0000 1900.0000
v 400.0000 -60.0000 1900.0000
v 420.0000 -60.0000 1900.0000
v 440.0000 -60.0000 1900.0000
v 460.0000 -60.0000 1900.0000
v 480.0000 -60.0000 1900.0000
v 500.0000 -60.0000 1900.0000
v 520.0000 -60.0000 1900.0000
v 540.0000 -60.0000 1900.0000
v 560.0000 -60.0000 1900.0000
v 580.0000 -60.0000 1900.0000
v 600.0000 -60.0000 1900.0000
v 620.0000 -60.0000 1900.0000
v 640.0000 -60.0000 1900.0000
v 660.0000 -60.0000 1900.0000
v 680.0000 -60.0000 1900.0000
v 700.0000 -60.0000 1900.0000
v 720.0000 -60.0000 1900.0000
v 740.0000 -60.0000 1900.0000
v 760.0000 -60.0000 1900.0000
v 780.0000 -60.0000 1900.0000
v 800.0000 -60.0000 1900.0000
v 820.0000 -60.0000 1900.0000
v 840.0000 -60.0000 1900.0000
v 860.0000 -60.0000 1900.0000
v 880.0000 -60.0000 1900.0000
v 900.0000 -60.0000 1900.0000
v 920.0000 -60.0000 1900.0000
v 940.0000 -60.0000 1900.0000
v 960.0000 -60.0000 1900.0000
v 980.0000 -60.0000 1900.0000
v 1000.0000 -60.0000 1900.0000
v 0.0000 -60.0000 1920.0000
v 20.0000 -60.0000 1920.0000
v 40.0000 -60.0000 1920.0000
v 60.0000 -60.0000 1920.0000
v 80.0000 -60.0000 1920.0000
v 100.0000 -60.0000 1920.0000
v 120.0000 -60.0000 1920.0000
v 140.0000 -60.0000 1920.0000
v 160.0000 -60.0000 1920.0000
v 180.0000 -60.0000 1920.0000
v 200.0000 -60.0000 1920.0000
v 220.0000 -60.0000 1920.0000
v 240.0000 -60.0000 1920.0000
v 260.0000 -60.0000 1920.0000
v 280.0000 -60.0000 1920.0000
v 300.0000 -60.0000 1920.0000
v 320.0000 -60.0000 1920.0000
v 340.0000 -60.0000 1920.0000
v 360.0000 -60.0000 1920.0000
v 380.0000 -60.0000 1920.0000
v 400.0000 -60.0000 1920.0000
v 420.0000 -60.0000 1920.0000
v 440.0000 -60.0000 1920.0000
v 460.0000 -60.0000 1920.0000
v 480.0000 -60.0000 1920.0000
v 500.0000 -60.0000 1920.0000
v 520.0000 -60.0000 1920.0000
v 540.0000 -60.0000 1920.0000
v 560.0000 -60.0000 1920.0000
v 580.0000 -60.0000 1920.0000
v 600.0000 -60.0000 1920.0000
v 620.0000 -60.0000 1920.0000
v 640.0000 -60.0000 1920.0000
v 660.0000 -60.0000 1920.0000
v 680.0000 -60.0000 1920.0000
v 700.0000 -60.0000 1920.0000
v 720.0000 -60.0000 1920.0000
v 740.0000 -60.0000 1920.0000
v 760.0000 -60.0000 1920.0000
v 780.0000 -60.0000 1920.0000
v 800.0000 -60.0000 1920.0000
v 820.0000 -60.0000 1920.0000
v 840.0000 -60.0000 1920.0000
v 860.0000 -60.0000 1920.0000
v 880.0000 -60.0000 1920.0000
v 900.0000 -60.0000 1920.0000
v 920.0000 -60.0000 1920.0000
v 940.0000 -60.0000 1920.0000
v 960.0000 -60.0000 1920.0000
v 980.0000 -60.0000 1920.0000
v 1000.0000 -60.0000 1920.0000
v 0.0000 -60.0000 1940.0000
v 20.0000 -60.0000 1940.0000
v 40.0000 -60.0000 1940.0000
v 60.0000 -60.0000 1940.0000
v 80.0000 -60.0000 1940.0000
v 100.0000 -60.0000 1940.0000
v 120.0000 -60.0000 1940.0000
v 140.0000 -60.0000 1940.0000
v 160.0000 -60.0000 1940.0000
v 180.0000 -60.0000 1940.0000
v 200.0000 -60.0000 1940.0000
v 220.0000 -60.0000 1940.0000
v 240.0000 -60.0000 1940.0000
v 260.0000 -60.0000 1940.0000
v 280.0000 -60.0000 1940.0000
v 300.0000 -60.0000 1940.0000
v 320.0000 -60.0000 1940.0000
v 340.0000 -60.0000 1940.0000
v 360.0000 -60.0000 1940.0000
v 380.0000 -60.0000 1940.0000
v 400.0000 -60.0000 1940.0000
v 420.0000 -60.0000 1940.0000
v 440.0000 -60.0000 1940.0000
v 460.0000 -60.0000 1940.0000
v 480.0000 -60.0000 1940.0000
v 500.0000 -60.0000 1940.0000
v 520.0000 -60.0000 1940.0000
v 540.0000 -60.0000 1940.0000
v 560.0000 -60.0000 1940.0000
v 580.0000 -60.0000 1940.0000
v 600.0000 -60.0000 1940.0000
v 620.0000 -60.0000 1940.0000
v 640.0000 -60.0000 1940.0000
v 660.0000 -60.0000 1940.0000
v 680.0000 -60.0000 1940.0000
v 700.0000 -60.0000 1940.0000
v 720.0000 -60.0000 1940.0000
v 740.0000 -60.0000 1940.0000
v 760.0000 -60.0000 1940.0000
v 780.0000 -60.0000 1940.0000
v 800.0000 -60.0000 1940.0000
v 820.0000 -60.0000 1940.0000
v 840.0000 -60.0000 1940.0000
v 860.0000 -60.0000 1940.0000
v 880.0000 -60.0000 1940.0000
v 900.0000 -60.0000 1940.0000
v 920.0000 -60.0000 1940.0000
v 940.0000 -60.0000 1940.0000
v 960.0000 -60.0000 1940.0000
v 980.0000 -60.0000 1940.0000
v 1000.0000 -60.0000 1940.0000
v 0.0000 -60.0000 1960.0000
v 20.0000 -60.0000 1960.0000
v 40.0000 -60.0000 1960.0000
v 60.0000 -60.0000 1960.0000
v 80.0000 -60.0000 1960.0000
v 100.0000 -60.0000 1960.0000
v 120.0000 -60.0000 1960.0000
v 140.0000 -60.0000 1960.0000
v 160.0000 -60.0000 1960.0000
v 180.0000 -60.0000 1960.0000
v 200.0000 -60.0000 1960.0000
v 220.0000 -60.0000 1960.0000
v 240.0000 -60.0000 1960.0000
v 260.0000 -60.0000 1960.0000
v 280.0000 -60.0000 1960.0000
v 300.0000 -60.0000 1960.0000
v 320.0000 -60.0000 1960.0000
v 340.0000 -60.0000 1960.0000
v 360.0000 -60.0000 1960.0000
v 380.0000 -60.0000 1960.0000
v 400.0000 -60.0000 1960.0000
v 420.0000 -60.0000 1960.0000
v 440.0000 -60.0000 1960.0000
v 460.0000 -60.0000 1960.0000
v 480.0000 -60.0000 1960.0000
v 500.0000 -60.0000 1960.0000
v 520.0000 -60.0000 1960.0000
v 540.0000 -60.0000 1960.0000
v 560.0000 -60.0000 1960.0000
v 580.0000 -60.0000 1960.0000
v 600.0000 -60.0000 1960.0000
v 620.0000 -60.0000 1960.0000
v 640.0000 -60.0000 1960.0000
v 660.0000 -60.0000 1960.0000
v 680.0000 -60.0000 1960.0000
v 700.0000 -60.0000 1960.0000
v 720.0000 -60.0000 1960.0000
v 740.0000 -60.0000 1960.0000
v 760.0000 -60.0000 1960.0000
v 780.0000 -60.0000 1960.0000
v 800.0000 -60.0000 1960.0000
v 820.0000 -60.0000 1960.0000
v 840.0000 -60.0000 1960.0000
v 860.0000 -60.0000 1960.0000
v 880.0000 -60.0000 1960.0000
v 900.0000 -60.0000 1960.0000
v 920.0000 -60.0000 1960.0000
v 940.0000 -60.0000 1960.0000
v 960.0000 -60.0000 1960.0000
v 980.0000 -60.0000 1960.0000
v 1000.0000 -60.0000 1960.0000
v 0.0000 -60.0000 1980.0000
v 20.0000 -60.0000 1980.0000
v 40.0000 -60.0000 1980.0000
v 60.0000 -60.0000 1980.0000
v 80.0000 -60.0000 1980.0000
v 100.0000 -60.0000 1980.0000
v 120.0000 -60.0000 1980.0000
v 140.0000 -60.0000 1980.0000
v 160.0000 -60.0000 1980.0000
v 180.0000 -60.0000 1980.0000
v 200.0000 -60.0000 1980.0000
v 220.0000 -60.0000 1980.0000
v 240.0000 -60.0000 1980.0000
v 260.0000 -60.0000 1980.0000
v 280.0000 -60.0000 1980.0000
v 300.0000 -60.0000 1980.0000
v 320.0000 -60.0000 1980.0000
v 340.0000 -60.0000 1980.0000
v 360.0000 -60.0000 1980.0000
v 380.0000 -60.0000 1980.0000
v 400.0000 -60.0000 1980.0000
v 420.0000 -60.0000 1980.0000
v 440.0000 -60.0000 1980.0000
v 460.0000 -60.0000 1980.0000
v 480.0000 -60.0000 1980.0000
v 500.0000 -60.0000 1980.0000
v 520.0000 -60.0000 1980.0000
v 540.0000 -60.0000 1980.0000
v 560.0000 -60.0000 1980.0000
v 580.0000 -60.0000 1980.0000
v 600.0000 -60.0000 1980.0000
v 620.0000 -60.0000 1980.0000
v 640.0000 -60.0000 1980.0000
v 660.0000 -60.0000 1980.0000
v 680.0000 -60.0000 1980.0000
v 700.0000 -60.0000 1980.0000
v 720.0000 -60.0000 1980.0000
v 740.0000 -60.0000 1980.0000
v 760.0000 -60.0000 1980.0000
v 780.0000 -60.0000 1980.0000
v 800.0000 -60.0000 1980.0000
v 820.0000 -60.0000 1980.0000
v 840.0000 -60.0000 1980.0000
v 860.0000 -60.0000 1980.0000
v 880.0000 -60.0000 1980.0000
v 900.0000 -60.0000 1980.0000
v 920.0000 -60.0000 1980.0000
v 940.0000 -60.0000 1980.0000
v 960.0000 -60.0000 1980.0000
v 980.0000 -60.0000 1980.0000
v 1000.0000 -60.0000 1980.0000
v 0.0000 -60.0000 2000.0000
v 20.0000 -60.0000 2000.0000
v 40.0000 -60.0000 2000.0000
v 60.0000 -60.0000 2000.0000
v 80.0000 -60.0000 2000.0000
v 100.0000 -60.0000 2000.0000
v 120.0000 -60.0000 2000.0000
v 140.0000 -60.0000 2000.0000
v 160.0000 -60.0000 2000.0000
v 180.0000 -60.0000 2000.0000
v 200.0000 -60.0000 2000.0000
v 220.0000 -60.0000 2000.0000
v 240.0000 -60.0000 2000.0000
v 260.0000 -60.0000 2000.0000
v 280.0000 -60.0000 2000.0000
v 300.0000 -60.0000 2000.0000
v 320.0000 -60.0000 2000.0000
v 340.0000 -60.0000 2000.0000
v 360.0000 -60.0000 2000.0000
v 380.0000 -60.0000 2000.0000
v 400.0000 -60.0000 2000.0000
v 420.0000 -60.0000 2000.0000
v 440.0000 -60.0000 2000.0000
v 460.0000 -60.0000 2000.0000
v 480.0000 -60.0000 2000.0000
v 500.0000 -60.0000 2000.0000
v 520.0000 -60.0000 2000.0000
v 540.0000 -60.0000 2000.0000
v 560.0000 -60.0000 2000.0000
v 580.0000 -60.0000 2000.0000
v 600.0000 -60.0000 2000.0000
v 620.0000 -60.0000 2000.0000
v 640.0000 -60.0000 2000.0000
v 660.0000 -60.0000 2000.0000
v 680.0000 -60.0000 2000.0000
v 700.0000 -60.0000 2000.0000
v 720.0000 -60.0000 2000.0000
v 740.0000 -60.0000 2000.0000
v 760.0000 -60.0000 2000.0000
v 780.0000 -60.0000 2000.0000
v 800.0000 -60.0000 2000.0000
v 820.0000 -60.0000 2000.0000
v 840.0000 -60.0000 2000.0000
v 860.0000 -60.0000 2000.0000
v 880.0000 -60.0000 2000.0000
v 900.0000 -60.0000 2000.0000
v 920.0000 -60.0000 2000.0000
v 940.0000 -60.0000 2000.0000
v 960.0000 -60.0000 2000.0000
v 980.0000 -60.0000 2000.0000
v 1000.0000 -60.0000 2000.0000
g terrain_valley
f 1 2 53 52
f 2 3 54 53
f 3 4 55 54
f 4 5 56 55
f 5 6 57 56
f 6 7 58 57
f 7 8 59 58
f 8 9 60 59
f 9 10 61 60
f 10 11 62 61
f 11 12 63 62
f 12 13 64 63
f 13 14 65 64
f 14 15 66 65
f 15 16 67 66
f 16 17 68 67
f 17 18 69 68
f 18 19 70 69
f 19 20 71 70
f 20 21 72 71
f 21 22 73 72
f 22 23 74 73
f 23 24 75 74
f 24 25 76 75
f 25 26 77 76
f 26 27 78 77
f 27 28 79 78
f 28 29 80 79
f 29 30 81 80
f 30 31 82 81
f 31 32 83 82
f 32 33 84 83
f 33 34 85 84
f 34 35 86 85
f 35 36 87 86
f 36 37 88 87
f 37 38 89 88
f 38 39 90 89
f 39 40 91 90
f 40 41 92 91
f 41 42 93 92
f 42 43 94 93
f 43 44 95 94
f 44 45 96 95
f 45 46 97 96
f 46 47 98 97
f 47 48 99 98
f 48 49 100 99
f 49 50 101 100
f 50 51 102 101
f 52 53 104 103
f 53 54 105 104
f 54 55 106 105
f 55 56 107 106
f 56 57 108 107
f 57 58 109 108
f 58 59 110 109
f 59 60 111 110
f 60 61 112 111
f 61 62 113 112
f 62 63 114 113
f 63 64 115 114
f 64 65 116 115
f 65 66 117 116
f 66 67 118 117
f 67 68 119 118
f 68 69 120 119
f 69 70 121 120
f 70 71 122 121
f 71 72 123 122
f 72 73 124 123
f 73 74 125 124
f 74 75 126 125
f 75 76 127 126
f 76 77 128 127
f 77 78 129 128
f 78 79 130 129
f 79 80 131 130
f 80 81 132 131
f 81 82 133 132
f 82 83 134 133
f 83 84 135 134
f 84 85 136 135
f 85 86 137 136
f 86 87 138 137
f 87 88 139 138
f 88 89 140 139
f 89 90 141 140
f 90 91 142 141
f 91 92 143 142
f 92 93 144 143
f 93 94 145 144
f 94 95 146 145
f 95 96 147 146
f 96 97 148 147
f 97 98 149 148
f 98 99 150 149
f 99 100 151 150
f 100 101 152 151
f 101 102 153 152
f 103 104 155 154
f 104 105 156 155
f 105 106 157 156
f 106 107 158 157
f 107 108 159 158
f 108 109 160 159
f 109 110 161 160
f 110 111 162 161
f 111 112 163 162
f 112 113 164 163
f 113 114 165 164
f 114 115 166 165
f 115 116 167 166
f 116 117 168 167
f 117 118 169 168
f 118 119 170 169
f 119 120 171 170
f 120 121 172 171
f 121 122 173 172
f 122 123 174 173
f 123 124 175 174
f 124 125 176 175
f 125 126 177 176
f 126 127 178 177
f 127 128 179 178
f 128 129 180 179
f 129 130 181 180
f 130 131 182 181
f 131 132 183 182
f 132 133 184 183
f 133 134 185 184
f 134 135 186 185
f 135 136 187 186
f 136 137 188 187
f 137 138 189 188
f 138 139 190 189
f 139 140 191 190
f 140 141 192 191
f 141 142 193 192
f 142 143 194 193
f 143 144 195 194
f 144 145 196 195
f 145 146 197 196
f 146 147 198 197
f 147 148 199 198
f 148 149 200 199
f 149 150 201 200
f 150 151 202 201
f 151 152 203 202
f 152 153 204 203
f 154 155 206 205
f 155 156 207 206
f 156 157 208 207
f 157 158 209 208
f 158 159 210 209
f 159 160 211 210
f 160 161 212 211
f 161 162 213 212
f 162 163 214 213
f 163 164 215 214
f 164 165 216 215
f 165 166 217 216
f 166 167 218 217
f 167 168 219 218
f 168 169 220 219
f 169 170 221 220
f 170 171 222 221
f 171 172 223 222
f 172 173 224 223
f 173 174 225 224
f 174 175 226 225
f 175 176 227 226
f 176 177 228 227
f 177 178 229 228
f 178 179 230 229
f 179 180 231 230
f 180 181 232 231
f 181 182 233 232
f 182 183 234 233
f 183 184 235 234
f 184 185 236 235
f 185 186 237 236
f 186 187 238 237
f 187 188 239 238
f 188 189 240 239
f 189 190 241 240
f 190 191 242 241
f 191 192 243 242
f 192 193 244 243
f 193 194 245 244
f 194 195 246 245
f 195 196 247 246
f 196 197 248 247
f 197 198 249 248
f 198 199 250 249
f 199 200 251 250
f 200 201 252 251
f 201 202 253 252
f 202 203 254 253
f 203 204 255 254
f 205 206 257 256
f 206 207 258 257
f 207 208 259 258
f 208 209 260 259
f 209 210 261 260
f 210 211 262 261
f 211 212 263 262
f 212 213 264 263
f 213 214 265 264
f 214 215 266 265
f 215 216 267 266
f 216 217 268 267
f 217 218 269 268
f 218 219 270 269
f 219 220 271 270
f 220 221 272 271
f 221 222 273 272
f 222 223 274 273
f 223 224 275 274
f 224 225 276 275
f 225 226 277 276
f 226 227 278 277
f 227 228 279 278
f 228 229 280 279
f 229 230 281 280
f 230 231 282 281
f 231 232 283 282
f 232 233 284 283
f 233 234 285 284
f 234 235 286 285
f 235 236 287 286
f 236 237 288 287
f 237 238 289 288
f 238 239 290 289
f 239 240 291 290
f 240 241 292 291
f 241 242 293 292
f 242 243 294 293
f 243 244 295 294
f 244 245 296 295
f 245 246 297 296
f 246 247 298 297
f 247 248 299 298
f 248 249 300 299
f 249 250 301 300
f 250 251 302 301
f 251 252 303 302
f 252 253 304 303
f 253 254 305 304
f 254 255 306 305
f 256 257 308 307
f 257 258 309 308
f 258 259 310 309
f 259 260 311 310
f 260 261 312 311
f 261 262 313 312
f 262 263 314 313
f 263 264 315 314
f 264 265 316 315
f 265 266 317 316
f 266 267 318 317
f 267 268 319 318
f 268 269 320 319
f 269 270 321 320
f 270 271 322 321
f 271 272 323 322
f 272 273 324 323
f 273 274 325 324
f 274 275 326 325
f 275 276 327 326
f 276 277 328 327
f 277 278 329 328
f 278 279 330 329
f 279 280 331 330
f 280 281 332 331
f 281 282 333 332
f 282 283 334 333
f 283 284 335 334
f 284 285 336 335
f 285 286 337 336
f 286 287 338 337
f 287 288 339 338
f 288 289 340 339
f 289 290 341 340
f 290 291 342 341
f 291 292 343 342
f 292 293 344 343
f 293 294 345 344
f 294 295 346 345
f 295 296 347 346
f 296 297 348 347
f 297 298 349 348
f 298 299 350 349
f 299 300 351 350
f 300 301 352 351
f 301 302 353 352
f 302 303 354 353
f 303 304 355 354
f 304 305 356 355
f 305 306 357 356
f 307 308 359 358
f 308 309 360 359
f 309 310 361 360
f 310 311 362 361
f 311 312 363 362
f 312 313 364 363
f 313 314 365 364
f 314 315 366 365
f 315 316 367 366
f 316 317 368 367
f 317 318 369 368
f 318 319 370 369
f 319 320 371 370
f 320 321 372 371
f 321 322 373 372
f 322 323 374 373
f 323 324 375 374
f 324 325 376 375
f 325 326 377 376
f 326 327 378 377
f 327 328 379 378
f 328 329 380 379
f 329 330 381 380
f 330 331 382 381
f 331 332 383 382
f 332 333 384 383
f 333 334 385 384
f 334 335 386 385
f 335 336 387 386
f 336 337 388 387
f 337 338 389 388
f 338 339 390 389
f 339 340 391 390
f 340 341 392 391
f 341 342 393 392
f 342 343 394 393
f 343 344 395 394
f 344 345 396 395
f 345 346 397 396
f 346 347 398 397
f 347 348 399 398
f 348 349 400 399
f 349 350 401 400
f 350 351 402 401
f 351 352 403 402
f 352 353 404 403
f 353 354 405 404
f 354 355 406 405
f 355 356 407 406
f 356 357 408 407
f 358 359 410 409
f 359 360 411 410
f 360 361 412 411
f 361 362 413 412
f 362 363 414 413
f 363 364 415 414
f 364 365 416 415
f 365 366 417 416
f 366 367 418 417
f 367 368 419 418
f 368 369 420 419
f 369 370 421 420
f 370 371 422 421
f 371 372 423 422
f 372 373 424 423
f 373 374 425 424
f 374 375 426 425
f 375 376 427 426
f 376 377 428 427
f 377 378 429 428
f 378 379 430 429
f 379 380 431 430
f 380 381 432 431
f 381 382 433 432
f 382 383 434 433
f 383 384 435 434
f 384 385 436 435
f 385 386 437 436
f 386 387 438 437
f 387 388 439 438
f 388 389 440 439
f 389 390 441 440
f 390 391 442 441
f 391 392 443 442
f 392 393 444 443
f 393 394 445 444
f 394 395 446 445
f 395 396 447 446
f 396 397 448 447
f 397 398 449 448
f 398 399 450 449
f 399 400 451 450
f 400 401 452 451
f 401 402 453 452
f 402 403 454 453
f 403 404 455 454
f 404 405 456 455
f 405 406 457 456
f 406 407 458 457
f 407 408 459 458
f 409 410 461 460
f 410 411 462 461
f 411 412 463 462
f 412 413 464 463
f 413 414 465 464
f 414 415 466 465
f 415 416 467 466
f 416 417 468 467
f 417 418 469 468
f 418 419 470 469
f 419 420 471 470
f 420 421 472 471
f 421 422 473 472
f 422 423 474 473
f 423 424 475 474
f 424 425 476 475
f 425 426 477 476
f 426 427 478 477
f 427 428 479 478
f 428 429 480 479
f 429 430 481 480
f 430 431 482 481
f 431 432 483 482
f 432 433 484 483
f 433 434 485 484
f 434 435 486 485
f 435 436 487 486
f 436 437 488 487
f 437 438 489 488
f 438 439 490 489
f 439 440 491 490
f 440 441 492 491
f 441 442 493 492
f 442 443 494 493
f 443 444 495 494
f 444 445 496 495
f 445 446 497 496
f 446 447 498 497
f 447 448 499 498
f 448 449 500 499
f 449 450 501 500
f 450 451 502 501
f 451 452 503 502
f 452 453 504 503
f 453 454 505 504
f 454 455 506 505
f 455 456 507 506
f 456 457 508 507
f 457 458 509 508
f 458 459 510 509
f 460 461 512 511
f 461 462 513 512
f 462 463 514 513
f 463 464 515 514
f 464 465 516 515
f 465 466 517 516
f 466 467 518 517
f 467 468 519 518
f 468 469 520 519
f 469 470 521 520
f 470 471 522 521
f 471 472 523 522
f 472 473 524 523
f 473 474 525 524
f 474 475 526 525
f 475 476 527 526
f 476 477 528 527
f 477 478 529 528
f 478 479 530 529
f 479 480 531 530
f 480 481 532 531
f 481 482 533 532
f 482 483 534 533
f 483 484 535 534
f 484 485 536 535
f 485 486 537 536
f 486 487 538 537
f 487 488 539 538
f 488 489 540 539
f 489 490 541 540
f 490 491 542 541
f 491 492 543 542
f 492 493 544 543
f 493 494 545 544
f 494 495 546 545
f 495 496 547 546
f 496 497 548 547
f 497 498 549 548
f 498 499 550 549
f 499 500 551 550
f 500 501 552 551
f 501 502 553 552
f 502 503 554 553
f 503 504 555 554
f 504 505 556 555
f 505 506 557 556
f 506 507 558 557
f 507 508 559 558
f 508 509 560 559
f 509 510 561 560
f 511 512 563 562
f 512 513 564 563
f 513 514 565 564
f 514 515 566 565
f 515 516 567 566
f 516 517 568 567
f 517 518 569 568
f 518 519 570 569
f 519 520 571 570
f 520 521 572 571
f 521 522 573 572
f 522 523 574 573
f 523 524 575 574
f 524 525 576 575
f 525 526 577 576
f 526 527 578 577
f 527 528 579 578
f 528 529 580 579
f 529 530 581 580
f 530 531 582 581
f 531 532 583 582
f 532 533 584 583
f 533 534 585 584
f 534 535 586 585
f 535 536 587 586
f 536 537 588 587
f 537 538 589 588
f 538 539 590 589
f 539 540 591 590
f 540 541 592 591
f 541 542 593 592
f 542 543 594 593
f 543 544 595 594
f 544 545 596 595
f 545 546 597 596
f 546 547 598 597
f 547 548 599 598
f 548 549 600 599
f 549 550 601 600
f 550 551 602 601
f 551 552 603 602
f 552 553 604 603
f 553 554 605 604
f 554 555 606 605
f 555 556 607 606
f 556 557 608 607
f 557 558 609 608
f 558 559 610 609
f 559 560 611 610
f 560 561 612 611
f 562 563 614 613
f 563 564 615 614
f 564 565 616 615
f 565 566 617 616
f 566 567 618 617
f 567 568 619 618
f 568 569 620 619
f 569 570 621 620
f 570 571 622 621
f 571 572 623 622
f 572 573 624 623
f 573 574 625 624
f 574 575 626 625
f 575 576 627 626
f 576 577 628 627
f 577 578 629 628
f 578 579 630 629
f 579 580 631 630
f 580 581 632 631
f 581 582 633 632
f 582 583 634 633
f 583 584 635 634
f 584 585 636 635
f 585 586 637 636
f 586 587 638 637
f 587 588 639 638
f 588 589 640 639
f 589 590 641 640
f 590 591 642 641
f 591 592 643 642
f 592 593 644 643
f 593 594 645 644
f 594 595 646 645
f 595 596 647 646
f 596 597 648 647
f 597 598 649 648
f 598 599 650 649
f 599 600 651 650
f 600 601 652 651
f 601 602 653 652
f 602 603 654 653
f 603 604 655 654
f 604 605 656 655
f 605 606 657 656
f 606 607 658 657
f 607 608 659 658
f 608 609 660 659
f 609 610 661 660
f 610 611 662 661
f 611 612 663 662
f 613 614 665 664
f 614 615 666 665
f 615 616 667 666
f 616 617 668 667
f 617 618 669 668
f 618 619 670 669
f 619 620 671 670
f 620 621 672 671
f 621 622 673 672
f 622 623 674 673
f 623 624 675 674
f 624 625 676 675
f 625 626 677 676
f 626 627 678 677
f 627 628 679 678
f 628 629 680 679
f 629 630 681 680
f 630 631 682 681
f 631 632 683 682
f 632 633 684 683
f 633 634 685 684
f 634 635 686 685
f 635 636 687 686
f 636 637 688 687
f 637 638 689 688
f 638 639 690 689
f 639 640 691 690
f 640 641 692 691
f 641 642 693 692
f 642 643 694 693
f 643 644 695 694
f 644 645 696 695
f 645 646 697 696
f 646 647 698 697
f 647 648 699 698
f 648 649 700 699
f 649 650 701 700
f 650 651 702 701
f 651 652 703 702
f 652 653 704 703
f 653 654 705 704
f 654 655 706 705
f 655 656 707 706
f 656 657 708 707
f 657 658 709 708
f 658 659 710 709
f 659 660 711 710
f 660 661 712 711
f 661 662 713 712
f 662 663 714 713
f 664 665 716 715
f 665 666 717 716
f 666 667 718 717
f 667 668 719 718
f 668 669 720 719
f 669 670 721 720
f 670 671 722 721
f 671 672 723 722
f 672 673 724 723
f 673 674 725 724
f 674 675 726 725
f 675 676 727 726
f 676 677 728 727
f 677 678 729 728
f 678 679 730 729
f 679 680 731 730
f 680 681 732 731
f 681 682 733 732
f 682 683 734 733
f 683 684 735 734
f 684 685 736 735
f 685 686 737 736
f 686 687 738 737
f 687 688 739 738
f 688 689 740 739
f 689 690 741 740
f 690 691 742 741
f 691 692 743 742
f 692 693 744 743
f 693 694 745 744
f 694 695 746 745
f 695 696 747 746
f 696 697 748 747
f 697 698 749 748
f 698 699 750 749
f 699 700 751 750
f 700 701 752 751
f 701 702 753 752
f 702 703 754 753
f 703 704 755 754
f 704 705 756 755
f 705 706 757 756
f 706 707 758 757
f 707 708 759 758
f 708 709 760 759
f 709 710 761 760
f 710 711 762 761
f 711 712 763 762
f 712 713 764 763
f 713 714 765 764
f 715 716 767 766
f 716 717 768 767
f 717 718 769 768
f 718 719 770 769
f 719 720 771 770
f 720 721 772 771
f 721 722 773 772
f 722 723 774 773
f 723 724 775 774
f 724 725 776 775
f 725 726 777 776
f 726 727 778 777
f 727 728 779 778
f 728 729 780 779
f 729 730 781 780
f 730 731 782 781
f 731 732 783 782
f 732 733 784 783
f 733 734 785 784
f 734 735 786 785
f 735 736 787 786
f 736 737 788 787
f 737 738 789 788
f 738 739 790 789
f 739 740 791 790
f 740 741 792 791
f 741 742 793 792
f 742 743 794 793
f 743 744 795 794
f 744 745 796 795
f 745 746 797 796
f 746 747 798 797
f 747 748 799 798
f 748 749 800 799
f 749 750 801 800
f 750 751 802 801
f 751 752 803 802
f 752 753 804 803
f 753 754 805 804
f 754 755 806 805
f 755 756 807 806
f 756 757 808 807
f 757 758 809 808
f 758 759 810 809
f 759 760 811 810
f 760 761 812 811
f 761 762 813 812
f 762 763 814 813
f 763 764 815 814
f 764 765 816 815
f 766 767 818 817
f 767 768 819 818
f 768 769 820 819
f 769 770 821 820
f 770 771 822 821
f 771 772 823 822
f 772 773 824 823
f 773 774 825 824
f 774 775 826 825
f 775 776 827 826
f 776 777 828 827
f 777 778 829 828
f 778 779 830 829
f 779 780 831 830
f 780 781 832 831
f 781 782 833 832
f 782 783 834 833
f 783 784 835 834
f 784 785 836 835
f 785 786 837 836
f 786 787 838 837
f 787 788 839 838
f 788 789 840 839
f 789 790 841 840
f 790 791 842 841
f 791 792 843 842
f 792 793 844 843
f 793 794 845 844
f 794 795 846 845
f 795 796 847 846
f 796 797 848 847
f 797 798 849 848
f 798 799 850 849
f 799 800 851 850
f 800 801 852 851
f 801 802 853 852
f 802 803 854 853
f 803 804 855 854
f 804 805 856 855
f 805 806 857 856
f 806 807 858 857
f 807 808 859 858
f 808 809 860 859
f 809 810 861 860
f 810 811 862 861
f 811 812 863 862
f 812 813 864 863
f 813 814 865 864
f 814 815 866 865
f 815 816 867 866
f 817 818 869 868
f 818 819 870 869
f 819 820 871 870
f 820 821 872 871
f 821 822 873 872
f 822 823 874 873
f 823 824 875 874
f 824 825 876 875
f 825 826 877 876
f 826 827 878 877
f 827 828 879 878
f 828 829 880 879
f 829 830 881 880
f 830 831 882 881
f 831 832 883 882
f 832 833 884 883
f 833 834 885 884
f 834 835 886 885
f 835 836 887 886
f 836 837 888 887
f 837 838 889 888
f 838 839 890 889
f 839 840 891 890
f 840 841 892 891
f 841 842 893 892
f 842 843 894 893
f 843 844 895 894
f 844 845 896 895
f 845 846 897 896
f 846 847 898 897
f 847 848 899 898
f 848 849 900 899
f 849 850 901 900
f 850 851 902 901
f 851 852 903 902
f 852 853 904 903
f 853 854 905 904
f 854 855 906 905
f 855 856 907 906
f 856 857 908 907
f 857 858 909 908
f 858 859 910 909
f 859 860 911 910
f 860 861 912 911
f 861 862 913 912
f 862 863 914 913
f 863 864 915 914
f 864 865 916 915
f 865 866 917 916
f 866 867 918 917
f 868 869 920 919
f 869 870 921 920
f 870 871 922 921
f 871 872 923 922
f 872 873 924 923
f 873 874 925 924
f 874 875 926 925
f 875 876 927 926
f 876 877 928 927
f 877 878 929 928
f 878 879 930 929
f 879 880 931 930
f 880 881 932 931
f 881 882 933 932
f 882 883 934 933
f 883 884 935 934
f 884 885 936 935
f 885 886 937 936
f 886 887 938 937
f 887 888 939 938
f 888 889 940 939
f 889 890 941 940
f 890 891 942 941
f 891 892 943 942
f 892 893 944 943
f 893 894 945 944
f 894 895 946 945
f 895 896 947 946
f 896 897 948 947
f 897 898 949 948
f 898 899 950 949
f 899 900 951 950
f 900 901 952 951
f 901 902 953 952
f 902 903 954 953
f 903 904 955 954
f 904 905 956 955
f 905 906 957 956
f 906 907 958 957
f 907 908 959 958
f 908 909 960 959
f 909 910 961 960
f 910 911 962 961
f 911 912 963 962
f 912 913 964 963
f 913 914 965 964
f 914 915 966 965
f 915 916 967 966
f 916 917 968 967
f 917 918 969 968
f 919 920 971 970
f 920 921 972 971
f 921 922 973 972
f 922 923 974 973
f 923 924 975 974
f 924 925 976 975
f 925 926 977 976
f 926 927 978 977
f 927 928 979 978
f 928 929 980 979
f 929 930 981 980
f 930 931 982 981
f 931 932 983 982
f 932 933 984 983
f 933 934 985 984
f 934 935 986 985
f 935 936 987 986
f 936 937 988 987
f 937 938 989 988
f 938 939 990 989
f 939 940 991 990
f 940 941 992 991
f 941 942 993 992
f 942 943 994 993
f 943 944 995 994
f 944 945 996 995
f 945 946 997 996
f 946 947 998 997
f 947 948 999 998
f 948 949 1000 999
f 949 950 1001 1000
f 950 951 1002 1001
f 951 952 1003 1002
f 952 953 1004 1003
f 953 954 1005 1004
f 954 955 1006 1005
f 955 956 1007 1006
f 956 957 1008 1007
f 957 958 1009 1008
f 958 959 1010 1009
f 959 960 1011 1010
f 960 961 1012 1011
f 961 962 1013 1012
f 962 963 1014 1013
f 963 964 1015 1014
f 964 965 1016 1015
f 965 966 1017 1016
f 966 967 1018 1017
f 967 968 1019 1018
f 968 969 1020 1019
f 970 971 1022 1021
f 971 972 1023 1022
f 972 973 1024 1023
f 973 974 1025 1024
f 974 975 1026 1025
f 975 976 1027 1026
f 976 977 1028 1027
f 977 978 1029 1028
f 978 979 1030 1029
f 979 980 1031 1030
f 980 981 1032 1031
f 981 982 1033 1032
f 982 983 1034 1033
f 983 984 1035 1034
f 984 985 1036 1035
f 985 986 1037 1036
f 986 987 1038 1037
f 987 988 1039 1038
f 988 989 1040 1039
f 989 990 1041 1040
f 990 991 1042 1041
f 991 992 1043 1042
f 992 993 1044 1043
f 993 994 1045 1044
f 994 995 1046 1045
f 995 996 1047 1046
f 996 997 1048 1047
f 997 998 1049 1048
f 998 999 1050 1049
f 999 1000 1051 1050
f 1000 1001 1052 1051
f 1001 1002 1053 1052
f 1002 1003 1054 1053
f 1003 1004 1055 1054
f 1004 1005 1056 1055
f 1005 1006 1057 1056
f 1006 1007 1058 1057
f 1007 1008 1059 1058
f 1008 1009 1060 1059
f 1009 1010 1061 1060
f 1010 1011 1062 1061
f 1011 1012 1063 1062
f 1012 1013 1064 1063
f 1013 1014 1065 1064
f 1014 1015 1066 1065
f 1015 1016 1067 1066
f 1016 1017 1068 1067
f 1017 1018 1069 1068
f 1018 1019 1070 1069
f 1019 1020 1071 1070
f 1021 1022 1073 1072
f 1022 1023 1074 1073
f 1023 1024 1075 1074
f 1024 1025 1076 1075
f 1025 1026 1077 1076
f 1026 1027 1078 1077
f 1027 1028 1079 1078
f 1028 1029 1080 1079
f 1029 1030 1081 1080
f 1030 1031 1082 1081
f 1031 1032 1083 1082
f 1032 1033 1084 1083
f 1033 1034 1085 1084
f 1034 1035 1086 1085
f 1035 1036 1087 1086
f 1036 1037 1088 1087
f 1037 1038 1089 1088
f 1038 1039 1090 1089
f 1039 1040 1091 1090
f 1040 1041 1092 1091
f 1041 1042 1093 1092
f 1042 1043 1094 1093
f 1043 1044 1095 1094
f 1044 1045 1096 1095
f 1045 1046 1097 1096
f 1046 1047 1098 1097
f 1047 1048 1099 1098
f 1048 1049 1100 1099
f 1049 1050 1101 1100
f 1050 1051 1102 1101
f 1051 1052 1103 1102
f 1052 1053 1104 1103
f 1053 1054 1105 1104
f 1054 1055 1106 1105
f 1055 1056 1107 1106
f 1056 1057 1108 1107
f 1057 1058 1109 1108
f 1058 1059 1110 1109
f 1059 1060 1111 1110
f 1060 1061 1112 1111
f 1061 1062 1113 1112
f 1062 1063 1114 1113
f 1063 1064 1115 1114
f 1064 1065 1116 1115
f 1065 1066 1117 1116
f 1066 1067 1118 1117
f 1067 1068 1119 1118
f 1068 1069 1120 1119
f 1069 1070 1121 1120
f 1070 1071 1122 1121
f 1072 1073 1124 1123
f 1073 1074 1125 1124
f 1074 1075 1126 1125
f 1075 1076 1127 1126
f 1076 1077 1128 1127
f 1077 1078 1129 1128
f 1078 1079 1130 1129
f 1079 1080 1131 1130
f 1080 1081 1132 1131
f 1081 1082 1133 1132
f 1082 1083 1134 1133
f 1083 1084 1135 1134
f 1084 1085 1136 1135
f 1085 1086 1137 1136
f 1086 1087 1138 1137
f 1087 1088 1139 1138
f 1088 1089 1140 1139
f 1089 1090 1141 1140
f 1090 1091 1142 1141
f 1091 1092 1143 1142
f 1092 1093 1144 1143
f 1093 1094 1145 1144
f 1094 1095 1146 1145
f 1095 1096 1147 1146
f 1096 1097 1148 1147
f 1097 1098 1149 1148
f 1098 1099 1150 1149
f 1099 1100 1151 1150
f 1100 1101 1152 1151
f 1101 1102 1153 1152
f 1102 1103 1154 1153
f 1103 1104 1155 1154
f 1104 1105 1156 1155
f 1105 1106 1157 1156
f 1106 1107 1158 1157
f 1107 1108 1159 1158
f 1108 1109 1160 1159
f 1109 1110 1161 1160
f 1110 1111 1162 1161
f 1111 1112 1163 1162
f 1112 1113 1164 1163
f 1113 1114 1165 1164
f 1114 1115 1166 1165
f 1115 1116 1167 1166
f 1116 1117 1168 1167
f 1117 1118 1169 1168
f 1118 1119 1170 1169
f 1119 1120 1171 1170
f 1120 1121 1172 1171
f 1121 1122 1173 1172
f 1123 1124 1175 1174
f 1124 1125 1176 1175
f 1125 1126 1177 1176
f 1126 1127 1178 1177
f 1127 1128 1179 1178
f 1128 1129 1180 1179
f 1129 1130 1181 1180
f 1130 1131 1182 1181
f 1131 1132 1183 1182
f 1132 1133 1184 1183
f 1133 1134 1185 1184
f 1134 1135 1186 1185
f 1135 1136 1187 1186
f 1136 1137 1188 1187
f 1137 1138 1189 1188
f 1138 1139 1190 1189
f 1139 1140 1191 1190
f 1140 1141 1192 1191
f 1141 1142 1193 1192
f 1142 1143 1194 1193
f 1143 1144 1195 1194
f 1144 1145 1196 1195
f 1145 1146 1197 1196
f 1146 1147 1198 1197
f 1147 1148 1199 1198
f 1148 1149 1200 1199
f 1149 1150 1201 1200
f 1150 1151 1202 1201
f 1151 1152 1203 1202
f 1152 1153 1204 1203
f 1153 1154 1205 1204
f 1154 1155 1206 1205
f 1155 1156 1207 1206
f 1156 1157 1208 1207
f 1157 1158 1209 1208
f 1158 1159 1210 1209
f 1159 1160 1211 1210
f 1160 1161 1212 1211
f 1161 1162 1213 1212
f 1162 1163 1214 1213
f 1163 1164 1215 1214
f 1164 1165 1216 1215
f 1165 1166 1217 1216
f 1166 1167 1218 1217
f 1167 1168 1219 1218
f 1168 1169 1220 1219
f 1169 1170 1221 1220
f 1170 1171 1222 1221
f 1171 1172 1223 1222
f 1172 1173 1224 1223
f 1174 1175 1226 1225
f 1175 1176 1227 1226
f 1176 1177 1228 1227
f 1177 1178 1229 1228
f 1178 1179 1230 1229
f 1179 1180 1231 1230
f 1180 1181 1232 1231
f 1181 1182 1233 1232
f 1182 1183 1234 1233
f 1183 1184 1235 1234
f 1184 1185 1236 1235
f 1185 1186 1237 1236
f 1186 1187 1238 1237
f 1187 1188 1239 1238
f 1188 1189 1240 1239
f 1189 1190 1241 1240
f 1190 1191 1242 1241
f 1191 1192 1243 1242
f 1192 1193 1244 1243
f 1193 1194 1245 1244
f 1194 1195 1246 1245
f 1195 1196 1247 1246
f 1196 1197 1248 1247
f 1197 1198 1249 1248
f 1198 1199 1250 1249
f 1199 1200 1251 1250
f 1200 1201 1252 1251
f 1201 1202 1253 1252
f 1202 1203 1254 1253
f 1203 1204 1255 1254
f 1204 1205 1256 1255
f 1205 1206 1257 1256
f 1206 1207 1258 1257
f 1207 1208 1259 1258
f 1208 1209 1260 1259
f 1209 1210 1261 1260
f 1210 1211 1262 1261
f 1211 1212 1263 1262
f 1212 1213 1264 1263
f 1213 1214 1265 1264
f 1214 1215 1266 1265
f 1215 1216 1267 1266
f 1216 1217 1268 1267
f 1217 1218 1269 1268
f 1218 1219 1270 1269
f 1219 1220 1271 1270
f 1220 1221 1272 1271
f 1221 1222 1273 1272
f 1222 1223 1274 1273
f 1223 1224 1275 1274
f 1225 1226 1277 1276
f 1226 1227 1278 1277
f 1227 1228 1279 1278
f 1228 1229 1280 1279
f 1229 1230 1281 1280
f 1230 1231 1282 1281
f 1231 1232 1283 1282
f 1232 1233 1284 1283
f 1233 1234 1285 1284
f 1234 1235 1286 1285
f 1235 1236 1287 1286
f 1236 1237 1288 1287
f 1237 1238 1289 1288
f 1238 1239 1290 1289
f 1239 1240 1291 1290
f 1240 1241 1292 1291
f 1241 1242 1293 1292
f 1242 1243 1294 1293
f 1243 1244 1295 1294
f 1244 1245 1296 1295
f 1245 1246 1297 1296
f 1246 1247 1298 1297
f 1247 1248 1299 1298
f 1248 1249 1300 1299
f 1249 1250 1301 1300
f 1250 1251 1302 1301
f 1251 1252 1303 1302
f 1252 1253 1304 1303
f 1253 1254 1305 1304
f 1254 1255 1306 1305
f 1255 1256 1307 1306
f 1256 1257 1308 1307
f 1257 1258 1309 1308
f 1258 1259 1310 1309
f 1259 1260 1311 1310
f 1260 1261 1312 1311
f 1261 1262 1313 1312
f 1262 1263 1314 1313
f 1263 1264 1315 1314
f 1264 1265 1316 1315
f 1265 1266 1317 1316
f 1266 1267 1318 1317
f 1267 1268 1319 1318
f 1268 1269 1320 1319
f 1269 1270 1321 1320
f 1270 1271 1322 1321
f 1271 1272 1323 1322
f 1272 1273 1324 1323
f 1273 1274 1325 1324
f 1274 1275 1326 1325
f 1276 1277 1328 1327
f 1277 1278 1329 1328
f 1278 1279 1330 1329
f 1279 1280 1331 1330
f 1280 1281 1332 1331
f 1281 1282 1333 1332
f 1282 1283 1334 1333
f 1283 1284 1335 1334
f 1284 1285 1336 1335
f 1285 1286 1337 1336
f 1286 1287 1338 1337
f 1287 1288 1339 1338
f 1288 1289 1340 1339
f 1289 1290 1341 1340
f 1290 1291 1342 1341
f 1291 1292 1343 1342
f 1292 1293 1344 1343
f 1293 1294 1345 1344
f 1294 1295 1346 1345
f 1295 1296 1347 1346
f 1296 1297 1348 1347
f 1297 1298 1349 1348
f 1298 1299 1350 1349
f 1299 1300 1351 1350
f 1300 1301 1352 1351
f 1301 1302 1353 1352
f 1302 1303 1354 1353
f 1303 1304 1355 1354
f 1304 1305 1356 1355
f 1305 1306 1357 1356
f 1306 1307 1358 1357
f 1307 1308 1359 1358
f 1308 1309 1360 1359
f 1309 1310 1361 1360
f 1310 1311 1362 1361
f 1311 1312 1363 1362
f 1312 1313 1364 1363
f 1313 1314 1365 1364
f 1314 1315 1366 1365
f 1315 1316 1367 1366
f 1316 1317 1368 1367
f 1317 1318 1369 1368
f 1318 1319 1370 1369
f 1319 1320 1371 1370
f 1320 1321 1372 1371
f 1321 1322 1373 1372
f 1322 1323 1374 1373
f 1323 1324 1375 1374
f 1324 1325 1376 1375
f 1325 1326 1377 1376
f 1327 1328 1379 1378
f 1328 1329 1380 1379
f 1329 1330 1381 1380
f 1330 1331 1382 1381
f 1331 1332 1383 1382
f 1332 1333 1384 1383
f 1333 1334 1385 1384
f 1334 1335 1386 1385
f 1335 1336 1387 1386
f 1336 1337 1388 1387
f 1337 1338 1389 1388
f 1338 1339 1390 1389
f 1339 1340 1391 1390
f 1340 1341 1392 1391
f 1341 1342 1393 1392
f 1342 1343 1394 1393
f 1343 1344 1395 1394
f 1344 1345 1396 1395
f 1345 1346 1397 1396
f 1346 1347 1398 1397
f 1347 1348 1399 1398
f 1348 1349 1400 1399
f 1349 1350 1401 1400
f 1350 1351 1402 1401
f 1351 1352 1403 1402
f 1352 1353 1404 1403
f 1353 1354 1405 1404
f 1354 1355 1406 1405
f 1355 1356 1407 1406
f 1356 1357 1408 1407
f 1357 1358 1409 1408
f 1358 1359 1410 1409
f 1359 1360 1411 1410
f 1360 1361 1412 1411
f 1361 1362 1413 1412
f 1362 1363 1414 1413
f 1363 1364 1415 1414
f 1364 1365 1416 1415
f 1365 1366 1417 1416
f 1366 1367 1418 1417
f 1367 1368 1419 1418
f 1368 1369 1420 1419
f 1369 1370 1421 1420
f 1370 1371 1422 1421
f 1371 1372 1423 1422
f 1372 1373 1424 1423
f 1373 1374 1425 1424
f 1374 1375 1426 1425
f 1375 1376 1427 1426
f 1376 1377 1428 1427
f 1378 1379 1430 1429
f 1379 1380 1431 1430
f 1380 1381 1432 1431
f 1381 1382 1433 1432
f 1382 1383 1434 1433
f 1383 1384 1435 1434
f 1384 1385 1436 1435
f 1385 1386 1437 1436
f 1386 1387 1438 1437
f 1387 1388 1439 1438
f 1388 1389 1440 1439
f 1389 1390 1441 1440
f 1390 1391 1442 1441
f 1391 1392 1443 1442
f 1392 1393 1444 1443
f 1393 1394 1445 1444
f 1394 1395 1446 1445
f 1395 1396 1447 1446
f 1396 1397 1448 1447
f 1397 1398 1449 1448
f 1398 1399 1450 1449
f 1399 1400 1451 1450
f 1400 1401 1452 1451
f 1401 1402 1453 1452
f 1402 1403 1454 1453
f 1403 1404 1455 1454
f 1404 1405 1456 1455
f 1405 1406 1457 1456
f 1406 1407 1458 1457
f 1407 1408 1459 1458
f 1408 1409 1460 1459
f 1409 1410 1461 1460
f 1410 1411 1462 1461
f 1411 1412 1463 1462
f 1412 1413 1464 1463
f 1413 1414 1465 1464
f 1414 1415 1466 1465
f 1415 1416 1467 1466
f 1416 1417 1468 1467
f 1417 1418 1469 1468
f 1418 1419 1470 1469
f 1419 1420 1471 1470
f 1420 1421 1472 1471
f 1421 1422 1473 1472
f 1422 1423 1474 1473
f 1423 1424 1475 1474
f 1424 1425 1476 1475
f 1425 1426 1477 1476
f 1426 1427 1478 1477
f 1427 1428 1479 1478
f 1429 1430 1481 1480
f 1430 1431 1482 1481
f 1431 1432 1483 1482
f 1432 1433 1484 1483
f 1433 1434 1485 1484
f 1434 1435 1486 1485
f 1435 1436 1487 1486
f 1436 1437 1488 1487
f 1437 1438 1489 1488
f 1438 1439 1490 1489
f 1439 1440 1491 1490
f 1440 1441 1492 1491
f 1441 1442 1493 1492
f 1442 1443 1494 1493
f 1443 1444 1495 1494
f 1444 1445 1496 1495
f 1445 1446 1497 1496
f 1446 1447 1498 1497
f 1447 1448 1499 1498
f 1448 1449 1500 1499
f 1449 1450 1501 1500
f 1450 1451 1502 1501
f 1451 1452 1503 1502
f 1452 1453 1504 1503
f 1453 1454 1505 1504
f 1454 1455 1506 1505
f 1455 1456 1507 1506
f 1456 1457 1508 1507
f 1457 1458 1509 1508
f 1458 1459 1510 1509
f 1459 1460 1511 1510
f 1460 1461 1512 1511
f 1461 1462 1513 1512
f 1462 1463 1514 1513
f 1463 1464 1515 1514
f 1464 1465 1516 1515
f 1465 1466 1517 1516
f 1466 1467 1518 1517
f 1467 1468 1519 1518
f 1468 1469 1520 1519
f 1469 1470 1521 1520
f 1470 1471 1522 1521
f 1471 1472 1523 1522
f 1472 1473 1524 1523
f 1473 1474 1525 1524
f 1474 1475 1526 1525
f 1475 1476 1527 1526
f 1476 1477 1528 1527
f 1477 1478 1529 1528
f 1478 1479 1530 1529
f 1480 1481 1532 1531
f 1481 1482 1533 1532
f 1482 1483 1534 1533
f 1483 1484 1535 1534
f 1484 1485 1536 1535
f 1485 1486 1537 1536
f 1486 1487 1538 1537
f 1487 1488 1539 1538
f 1488 1489 1540 1539
f 1489 1490 1541 1540
f 1490 1491 1542 1541
f 1491 1492 1543 1542
f 1492 1493 1544 1543
f 1493 1494 1545 1544
f 1494 1495 1546 1545
f 1495 1496 1547 1546
f 1496 1497 1548 1547
f 1497 1498 1549 1548
f 1498 1499 1550 1549
f 1499 1500 1551 1550
f 1500 1501 1552 1551
f 1501 1502 1553 1552
f 1502 1503 1554 1553
f 1503 1504 1555 1554
f 1504 1505 1556 1555
f 1505 1506 1557 1556
f 1506 1507 1558 1557
f 1507 1508 1559 1558
f 1508 1509 1560 1559
f 1509 1510 1561 1560
f 1510 1511 1562 1561
f 1511 1512 1563 1562
f 1512 1513 1564 1563
f 1513 1514 1565 1564
f 1514 1515 1566 1565
f 1515 1516 1567 1566
f 1516 1517 1568 1567
f 1517 1518 1569 1568
f 1518 1519 1570 1569
f 1519 1520 1571 1570
f 1520 1521 1572 1571
f 1521 1522 1573 1572
f 1522 1523 1574 1573
f 1523 1524 1575 1574
f 1524 1525 1576 1575
f 1525 1526 1577 1576
f 1526 1527 1578 1577
f 1527 1528 1579 1578
f 1528 1529 1580 1579
f 1529 1530 1581 1580
f 1531 1532 1583 1582
f 1532 1533 1584 1583
f 1533 1534 1585 1584
f 1534 1535 1586 1585
f 1535 1536 1587 1586
f 1536 1537 1588 1587
f 1537 1538 1589 1588
f 1538 1539 1590 1589
f 1539 1540 1591 1590
f 1540 1541 1592 1591
f 1541 1542 1593 1592
f 1542 1543 1594 1593
f 1543 1544 1595 1594
f 1544 1545 1596 1595
f 1545 1546 1597 1596
f 1546 1547 1598 1597
f 1547 1548 1599 1598
f 1548 1549 1600 1599
f 1549 1550 1601 1600
f 1550 1551 1602 1601
f 1551 1552 1603 1602
f 1552 1553 1604 1603
f 1553 1554 1605 1604
f 1554 1555 1606 1605
f 1555 1556 1607 1606
f 1556 1557 1608 1607
f 1557 1558 1609 1608
f 1558 1559 1610 1609
f 1559 1560 1611 1610
f 1560 1561 1612 1611
f 1561 1562 1613 1612
f 1562 1563 1614 1613
f 1563 1564 1615 1614
f 1564 1565 1616 1615
f 1565 1566 1617 1616
f 1566 1567 1618 1617
f 1567 1568 1619 1618
f 1568 1569 1620 1619
f 1569 1570 1621 1620
f 1570 1571 1622 1621
f 1571 1572 1623 1622
f 1572 1573 1624 1623
f 1573 1574 1625 1624
f 1574 1575 1626 1625
f 1575 1576 1627 1626
f 1576 1577 1628 1627
f 1577 1578 1629 1628
f 1578 1579 1630 1629
f 1579 1580 1631 1630
f 1580 1581 1632 1631
f 1582 1583 1634 1633
f 1583 1584 1635 1634
f 1584 1585 1636 1635
f 1585 1586 1637 1636
f 1586 1587 1638 1637
f 1587 1588 1639 1638
f 1588 1589 1640 1639
f 1589 1590 1641 1640
f 1590 1591 1642 1641
f 1591 1592 1643 1642
f 1592 1593 1644 1643
f 1593 1594 1645 1644
f 1594 1595 1646 1645
f 1595 1596 1647 1646
f 1596 1597 1648 1647
f 1597 1598 1649 1648
f 1598 1599 1650 1649
f 1599 1600 1651 1650
f 1600 1601 1652 1651
f 1601 1602 1653 1652
f 1602 1603 1654 1653
f 1603 1604 1655 1654
f 1604 1605 1656 1655
f 1605 1606 1657 1656
f 1606 1607 1658 1657
f 1607 1608 1659 1658
f 1608 1609 1660 1659
f 1609 1610 1661 1660
f 1610 1611 1662 1661
f 1611 1612 1663 1662
f 1612 1613 1664 1663
f 1613 1614 1665 1664
f 1614 1615 1666 1665
f 1615 1616 1667 1666
f 1616 1617 1668 1667
f 1617 1618 1669 1668
f 1618 1619 1670 1669
f 1619 1620 1671 1670
f 1620 1621 1672 1671
f 1621 1622 1673 1672
f 1622 1623 1674 1673
f 1623 1624 1675 1674
f 1624 1625 1676 1675
f 1625 1626 1677 1676
f 1626 1627 1678 1677
f 1627 1628 1679 1678
f 1628 1629 1680 1679
f 1629 1630 1681 1680
f 1630 1631 1682 1681
f 1631 1632 1683 1682
f 1633 1634 1685 1684
f 1634 1635 1686 1685
f 1635 1636 1687 1686
f 1636 1637 1688 1687
f 1637 1638 1689 1688
f 1638 1639 1690 1689
f 1639 1640 1691 1690
f 1640 1641 1692 1691
f 1641 1642 1693 1692
f 1642 1643 1694 1693
f 1643 1644 1695 1694
f 1644 1645 1696 1695
f 1645 1646 1697 1696
f 1646 1647 1698 1697
f 1647 1648 1699 1698
f 1648 1649 1700 1699
f 1649 1650 1701 1700
f 1650 1651 1702 1701
f 1651 1652 1703 1702
f 1652 1653 1704 1703
f 1653 1654 1705 1704
f 1654 1655 1706 1705
f 1655 1656 1707 1706
f 1656 1657 1708 1707
f 1657 1658 1709 1708
f 1658 1659 1710 1709
f 1659 1660 1711 1710
f 1660 1661 1712 1711
f 1661 1662 1713 1712
f 1662 1663 1714 1713
f 1663 1664 1715 1714
f 1664 1665 1716 1715
f 1665 1666 1717 1716
f 1666 1667 1718 1717
f 1667 1668 1719 1718
f 1668 1669 1720 1719
f 1669 1670 1721 1720
f 1670 1671 1722 1721
f 1671 1672 1723 1722
f 1672 1673 1724 1723
f 1673 1674 1725 1724
f 1674 1675 1726 1725
f 1675 1676 1727 1726
f 1676 1677 1728 1727
f 1677 1678 1729 1728
f 1678 1679 1730 1729
f 1679 1680 1731 1730
f 1680 1681 1732 1731
f 1681 1682 1733 1732
f 1682 1683 1734 1733
f 1684 1685 1736 1735
f 1685 1686 1737 1736
f 1686 1687 1738 1737
f 1687 1688 1739 1738
f 1688 1689 1740 1739
f 1689 1690 1741 1740
f 1690 1691 1742 1741
f 1691 1692 1743 1742
f 1692 1693 1744 1743
f 1693 1694 1745 1744
f 1694 1695 1746 1745
f 1695 1696 1747 1746
f 1696 1697 1748 1747
f 1697 1698 1749 1748
f 1698 1699 1750 1749
f 1699 1700 1751 1750
f 1700 1701 1752 1751
f 1701 1702 1753 1752
f 1702 1703 1754 1753
f 1703 1704 1755 1754
f 1704 1705 1756 1755
f 1705 1706 1757 1756
f 1706 1707 1758 1757
f 1707 1708 1759 1758
f 1708 1709 1760 1759
f 1709 1710 1761 1760
f 1710 1711 1762 1761
f 1711 1712 1763 1762
f 1712 1713 1764 1763
f 1713 1714 1765 1764
f 1714 1715 1766 1765
f 1715 1716 1767 1766
f 1716 1717 1768 1767
f 1717 1718 1769 1768
f 1718 1719 1770 1769
f 1719 1720 1771 1770
f 1720 1721 1772 1771
f 1721 1722 1773 1772
f 1722 1723 1774 1773
f 1723 1724 1775 1774
f 1724 1725 1776 1775
f 1725 1726 1777 1776
f 1726 1727 1778 1777
f 1727 1728 1779 1778
f 1728 1729 1780 1779
f 1729 1730 1781 1780
f 1730 1731 1782 1781
f 1731 1732 1783 1782
f 1732 1733 1784 1783
f 1733 1734 1785 1784
f 1735 1736 1787 1786
f 1736 1737 1788 1787
f 1737 1738 1789 1788
f 1738 1739 1790 1789
f 1739 1740 1791 1790
f 1740 1741 1792 1791
f 1741 1742 1793 1792
f 1742 1743 1794 1793
f 1743 1744 1795 1794
f 1744 1745 1796 1795
f 1745 1746 1797 1796
f 1746 1747 1798 1797
f 1747 1748 1799 1798
f 1748 1749 1800 1799
f 1749 1750 1801 1800
f 1750 1751 1802 1801
f 1751 1752 1803 1802
f 1752 1753 1804 1803
f 1753 1754 1805 1804
f 1754 1755 1806 1805
f 1755 1756 1807 1806
f 1756 1757 1808 1807
f 1757 1758 1809 1808
f 1758 1759 1810 1809
f 1759 1760 1811 1810
f 1760 1761 1812 1811
f 1761 1762 1813 1812
f 1762 1763 1814 1813
f 1763 1764 1815 1814
f 1764 1765 1816 1815
f 1765 1766 1817 1816
f 1766 1767 1818 1817
f 1767 1768 1819 1818
f 1768 1769 1820 1819
f 1769 1770 1821 1820
f 1770 1771 1822 1821
f 1771 1772 1823 1822
f 1772 1773 1824 1823
f 1773 1774 1825 1824
f 1774 1775 1826 1825
f 1775 1776 1827 1826
f 1776 1777 1828 1827
f 1777 1778 1829 1828
f 1778 1779 1830 1829
f 1779 1780 1831 1830
f 1780 1781 1832 1831
f 1781 1782 1833 1832
f 1782 1783 1834 1833
f 1783 1784 1835 1834
f 1784 1785 1836 1835
f 1786 1787 1838 1837
f 1787 1788 1839 1838
f 1788 1789 1840 1839
f 1789 1790 1841 1840
f 1790 1791 1842 1841
f 1791 1792 1843 1842
f 1792 1793 1844 1843
f 1793 1794 1845 1844
f 1794 1795 1846 1845
f 1795 1796 1847 1846
f 1796 1797 1848 1847
f 1797 1798 1849 1848
f 1798 1799 1850 1849
f 1799 1800 1851 1850
f 1800 1801 1852 1851
f 1801 1802 1853 1852
f 1802 1803 1854 1853
f 1803 1804 1855 1854
f 1804 1805 1856 1855
f 1805 1806 1857 1856
f 1806 1807 1858 1857
f 1807 1808 1859 1858
f 1808 1809 1860 1859
f 1809 1810 1861 1860
f 1810 1811 1862 1861
f 1811 1812 1863 1862
f 1812 1813 1864 1863
f 1813 1814 1865 1864
f 1814 1815 1866 1865
f 1815 1816 1867 1866
f 1816 1817 1868 1867
f 1817 1818 1869 1868
f 1818 1819 1870 1869
f 1819 1820 1871 1870
f 1820 1821 1872 1871
f 1821 1822 1873 1872
f 1822 1823 1874 1873
f 1823 1824 1875 1874
f 1824 1825 1876 1875
f 1825 1826 1877 1876
f 1826 1827 1878 1877
f 1827 1828 1879 1878
f 1828 1829 1880 1879
f 1829 1830 1881 1880
f 1830 1831 1882 1881
f 1831 1832 1883 1882
f 1832 1833 1884 1883
f 1833 1834 1885 1884
f 1834 1835 1886 1885
f 1835 1836 1887 1886
f 1837 1838 1889 1888
f 1838 1839 1890 1889
f 1839 1840 1891 1890
f 1840 1841 1892 1891
f 1841 1842 1893 1892
f 1842 1843 1894 1893
f 1843 1844 1895 1894
f 1844 1845 1896 1895
f 1845 1846 1897 1896
f 1846 1847 1898 1897
f 1847 1848 1899 1898
f 1848 1849 1900 1899
f 1849 1850 1901 1900
f 1850 1851 1902 1901
f 1851 1852 1903 1902
f 1852 1853 1904 1903
f 1853 1854 1905 1904
f 1854 1855 1906 1905
f 1855 1856 1907 1906
f 1856 1857 1908 1907
f 1857 1858 1909 1908
f 1858 1859 1910 1909
f 1859 1860 1911 1910
f 1860 1861 1912 1911
f 1861 1862 1913 1912
f 1862 1863 1914 1913
f 1863 1864 1915 1914
f 1864 1865 1916 1915
f 1865 1866 1917 1916
f 1866 1867 1918 1917
f 1867 1868 1919 1918
f 1868 1869 1920 1919
f 1869 1870 1921 1920
f 1870 1871 1922 1921
f 1871 1872 1923 1922
f 1872 1873 1924 1923
f 1873 1874 1925 1924
f 1874 1875 1926 1925
f 1875 1876 1927 1926
f 1876 1877 1928 1927
f 1877 1878 1929 1928
f 1878 1879 1930 1929
f 1879 1880 1931 1930
f 1880 1881 1932 1931
f 1881 1882 1933 1932
f 1882 1883 1934 1933
f 1883 1884 1935 1934
f 1884 1885 1936 1935
f 1885 1886 1937 1936
f 1886 1887 1938 1937
f 1888 1889 1940 1939
f 1889 1890 1941 1940
f 1890 1891 1942 1941
f 1891 1892 1943 1942
f 1892 1893 1944 1943
f 1893 1894 1945 1944
f 1894 1895 1946 1945
f 1895 1896 1947 1946
f 1896 1897 1948 1947
f 1897 1898 1949 1948
f 1898 1899 1950 1949
f 1899 1900 1951 1950
f 1900 1901 1952 1951
f 1901 1902 1953 1952
f 1902 1903 1954 1953
f 1903 1904 1955 1954
f 1904 1905 1956 1955
f 1905 1906 1957 1956
f 1906 1907 1958 1957
f 1907 1908 1959 1958
f 1908 1909 1960 1959
f 1909 1910 1961 1960
f 1910 1911 1962 1961
f 1911 1912 1963 1962
f 1912 1913 1964 1963
f 1913 1914 1965 1964
f 1914 1915 1966 1965
f 1915 1916 1967 1966
f 1916 1917 1968 1967
f 1917 1918 1969 1968
f 1918 1919 1970 1969
f 1919 1920 1971 1970
f 1920 1921 1972 1971
f 1921 1922 1973 1972
f 1922 1923 1974 1973
f 1923 1924 1975 1974
f 1924 1925 1976 1975
f 1925 1926 1977 1976
f 1926 1927 1978 1977
f 1927 1928 1979 1978
f 1928 1929 1980 1979
f 1929 1930 1981 1980
f 1930 1931 1982 1981
f 1931 1932 1983 1982
f 1932 1933 1984 1983
f 1933 1934 1985 1984
f 1934 1935 1986 1985
f 1935 1936 1987 1986
f 1936 1937 1988 1987
f 1937 1938 1989 1988
f 1939 1940 1991 1990
f 1940 1941 1992 1991
f 1941 1942 1993 1992
f 1942 1943 1994 1993
f 1943 1944 1995 1994
f 1944 1945 1996 1995
f 1945 1946 1997 1996
f 1946 1947 1998 1997
f 1947 1948 1999 1998
f 1948 1949 2000 1999
f 1949 1950 2001 2000
f 1950 1951 2002 2001
f 1951 1952 2003 2002
f 1952 1953 2004 2003
f 1953 1954 2005 2004
f 1954 1955 2006 2005
f 1955 1956 2007 2006
f 1956 1957 2008 2007
f 1957 1958 2009 2008
f 1958 1959 2010 2009
f 1959 1960 2011 2010
f 1960 1961 2012 2011
f 1961 1962 2013 2012
f 1962 1963 2014 2013
f 1963 1964 2015 2014
f 1964 1965 2016 2015
f 1965 1966 2017 2016
f 1966 1967 2018 2017
f 1967 1968 2019 2018
f 1968 1969 2020 2019
f 1969 1970 2021 2020
f 1970 1971 2022 2021
f 1971 1972 2023 2022
f 1972 1973 2024 2023
f 1973 1974 2025 2024
f 1974 1975 2026 2025
f 1975 1976 2027 2026
f 1976 1977 2028 2027
f 1977 1978 2029 2028
f 1978 1979 2030 2029
f 1979 1980 2031 2030
f 1980 1981 2032 2031
f 1981 1982 2033 2032
f 1982 1983 2034 2033
f 1983 1984 2035 2034
f 1984 1985 2036 2035
f 1985 1986 2037 2036
f 1986 1987 2038 2037
f 1987 1988 2039 2038
f 1988 1989 2040 2039
f 1990 1991 2042 2041
f 1991 1992 2043 2042
f 1992 1993 2044 2043
f 1993 1994 2045 2044
f 1994 1995 2046 2045
f 1995 1996 2047 2046
f 1996 1997 2048 2047
f 1997 1998 2049 2048
f 1998 1999 2050 2049
f 1999 2000 2051 2050
f 2000 2001 2052 2051
f 2001 2002 2053 2052
f 2002 2003 2054 2053
f 2003 2004 2055 2054
f 2004 2005 2056 2055
f 2005 2006 2057 2056
f 2006 2007 2058 2057
f 2007 2008 2059 2058
f 2008 2009 2060 2059
f 2009 2010 2061 2060
f 2010 2011 2062 2061
f 2011 2012 2063 2062
f 2012 2013 2064 2063
f 2013 2014 2065 2064
f 2014 2015 2066 2065
f 2015 2016 2067 2066
f 2016 2017 2068 2067
f 2017 2018 2069 2068
f 2018 2019 2070 2069
f 2019 2020 2071 2070
f 2020 2021 2072 2071
f 2021 2022 2073 2072
f 2022 2023 2074 2073
f 2023 2024 2075 2074
f 2024 2025 2076 2075
f 2025 2026 2077 2076
f 2026 2027 2078 2077
f 2027 2028 2079 2078
f 2028 2029 2080 2079
f 2029 2030 2081 2080
f 2030 2031 2082 2081
f 2031 2032 2083 2082
f 2032 2033 2084 2083
f 2033 2034 2085 2084
f 2034 2035 2086 2085
f 2035 2036 2087 2086
f 2036 2037 2088 2087
f 2037 2038 2089 2088
f 2038 2039 2090 2089
f 2039 2040 2091 2090
f 2041 2042 2093 2092
f 2042 2043 2094 2093
f 2043 2044 2095 2094
f 2044 2045 2096 2095
f 2045 2046 2097 2096
f 2046 2047 2098 2097
f 2047 2048 2099 2098
f 2048 2049 2100 2099
f 2049 2050 2101 2100
f 2050 2051 2102 2101
f 2051 2052 2103 2102
f 2052 2053 2104 2103
f 2053 2054 2105 2104
f 2054 2055 2106 2105
f 2055 2056 2107 2106
f 2056 2057 2108 2107
f 2057 2058 2109 2108
f 2058 2059 2110 2109
f 2059 2060 2111 2110
f 2060 2061 2112 2111
f 2061 2062 2113 2112
f 2062 2063 2114 2113
f 2063 2064 2115 2114
f 2064 2065 2116 2115
f 2065 2066 2117 2116
f 2066 2067 2118 2117
f 2067 2068 2119 2118
f 2068 2069 2120 2119
f 2069 2070 2121 2120
f 2070 2071 2122 2121
f 2071 2072 2123 2122
f 2072 2073 2124 2123
f 2073 2074 2125 2124
f 2074 2075 2126 2125
f 2075 2076 2127 2126
f 2076 2077 2128 2127
f 2077 2078 2129 2128
f 2078 2079 2130 2129
f 2079 2080 2131 2130
f 2080 2081 2132 2131
f 2081 2082 2133 2132
f 2082 2083 2134 2133
f 2083 2084 2135 2134
f 2084 2085 2136 2135
f 2085 2086 2137 2136
f 2086 2087 2138 2137
f 2087 2088 2139 2138
f 2088 2089 2140 2139
f 2089 2090 2141 2140
f 2090 2091 2142 2141
f 2092 2093 2144 2143
f 2093 2094 2145 2144
f 2094 2095 2146 2145
f 2095 2096 2147 2146
f 2096 2097 2148 2147
f 2097 2098 2149 2148
f 2098 2099 2150 2149
f 2099 2100 2151 2150
f 2100 2101 2152 2151
f 2101 2102 2153 2152
f 2102 2103 2154 2153
f 2103 2104 2155 2154
f 2104 2105 2156 2155
f 2105 2106 2157 2156
f 2106 2107 2158 2157
f 2107 2108 2159 2158
f 2108 2109 2160 2159
f 2109 2110 2161 2160
f 2110 2111 2162 2161
f 2111 2112 2163 2162
f 2112 2113 2164 2163
f 2113 2114 2165 2164
f 2114 2115 2166 2165
f 2115 2116 2167 2166
f 2116 2117 2168 2167
f 2117 2118 2169 2168
f 2118 2119 2170 2169
f 2119 2120 2171 2170
f 2120 2121 2172 2171
f 2121 2122 2173 2172
f 2122 2123 2174 2173
f 2123 2124 2175 2174
f 2124 2125 2176 2175
f 2125 2126 2177 2176
f 2126 2127 2178 2177
f 2127 2128 2179 2178
f 2128 2129 2180 2179
f 2129 2130 2181 2180
f 2130 2131 2182 2181
f 2131 2132 2183 2182
f 2132 2133 2184 2183
f 2133 2134 2185 2184
f 2134 2135 2186 2185
f 2135 2136 2187 2186
f 2136 2137 2188 2187
f 2137 2138 2189 2188
f 2138 2139 2190 2189
f 2139 2140 2191 2190
f 2140 2141 2192 2191
f 2141 2142 2193 2192
f 2143 2144 2195 2194
f 2144 2145 2196 2195
f 2145 2146 2197 2196
f 2146 2147 2198 2197
f 2147 2148 2199 2198
f 2148 2149 2200 2199
f 2149 2150 2201 2200
f 2150 2151 2202 2201
f 2151 2152 2203 2202
f 2152 2153 2204 2203
f 2153 2154 2205 2204
f 2154 2155 2206 2205
f 2155 2156 2207 2206
f 2156 2157 2208 2207
f 2157 2158 2209 2208
f 2158 2159 2210 2209
f 2159 2160 2211 2210
f 2160 2161 2212 2211
f 2161 2162 2213 2212
f 2162 2163 2214 2213
f 2163 2164 2215 2214
f 2164 2165 2216 2215
f 2165 2166 2217 2216
f 2166 2167 2218 2217
f 2167 2168 2219 2218
f 2168 2169 2220 2219
f 2169 2170 2221 2220
f 2170 2171 2222 2221
f 2171 2172 2223 2222
f 2172 2173 2224 2223
f 2173 2174 2225 2224
f 2174 2175 2226 2225
f 2175 2176 2227 2226
f 2176 2177 2228 2227
f 2177 2178 2229 2228
f 2178 2179 2230 2229
f 2179 2180 2231 2230
f 2180 2181 2232 2231
f 2181 2182 2233 2232
f 2182 2183 2234 2233
f 2183 2184 2235 2234
f 2184 2185 2236 2235
f 2185 2186 2237 2236
f 2186 2187 2238 2237
f 2187 2188 2239 2238
f 2188 2189 2240 2239
f 2189 2190 2241 2240
f 2190 2191 2242 2241
f 2191 2192 2243 2242
f 2192 2193 2244 2243
f 2194 2195 2246 2245
f 2195 2196 2247 2246
f 2196 2197 2248 2247
f 2197 2198 2249 2248
f 2198 2199 2250 2249
f 2199 2200 2251 2250
f 2200 2201 2252 2251
f 2201 2202 2253 2252
f 2202 2203 2254 2253
f 2203 2204 2255 2254
f 2204 2205 2256 2255
f 2205 2206 2257 2256
f 2206 2207 2258 2257
f 2207 2208 2259 2258
f 2208 2209 2260 2259
f 2209 2210 2261 2260
f 2210 2211 2262 2261
f 2211 2212 2263 2262
f 2212 2213 2264 2263
f 2213 2214 2265 2264
f 2214 2215 2266 2265
f 2215 2216 2267 2266
f 2216 2217 2268 2267
f 2217 2218 2269 2268
f 2218 2219 2270 2269
f 2219 2220 2271 2270
f 2220 2221 2272 2271
f 2221 2222 2273 2272
f 2222 2223 2274 2273
f 2223 2224 2275 2274
f 2224 2225 2276 2275
f 2225 2226 2277 2276
f 2226 2227 2278 2277
f 2227 2228 2279 2278
f 2228 2229 2280 2279
f 2229 2230 2281 2280
f 2230 2231 2282 2281
f 2231 2232 2283 2282
f 2232 2233 2284 2283
f 2233 2234 2285 2284
f 2234 2235 2286 2285
f 2235 2236 2287 2286
f 2236 2237 2288 2287
f 2237 2238 2289 2288
f 2238 2239 2290 2289
f 2239 2240 2291 2290
f 2240 2241 2292 2291
f 2241 2242 2293 2292
f 2242 2243 2294 2293
f 2243 2244 2295 2294
f 2245 2246 2297 2296
f 2246 2247 2298 2297
f 2247 2248 2299 2298
f 2248 2249 2300 2299
f 2249 2250 2301 2300
f 2250 2251 2302 2301
f 2251 2252 2303 2302
f 2252 2253 2304 2303
f 2253 2254 2305 2304
f 2254 2255 2306 2305
f 2255 2256 2307 2306
f 2256 2257 2308 2307
f 2257 2258 2309 2308
f 2258 2259 2310 2309
f 2259 2260 2311 2310
f 2260 2261 2312 2311
f 2261 2262 2313 2312
f 2262 2263 2314 2313
f 2263 2264 2315 2314
f 2264 2265 2316 2315
f 2265 2266 2317 2316
f 2266 2267 2318 2317
f 2267 2268 2319 2318
f 2268 2269 2320 2319
f 2269 2270 2321 2320
f 2270 2271 2322 2321
f 2271 2272 2323 2322
f 2272 2273 2324 2323
f 2273 2274 2325 2324
f 2274 2275 2326 2325
f 2275 2276 2327 2326
f 2276 2277 2328 2327
f 2277 2278 2329 2328
f 2278 2279 2330 2329
f 2279 2280 2331 2330
f 2280 2281 2332 2331
f 2281 2282 2333 2332
f 2282 2283 2334 2333
f 2283 2284 2335 2334
f 2284 2285 2336 2335
f 2285 2286 2337 2336
f 2286 2287 2338 2337
f 2287 2288 2339 2338
f 2288 2289 2340 2339
f 2289 2290 2341 2340
f 2290 2291 2342 2341
f 2291 2292 2343 2342
f 2292 2293 2344 2343
f 2293 2294 2345 2344
f 2294 2295 2346 2345
f 2296 2297 2348 2347
f 2297 2298 2349 2348
f 2298 2299 2350 2349
f 2299 2300 2351 2350
f 2300 2301 2352 2351
f 2301 2302 2353 2352
f 2302 2303 2354 2353
f 2303 2304 2355 2354
f 2304 2305 2356 2355
f 2305 2306 2357 2356
f 2306 2307 2358 2357
f 2307 2308 2359 2358
f 2308 2309 2360 2359
f 2309 2310 2361 2360
f 2310 2311 2362 2361
f 2311 2312 2363 2362
f 2312 2313 2364 2363
f 2313 2314 2365 2364
f 2314 2315 2366 2365
f 2315 2316 2367 2366
f 2316 2317 2368 2367
f 2317 2318 2369 2368
f 2318 2319 2370 2369
f 2319 2320 2371 2370
f 2320 2321 2372 2371
f 2321 2322 2373 2372
f 2322 2323 2374 2373
f 2323 2324 2375 2374
f 2324 2325 2376 2375
f 2325 2326 2377 2376
f 2326 2327 2378 2377
f 2327 2328 2379 2378
f 2328 2329 2380 2379
f 2329 2330 2381 2380
f 2330 2331 2382 2381
f 2331 2332 2383 2382
f 2332 2333 2384 2383
f 2333 2334 2385 2384
f 2334 2335 2386 2385
f 2335 2336 2387 2386
f 2336 2337 2388 2387
f 2337 2338 2389 2388
f 2338 2339 2390 2389
f 2339 2340 2391 2390
f 2340 2341 2392 2391
f 2341 2342 2393 2392
f 2342 2343 2394 2393
f 2343 2344 2395 2394
f 2344 2345 2396 2395
f 2345 2346 2397 2396
f 2347 2348 2399 2398
f 2348 2349 2400 2399
f 2349 2350 2401 2400
f 2350 2351 2402 2401
f 2351 2352 2403 2402
f 2352 2353 2404 2403
f 2353 2354 2405 2404
f 2354 2355 2406 2405
f 2355 2356 2407 2406
f 2356 2357 2408 2407
f 2357 2358 2409 2408
f 2358 2359 2410 2409
f 2359 2360 2411 2410
f 2360 2361 2412 2411
f 2361 2362 2413 2412
f 2362 2363 2414 2413
f 2363 2364 2415 2414
f 2364 2365 2416 2415
f 2365 2366 2417 2416
f 2366 2367 2418 2417
f 2367 2368 2419 2418
f 2368 2369 2420 2419
f 2369 2370 2421 2420
f 2370 2371 2422 2421
f 2371 2372 2423 2422
f 2372 2373 2424 2423
f 2373 2374 2425 2424
f 2374 2375 2426 2425
f 2375 2376 2427 2426
f 2376 2377 2428 2427
f 2377 2378 2429 2428
f 2378 2379 2430 2429
f 2379 2380 2431 2430
f 2380 2381 2432 2431
f 2381 2382 2433 2432
f 2382 2383 2434 2433
f 2383 2384 2435 2434
f 2384 2385 2436 2435
f 2385 2386 2437 2436
f 2386 2387 2438 2437
f 2387 2388 2439 2438
f 2388 2389 2440 2439
f 2389 2390 2441 2440
f 2390 2391 2442 2441
f 2391 2392 2443 2442
f 2392 2393 2444 2443
f 2393 2394 2445 2444
f 2394 2395 2446 2445
f 2395 2396 2447 2446
f 2396 2397 2448 2447
f 2398 2399 2450 2449
f 2399 2400 2451 2450
f 2400 2401 2452 2451
f 2401 2402 2453 2452
f 2402 2403 2454 2453
f 2403 2404 2455 2454
f 2404 2405 2456 2455
f 2405 2406 2457 2456
f 2406 2407 2458 2457
f 2407 2408 2459 2458
f 2408 2409 2460 2459
f 2409 2410 2461 2460
f 2410 2411 2462 2461
f 2411 2412 2463 2462
f 2412 2413 2464 2463
f 2413 2414 2465 2464
f 2414 2415 2466 2465
f 2415 2416 2467 2466
f 2416 2417 2468 2467
f 2417 2418 2469 2468
f 2418 2419 2470 2469
f 2419 2420 2471 2470
f 2420 2421 2472 2471
f 2421 2422 2473 2472
f 2422 2423 2474 2473
f 2423 2424 2475 2474
f 2424 2425 2476 2475
f 2425 2426 2477 2476
f 2426 2427 2478 2477
f 2427 2428 2479 2478
f 2428 2429 2480 2479
f 2429 2430 2481 2480
f 2430 2431 2482 2481
f 2431 2432 2483 2482
f 2432 2433 2484 2483
f 2433 2434 2485 2484
f 2434 2435 2486 2485
f 2435 2436 2487 2486
f 2436 2437 2488 2487
f 2437 2438 2489 2488
f 2438 2439 2490 2489
f 2439 2440 2491 2490
f 2440 2441 2492 2491
f 2441 2442 2493 2492
f 2442 2443 2494 2493
f 2443 2444 2495 2494
f 2444 2445 2496 2495
f 2445 2446 2497 2496
f 2446 2447 2498 2497
f 2447 2448 2499 2498
f 2449 2450 2501 2500
f 2450 2451 2502 2501
f 2451 2452 2503 2502
f 2452 2453 2504 2503
f 2453 2454 2505 2504
f 2454 2455 2506 2505
f 2455 2456 2507 2506
f 2456 2457 2508 2507
f 2457 2458 2509 2508
f 2458 2459 2510 2509
f 2459 2460 2511 2510
f 2460 2461 2512 2511
f 2461 2462 2513 2512
f 2462 2463 2514 2513
f 2463 2464 2515 2514
f 2464 2465 2516 2515
f 2465 2466 2517 2516
f 2466 2467 2518 2517
f 2467 2468 2519 2518
f 2468 2469 2520 2519
f 2469 2470 2521 2520
f 2470 2471 2522 2521
f 2471 2472 2523 2522
f 2472 2473 2524 2523
f 2473 2474 2525 2524
f 2474 2475 2526 2525
f 2475 2476 2527 2526
f 2476 2477 2528 2527
f 2477 2478 2529 2528
f 2478 2479 2530 2529
f 2479 2480 2531 2530
f 2480 2481 2532 2531
f 2481 2482 2533 2532
f 2482 2483 2534 2533
f 2483 2484 2535 2534
f 2484 2485 2536 2535
f 2485 2486 2537 2536
f 2486 2487 2538 2537
f 2487 2488 2539 2538
f 2488 2489 2540 2539
f 2489 2490 2541 2540
f 2490 2491 2542 2541
f 2491 2492 2543 2542
f 2492 2493 2544 2543
f 2493 2494 2545 2544
f 2494 2495 2546 2545
f 2495 2496 2547 2546
f 2496 2497 2548 2547
f 2497 2498 2549 2548
f 2498 2499 2550 2549
f 2500 2501 2552 2551
f 2501 2502 2553 2552
f 2502 2503 2554 2553
f 2503 2504 2555 2554
f 2504 2505 2556 2555
f 2505 2506 2557 2556
f 2506 2507 2558 2557
f 2507 2508 2559 2558
f 2508 2509 2560 2559
f 2509 2510 2561 2560
f 2510 2511 2562 2561
f 2511 2512 2563 2562
f 2512 2513 2564 2563
f 2513 2514 2565 2564
f 2514 2515 2566 2565
f 2515 2516 2567 2566
f 2516 2517 2568 2567
f 2517 2518 2569 2568
f 2518 2519 2570 2569
f 2519 2520 2571 2570
f 2520 2521 2572 2571
f 2521 2522 2573 2572
f 2522 2523 2574 2573
f 2523 2524 2575 2574
f 2524 2525 2576 2575
f 2525 2526 2577 2576
f 2526 2527 2578 2577
f 2527 2528 2579 2578
f 2528 2529 2580 2579
f 2529 2530 2581 2580
f 2530 2531 2582 2581
f 2531 2532 2583 2582
f 2532 2533 2584 2583
f 2533 2534 2585 2584
f 2534 2535 2586 2585
f 2535 2536 2587 2586
f 2536 2537 2588 2587
f 2537 2538 2589 2588
f 2538 2539 2590 2589
f 2539 2540 2591 2590
f 2540 2541 2592 2591
f 2541 2542 2593 2592
f 2542 2543 2594 2593
f 2543 2544 2595 2594
f 2544 2545 2596 2595
f 2545 2546 2597 2596
f 2546 2547 2598 2597
f 2547 2548 2599 2598
f 2548 2549 2600 2599
f 2549 2550 2601 2600
f 2551 2552 2603 2602
f 2552 2553 2604 2603
f 2553 2554 2605 2604
f 2554 2555 2606 2605
f 2555 2556 2607 2606
f 2556 2557 2608 2607
f 2557 2558 2609 2608
f 2558 2559 2610 2609
f 2559 2560 2611 2610
f 2560 2561 2612 2611
f 2561 2562 2613 2612
f 2562 2563 2614 2613
f 2563 2564 2615 2614
f 2564 2565 2616 2615
f 2565 2566 2617 2616
f 2566 2567 2618 2617
f 2567 2568 2619 2618
f 2568 2569 2620 2619
f 2569 2570 2621 2620
f 2570 2571 2622 2621
f 2571 2572 2623 2622
f 2572 2573 2624 2623
f 2573 2574 2625 2624
f 2574 2575 2626 2625
f 2575 2576 2627 2626
f 2576 2577 2628 2627
f 2577 2578 2629 2628
f 2578 2579 2630 2629
f 2579 2580 2631 2630
f 2580 2581 2632 2631
f 2581 2582 2633 2632
f 2582 2583 2634 2633
f 2583 2584 2635 2634
f 2584 2585 2636 2635
f 2585 2586 2637 2636
f 2586 2587 2638 2637
f 2587 2588 2639 2638
f 2588 2589 2640 2639
f 2589 2590 2641 2640
f 2590 2591 2642 2641
f 2591 2592 2643 2642
f 2592 2593 2644 2643
f 2593 2594 2645 2644
f 2594 2595 2646 2645
f 2595 2596 2647 2646
f 2596 2597 2648 2647
f 2597 2598 2649 2648
f 2598 2599 2650 2649
f 2599 2600 2651 2650
f 2600 2601 2652 2651
f 2602 2603 2654 2653
f 2603 2604 2655 2654
f 2604 2605 2656 2655
f 2605 2606 2657 2656
f 2606 2607 2658 2657
f 2607 2608 2659 2658
f 2608 2609 2660 2659
f 2609 2610 2661 2660
f 2610 2611 2662 2661
f 2611 2612 2663 2662
f 2612 2613 2664 2663
f 2613 2614 2665 2664
f 2614 2615 2666 2665
f 2615 2616 2667 2666
f 2616 2617 2668 2667
f 2617 2618 2669 2668
f 2618 2619 2670 2669
f 2619 2620 2671 2670
f 2620 2621 2672 2671
f 2621 2622 2673 2672
f 2622 2623 2674 2673
f 2623 2624 2675 2674
f 2624 2625 2676 2675
f 2625 2626 2677 2676
f 2626 2627 2678 2677
f 2627 2628 2679 2678
f 2628 2629 2680 2679
f 2629 2630 2681 2680
f 2630 2631 2682 2681
f 2631 2632 2683 2682
f 2632 2633 2684 2683
f 2633 2634 2685 2684
f 2634 2635 2686 2685
f 2635 2636 2687 2686
f 2636 2637 2688 2687
f 2637 2638 2689 2688
f 2638 2639 2690 2689
f 2639 2640 2691 2690
f 2640 2641 2692 2691
f 2641 2642 2693 2692
f 2642 2643 2694 2693
f 2643 2644 2695 2694
f 2644 2645 2696 2695
f 2645 2646 2697 2696
f 2646 2647 2698 2697
f 2647 2648 2699 2698
f 2648 2649 2700 2699
f 2649 2650 2701 2700
f 2650 2651 2702 2701
f 2651 2652 2703 2702
f 2653 2654 2705 2704
f 2654 2655 2706 2705
f 2655 2656 2707 2706
f 2656 2657 2708 2707
f 2657 2658 2709 2708
f 2658 2659 2710 2709
f 2659 2660 2711 2710
f 2660 2661 2712 2711
f 2661 2662 2713 2712
f 2662 2663 2714 2713
f 2663 2664 2715 2714
f 2664 2665 2716 2715
f 2665 2666 2717 2716
f 2666 2667 2718 2717
f 2667 2668 2719 2718
f 2668 2669 2720 2719
f 2669 2670 2721 2720
f 2670 2671 2722 2721
f 2671 2672 2723 2722
f 2672 2673 2724 2723
f 2673 2674 2725 2724
f 2674 2675 2726 2725
f 2675 2676 2727 2726
f 2676 2677 2728 2727
f 2677 2678 2729 2728
f 2678 2679 2730 2729
f 2679 2680 2731 2730
f 2680 2681 2732 2731
f 2681 2682 2733 2732
f 2682 2683 2734 2733
f 2683 2684 2735 2734
f 2684 2685 2736 2735
f 2685 2686 2737 2736
f 2686 2687 2738 2737
f 2687 2688 2739 2738
f 2688 2689 2740 2739
f 2689 2690 2741 2740
f 2690 2691 2742 2741
f 2691 2692 2743 2742
f 2692 2693 2744 2743
f 2693 2694 2745 2744
f 2694 2695 2746 2745
f 2695 2696 2747 2746
f 2696 2697 2748 2747
f 2697 2698 2749 2748
f 2698 2699 2750 2749
f 2699 2700 2751 2750
f 2700 2701 2752 2751
f 2701 2702 2753 2752
f 2702 2703 2754 2753
f 2704 2705 2756 2755
f 2705 2706 2757 2756
f 2706 2707 2758 2757
f 2707 2708 2759 2758
f 2708 2709 2760 2759
f 2709 2710 2761 2760
f 2710 2711 2762 2761
f 2711 2712 2763 2762
f 2712 2713 2764 2763
f 2713 2714 2765 2764
f 2714 2715 2766 2765
f 2715 2716 2767 2766
f 2716 2717 2768 2767
f 2717 2718 2769 2768
f 2718 2719 2770 2769
f 2719 2720 2771 2770
f 2720 2721 2772 2771
f 2721 2722 2773 2772
f 2722 2723 2774 2773
f 2723 2724 2775 2774
f 2724 2725 2776 2775
f 2725 2726 2777 2776
f 2726 2727 2778 2777
f 2727 2728 2779 2778
f 2728 2729 2780 2779
f 2729 2730 2781 2780
f 2730 2731 2782 2781
f 2731 2732 2783 2782
f 2732 2733 2784 2783
f 2733 2734 2785 2784
f 2734 2735 2786 2785
f 2735 2736 2787 2786
f 2736 2737 2788 2787
f 2737 2738 2789 2788
f 2738 2739 2790 2789
f 2739 2740 2791 2790
f 2740 2741 2792 2791
f 2741 2742 2793 2792
f 2742 2743 2794 2793
f 2743 2744 2795 2794
f 2744 2745 2796 2795
f 2745 2746 2797 2796
f 2746 2747 2798 2797
f 2747 2748 2799 2798
f 2748 2749 2800 2799
f 2749 2750 2801 2800
f 2750 2751 2802 2801
f 2751 2752 2803 2802
f 2752 2753 2804 2803
f 2753 2754 2805 2804
f 2755 2756 2807 2806
f 2756 2757 2808 2807
f 2757 2758 2809 2808
f 2758 2759 2810 2809
f 2759 2760 2811 2810
f 2760 2761 2812 2811
f 2761 2762 2813 2812
f 2762 2763 2814 2813
f 2763 2764 2815 2814
f 2764 2765 2816 2815
f 2765 2766 2817 2816
f 2766 2767 2818 2817
f 2767 2768 2819 2818
f 2768 2769 2820 2819
f 2769 2770 2821 2820
f 2770 2771 2822 2821
f 2771 2772 2823 2822
f 2772 2773 2824 2823
f 2773 2774 2825 2824
f 2774 2775 2826 2825
f 2775 2776 2827 2826
f 2776 2777 2828 2827
f 2777 2778 2829 2828
f 2778 2779 2830 2829
f 2779 2780 2831 2830
f 2780 2781 2832 2831
f 2781 2782 2833 2832
f 2782 2783 2834 2833
f 2783 2784 2835 2834
f 2784 2785 2836 2835
f 2785 2786 2837 2836
f 2786 2787 2838 2837
f 2787 2788 2839 2838
f 2788 2789 2840 2839
f 2789 2790 2841 2840
f 2790 2791 2842 2841
f 2791 2792 2843 2842
f 2792 2793 2844 2843
f 2793 2794 2845 2844
f 2794 2795 2846 2845
f 2795 2796 2847 2846
f 2796 2797 2848 2847
f 2797 2798 2849 2848
f 2798 2799 2850 2849
f 2799 2800 2851 2850
f 2800 2801 2852 2851
f 2801 2802 2853 2852
f 2802 2803 2854 2853
f 2803 2804 2855 2854
f 2804 2805 2856 2855
f 2806 2807 2858 2857
f 2807 2808 2859 2858
f 2808 2809 2860 2859
f 2809 2810 2861 2860
f 2810 2811 2862 2861
f 2811 2812 2863 2862
f 2812 2813 2864 2863
f 2813 2814 2865 2864
f 2814 2815 2866 2865
f 2815 2816 2867 2866
f 2816 2817 2868 2867
f 2817 2818 2869 2868
f 2818 2819 2870 2869
f 2819 2820 2871 2870
f 2820 2821 2872 2871
f 2821 2822 2873 2872
f 2822 2823 2874 2873
f 2823 2824 2875 2874
f 2824 2825 2876 2875
f 2825 2826 2877 2876
f 2826 2827 2878 2877
f 2827 2828 2879 2878
f 2828 2829 2880 2879
f 2829 2830 2881 2880
f 2830 2831 2882 2881
f 2831 2832 2883 2882
f 2832 2833 2884 2883
f 2833 2834 2885 2884
f 2834 2835 2886 2885
f 2835 2836 2887 2886
f 2836 2837 2888 2887
f 2837 2838 2889 2888
f 2838 2839 2890 2889
f 2839 2840 2891 2890
f 2840 2841 2892 2891
f 2841 2842 2893 2892
f 2842 2843 2894 2893
f 2843 2844 2895 2894
f 2844 2845 2896 2895
f 2845 2846 2897 2896
f 2846 2847 2898 2897
f 2847 2848 2899 2898
f 2848 2849 2900 2899
f 2849 2850 2901 2900
f 2850 2851 2902 2901
f 2851 2852 2903 2902
f 2852 2853 2904 2903
f 2853 2854 2905 2904
f 2854 2855 2906 2905
f 2855 2856 2907 2906
f 2857 2858 2909 2908
f 2858 2859 2910 2909
f 2859 2860 2911 2910
f 2860 2861 2912 2911
f 2861 2862 2913 2912
f 2862 2863 2914 2913
f 2863 2864 2915 2914
f 2864 2865 2916 2915
f 2865 2866 2917 2916
f 2866 2867 2918 2917
f 2867 2868 2919 2918
f 2868 2869 2920 2919
f 2869 2870 2921 2920
f 2870 2871 2922 2921
f 2871 2872 2923 2922
f 2872 2873 2924 2923
f 2873 2874 2925 2924
f 2874 2875 2926 2925
f 2875 2876 2927 2926
f 2876 2877 2928 2927
f 2877 2878 2929 2928
f 2878 2879 2930 2929
f 2879 2880 2931 2930
f 2880 2881 2932 2931
f 2881 2882 2933 2932
f 2882 2883 2934 2933
f 2883 2884 2935 2934
f 2884 2885 2936 2935
f 2885 2886 2937 2936
f 2886 2887 2938 2937
f 2887 2888 2939 2938
f 2888 2889 2940 2939
f 2889 2890 2941 2940
f 2890 2891 2942 2941
f 2891 2892 2943 2942
f 2892 2893 2944 2943
f 2893 2894 2945 2944
f 2894 2895 2946 2945
f 2895 2896 2947 2946
f 2896 2897 2948 2947
f 2897 2898 2949 2948
f 2898 2899 2950 2949
f 2899 2900 2951 2950
f 2900 2901 2952 2951
f 2901 2902 2953 2952
f 2902 2903 2954 2953
f 2903 2904 2955 2954
f 2904 2905 2956 2955
f 2905 2906 2957 2956
f 2906 2907 2958 2957
f 2908 2909 2960 2959
f 2909 2910 2961 2960
f 2910 2911 2962 2961
f 2911 2912 2963 2962
f 2912 2913 2964 2963
f 2913 2914 2965 2964
f 2914 2915 2966 2965
f 2915 2916 2967 2966
f 2916 2917 2968 2967
f 2917 2918 2969 2968
f 2918 2919 2970 2969
f 2919 2920 2971 2970
f 2920 2921 2972 2971
f 2921 2922 2973 2972
f 2922 2923 2974 2973
f 2923 2924 2975 2974
f 2924 2925 2976 2975
f 2925 2926 2977 2976
f 2926 2927 2978 2977
f 2927 2928 2979 2978
f 2928 2929 2980 2979
f 2929 2930 2981 2980
f 2930 2931 2982 2981
f 2931 2932 2983 2982
f 2932 2933 2984 2983
f 2933 2934 2985 2984
f 2934 2935 2986 2985
f 2935 2936 2987 2986
f 2936 2937 2988 2987
f 2937 2938 2989 2988
f 2938 2939 2990 2989
f 2939 2940 2991 2990
f 2940 2941 2992 2991
f 2941 2942 2993 2992
f 2942 2943 2994 2993
f 2943 2944 2995 2994
f 2944 2945 2996 2995
f 2945 2946 2997 2996
f 2946 2947 2998 2997
f 2947 2948 2999 2998
f 2948 2949 3000 2999
f 2949 2950 3001 3000
f 2950 2951 3002 3001
f 2951 2952 3003 3002
f 2952 2953 3004 3003
f 2953 2954 3005 3004
f 2954 2955 3006 3005
f 2955 2956 3007 3006
f 2956 2957 3008 3007
f 2957 2958 3009 3008
f 2959 2960 3011 3010
f 2960 2961 3012 3011
f 2961 2962 3013 3012
f 2962 2963 3014 3013
f 2963 2964 3015 3014
f 2964 2965 3016 3015
f 2965 2966 3017 3016
f 2966 2967 3018 3017
f 2967 2968 3019 3018
f 2968 2969 3020 3019
f 2969 2970 3021 3020
f 2970 2971 3022 3021
f 2971 2972 3023 3022
f 2972 2973 3024 3023
f 2973 2974 3025 3024
f 2974 2975 3026 3025
f 2975 2976 3027 3026
f 2976 2977 3028 3027
f 2977 2978 3029 3028
f 2978 2979 3030 3029
f 2979 2980 3031 3030
f 2980 2981 3032 3031
f 2981 2982 3033 3032
f 2982 2983 3034 3033
f 2983 2984 3035 3034
f 2984 2985 3036 3035
f 2985 2986 3037 3036
f 2986 2987 3038 3037
f 2987 2988 3039 3038
f 2988 2989 3040 3039
f 2989 2990 3041 3040
f 2990 2991 3042 3041
f 2991 2992 3043 3042
f 2992 2993 3044 3043
f 2993 2994 3045 3044
f 2994 2995 3046 3045
f 2995 2996 3047 3046
f 2996 2997 3048 3047
f 2997 2998 3049 3048
f 2998 2999 3050 3049
f 2999 3000 3051 3050
f 3000 3001 3052 3051
f 3001 3002 3053 3052
f 3002 3003 3054 3053
f 3003 3004 3055 3054
f 3004 3005 3056 3055
f 3005 3006 3057 3056
f 3006 3007 3058 3057
f 3007 3008 3059 3058
f 3008 3009 3060 3059
f 3010 3011 3062 3061
f 3011 3012 3063 3062
f 3012 3013 3064 3063
f 3013 3014 3065 3064
f 3014 3015 3066 3065
f 3015 3016 3067 3066
f 3016 3017 3068 3067
f 3017 3018 3069 3068
f 3018 3019 3070 3069
f 3019 3020 3071 3070
f 3020 3021 3072 3071
f 3021 3022 3073 3072
f 3022 3023 3074 3073
f 3023 3024 3075 3074
f 3024 3025 3076 3075
f 3025 3026 3077 3076
f 3026 3027 3078 3077
f 3027 3028 3079 3078
f 3028 3029 3080 3079
f 3029 3030 3081 3080
f 3030 3031 3082 3081
f 3031 3032 3083 3082
f 3032 3033 3084 3083
f 3033 3034 3085 3084
f 3034 3035 3086 3085
f 3035 3036 3087 3086
f 3036 3037 3088 3087
f 3037 3038 3089 3088
f 3038 3039 3090 3089
f 3039 3040 3091 3090
f 3040 3041 3092 3091
f 3041 3042 3093 3092
f 3042 3043 3094 3093
f 3043 3044 3095 3094
f 3044 3045 3096 3095
f 3045 3046 3097 3096
f 3046 3047 3098 3097
f 3047 3048 3099 3098
f 3048 3049 3100 3099
f 3049 3050 3101 3100
f 3050 3051 3102 3101
f 3051 3052 3103 3102
f 3052 3053 3104 3103
f 3053 3054 3105 3104
f 3054 3055 3106 3105
f 3055 3056 3107 3106
f 3056 3057 3108 3107
f 3057 3058 3109 3108
f 3058 3059 3110 3109
f 3059 3060 3111 3110
f 3061 3062 3113 3112
f 3062 3063 3114 3113
f 3063 3064 3115 3114
f 3064 3065 3116 3115
f 3065 3066 3117 3116
f 3066 3067 3118 3117
f 3067 3068 3119 3118
f 3068 3069 3120 3119
f 3069 3070 3121 3120
f 3070 3071 3122 3121
f 3071 3072 3123 3122
f 3072 3073 3124 3123
f 3073 3074 3125 3124
f 3074 3075 3126 3125
f 3075 3076 3127 3126
f 3076 3077 3128 3127
f 3077 3078 3129 3128
f 3078 3079 3130 3129
f 3079 3080 3131 3130
f 3080 3081 3132 3131
f 3081 3082 3133 3132
f 3082 3083 3134 3133
f 3083 3084 3135 3134
f 3084 3085 3136 3135
f 3085 3086 3137 3136
f 3086 3087 3138 3137
f 3087 3088 3139 3138
f 3088 3089 3140 3139
f 3089 3090 3141 3140
f 3090 3091 3142 3141
f 3091 3092 3143 3142
f 3092 3093 3144 3143
f 3093 3094 3145 3144
f 3094 3095 3146 3145
f 3095 3096 3147 3146
f 3096 3097 3148 3147
f 3097 3098 3149 3148
f 3098 3099 3150 3149
f 3099 3100 3151 3150
f 3100 3101 3152 3151
f 3101 3102 3153 3152
f 3102 3103 3154 3153
f 3103 3104 3155 3154
f 3104 3105 3156 3155
f 3105 3106 3157 3156
f 3106 3107 3158 3157
f 3107 3108 3159 3158
f 3108 3109 3160 3159
f 3109 3110 3161 3160
f 3110 3111 3162 3161
f 3112 3113 3164 3163
f 3113 3114 3165 3164
f 3114 3115 3166 3165
f 3115 3116 3167 3166
f 3116 3117 3168 3167
f 3117 3118 3169 3168
f 3118 3119 3170 3169
f 3119 3120 3171 3170
f 3120 3121 3172 3171
f 3121 3122 3173 3172
f 3122 3123 3174 3173
f 3123 3124 3175 3174
f 3124 3125 3176 3175
f 3125 3126 3177 3176
f 3126 3127 3178 3177
f 3127 3128 3179 3178
f 3128 3129 3180 3179
f 3129 3130 3181 3180
f 3130 3131 3182 3181
f 3131 3132 3183 3182
f 3132 3133 3184 3183
f 3133 3134 3185 3184
f 3134 3135 3186 3185
f 3135 3136 3187 3186
f 3136 3137 3188 3187
f 3137 3138 3189 3188
f 3138 3139 3190 3189
f 3139 3140 3191 3190
f 3140 3141 3192 3191
f 3141 3142 3193 3192
f 3142 3143 3194 3193
f 3143 3144 3195 3194
f 3144 3145 3196 3195
f 3145 3146 3197 3196
f 3146 3147 3198 3197
f 3147 3148 3199 3198
f 3148 3149 3200 3199
f 3149 3150 3201 3200
f 3150 3151 3202 3201
f 3151 3152 3203 3202
f 3152 3153 3204 3203
f 3153 3154 3205 3204
f 3154 3155 3206 3205
f 3155 3156 3207 3206
f 3156 3157 3208 3207
f 3157 3158 3209 3208
f 3158 3159 3210 3209
f 3159 3160 3211 3210
f 3160 3161 3212 3211
f 3161 3162 3213 3212
f 3163 3164 3215 3214
f 3164 3165 3216 3215
f 3165 3166 3217 3216
f 3166 3167 3218 3217
f 3167 3168 3219 3218
f 3168 3169 3220 3219
f 3169 3170 3221 3220
f 3170 3171 3222 3221
f 3171 3172 3223 3222
f 3172 3173 3224 3223
f 3173 3174 3225 3224
f 3174 3175 3226 3225
f 3175 3176 3227 3226
f 3176 3177 3228 3227
f 3177 3178 3229 3228
f 3178 3179 3230 3229
f 3179 3180 3231 3230
f 3180 3181 3232 3231
f 3181 3182 3233 3232
f 3182 3183 3234 3233
f 3183 3184 3235 3234
f 3184 3185 3236 3235
f 3185 3186 3237 3236
f 3186 3187 3238 3237
f 3187 3188 3239 3238
f 3188 3189 3240 3239
f 3189 3190 3241 3240
f 3190 3191 3242 3241
f 3191 3192 3243 3242
f 3192 3193 3244 3243
f 3193 3194 3245 3244
f 3194 3195 3246 3245
f 3195 3196 3247 3246
f 3196 3197 3248 3247
f 3197 3198 3249 3248
f 3198 3199 3250 3249
f 3199 3200 3251 3250
f 3200 3201 3252 3251
f 3201 3202 3253 3252
f 3202 3203 3254 3253
f 3203 3204 3255 3254
f 3204 3205 3256 3255
f 3205 3206 3257 3256
f 3206 3207 3258 3257
f 3207 3208 3259 3258
f 3208 3209 3260 3259
f 3209 3210 3261 3260
f 3210 3211 3262 3261
f 3211 3212 3263 3262
f 3212 3213 3264 3263
f 3214 3215 3266 3265
f 3215 3216 3267 3266
f 3216 3217 3268 3267
f 3217 3218 3269 3268
f 3218 3219 3270 3269
f 3219 3220 3271 3270
f 3220 3221 3272 3271
f 3221 3222 3273 3272
f 3222 3223 3274 3273
f 3223 3224 3275 3274
f 3224 3225 3276 3275
f 3225 3226 3277 3276
f 3226 3227 3278 3277
f 3227 3228 3279 3278
f 3228 3229 3280 3279
f 3229 3230 3281 3280
f 3230 3231 3282 3281
f 3231 3232 3283 3282
f 3232 3233 3284 3283
f 3233 3234 3285 3284
f 3234 3235 3286 3285
f 3235 3236 3287 3286
f 3236 3237 3288 3287
f 3237 3238 3289 3288
f 3238 3239 3290 3289
f 3239 3240 3291 3290
f 3240 3241 3292 3291
f 3241 3242 3293 3292
f 3242 3243 3294 3293
f 3243 3244 3295 3294
f 3244 3245 3296 3295
f 3245 3246 3297 3296
f 3246 3247 3298 3297
f 3247 3248 3299 3298
f 3248 3249 3300 3299
f 3249 3250 3301 3300
f 3250 3251 3302 3301
f 3251 3252 3303 3302
f 3252 3253 3304 3303
f 3253 3254 3305 3304
f 3254 3255 3306 3305
f 3255 3256 3307 3306
f 3256 3257 3308 3307
f 3257 3258 3309 3308
f 3258 3259 3310 3309
f 3259 3260 3311 3310
f 3260 3261 3312 3311
f 3261 3262 3313 3312
f 3262 3263 3314 3313
f 3263 3264 3315 3314
f 3265 3266 3317 3316
f 3266 3267 3318 3317
f 3267 3268 3319 3318
f 3268 3269 3320 3319
f 3269 3270 3321 3320
f 3270 3271 3322 3321
f 3271 3272 3323 3322
f 3272 3273 3324 3323
f 3273 3274 3325 3324
f 3274 3275 3326 3325
f 3275 3276 3327 3326
f 3276 3277 3328 3327
f 3277 3278 3329 3328
f 3278 3279 3330 3329
f 3279 3280 3331 3330
f 3280 3281 3332 3331
f 3281 3282 3333 3332
f 3282 3283 3334 3333
f 3283 3284 3335 3334
f 3284 3285 3336 3335
f 3285 3286 3337 3336
f 3286 3287 3338 3337
f 3287 3288 3339 3338
f 3288 3289 3340 3339
f 3289 3290 3341 3340
f 3290 3291 3342 3341
f 3291 3292 3343 3342
f 3292 3293 3344 3343
f 3293 3294 3345 3344
f 3294 3295 3346 3345
f 3295 3296 3347 3346
f 3296 3297 3348 3347
f 3297 3298 3349 3348
f 3298 3299 3350 3349
f 3299 3300 3351 3350
f 3300 3301 3352 3351
f 3301 3302 3353 3352
f 3302 3303 3354 3353
f 3303 3304 3355 3354
f 3304 3305 3356 3355
f 3305 3306 3357 3356
f 3306 3307 3358 3357
f 3307 3308 3359 3358
f 3308 3309 3360 3359
f 3309 3310 3361 3360
f 3310 3311 3362 3361
f 3311 3312 3363 3362
f 3312 3313 3364 3363
f 3313 3314 3365 3364
f 3314 3315 3366 3365
f 3316 3317 3368 3367
f 3317 3318 3369 3368
f 3318 3319 3370 3369
f 3319 3320 3371 3370
f 3320 3321 3372 3371
f 3321 3322 3373 3372
f 3322 3323 3374 3373
f 3323 3324 3375 3374
f 3324 3325 3376 3375
f 3325 3326 3377 3376
f 3326 3327 3378 3377
f 3327 3328 3379 3378
f 3328 3329 3380 3379
f 3329 3330 3381 3380
f 3330 3331 3382 3381
f 3331 3332 3383 3382
f 3332 3333 3384 3383
f 3333 3334 3385 3384
f 3334 3335 3386 3385
f 3335 3336 3387 3386
f 3336 3337 3388 3387
f 3337 3338 3389 3388
f 3338 3339 3390 3389
f 3339 3340 3391 3390
f 3340 3341 3392 3391
f 3341 3342 3393 3392
f 3342 3343 3394 3393
f 3343 3344 3395 3394
f 3344 3345 3396 3395
f 3345 3346 3397 3396
f 3346 3347 3398 3397
f 3347 3348 3399 3398
f 3348 3349 3400 3399
f 3349 3350 3401 3400
f 3350 3351 3402 3401
f 3351 3352 3403 3402
f 3352 3353 3404 3403
f 3353 3354 3405 3404
f 3354 3355 3406 3405
f 3355 3356 3407 3406
f 3356 3357 3408 3407
f 3357 3358 3409 3408
f 3358 3359 3410 3409
f 3359 3360 3411 3410
f 3360 3361 3412 3411
f 3361 3362 3413 3412
f 3362 3363 3414 3413
f 3363 3364 3415 3414
f 3364 3365 3416 3415
f 3365 3366 3417 3416
f 3367 3368 3419 3418
f 3368 3369 3420 3419
f 3369 3370 3421 3420
f 3370 3371 3422 3421
f 3371 3372 3423 3422
f 3372 3373 3424 3423
f 3373 3374 3425 3424
f 3374 3375 3426 3425
f 3375 3376 3427 3426
f 3376 3377 3428 3427
f 3377 3378 3429 3428
f 3378 3379 3430 3429
f 3379 3380 3431 3430
f 3380 3381 3432 3431
f 3381 3382 3433 3432
f 3382 3383 3434 3433
f 3383 3384 3435 3434
f 3384 3385 3436 3435
f 3385 3386 3437 3436
f 3386 3387 3438 3437
f 3387 3388 3439 3438
f 3388 3389 3440 3439
f 3389 3390 3441 3440
f 3390 3391 3442 3441
f 3391 3392 3443 3442
f 3392 3393 3444 3443
f 3393 3394 3445 3444
f 3394 3395 3446 3445
f 3395 3396 3447 3446
f 3396 3397 3448 3447
f 3397 3398 3449 3448
f 3398 3399 3450 3449
f 3399 3400 3451 3450
f 3400 3401 3452 3451
f 3401 3402 3453 3452
f 3402 3403 3454 3453
f 3403 3404 3455 3454
f 3404 3405 3456 3455
f 3405 3406 3457 3456
f 3406 3407 3458 3457
f 3407 3408 3459 3458
f 3408 3409 3460 3459
f 3409 3410 3461 3460
f 3410 3411 3462 3461
f 3411 3412 3463 3462
f 3412 3413 3464 3463
f 3413 3414 3465 3464
f 3414 3415 3466 3465
f 3415 3416 3467 3466
f 3416 3417 3468 3467
f 3418 3419 3470 3469
f 3419 3420 3471 3470
f 3420 3421 3472 3471
f 3421 3422 3473 3472
f 3422 3423 3474 3473
f 3423 3424 3475 3474
f 3424 3425 3476 3475
f 3425 3426 3477 3476
f 3426 3427 3478 3477
f 3427 3428 3479 3478
f 3428 3429 3480 3479
f 3429 3430 3481 3480
f 3430 3431 3482 3481
f 3431 3432 3483 3482
f 3432 3433 3484 3483
f 3433 3434 3485 3484
f 3434 3435 3486 3485
f 3435 3436 3487 3486
f 3436 3437 3488 3487
f 3437 3438 3489 3488
f 3438 3439 3490 3489
f 3439 3440 3491 3490
f 3440 3441 3492 3491
f 3441 3442 3493 3492
f 3442 3443 3494 3493
f 3443 3444 3495 3494
f 3444 3445 3496 3495
f 3445 3446 3497 3496
f 3446 3447 3498 3497
f 3447 3448 3499 3498
f 3448 3449 3500 3499
f 3449 3450 3501 3500
f 3450 3451 3502 3501
f 3451 3452 3503 3502
f 3452 3453 3504 3503
f 3453 3454 3505 3504
f 3454 3455 3506 3505
f 3455 3456 3507 3506
f 3456 3457 3508 3507
f 3457 3458 3509 3508
f 3458 3459 3510 3509
f 3459 3460 3511 3510
f 3460 3461 3512 3511
f 3461 3462 3513 3512
f 3462 3463 3514 3513
f 3463 3464 3515 3514
f 3464 3465 3516 3515
f 3465 3466 3517 3516
f 3466 3467 3518 3517
f 3467 3468 3519 3518
f 3469 3470 3521 3520
f 3470 3471 3522 3521
f 3471 3472 3523 3522
f 3472 3473 3524 3523
f 3473 3474 3525 3524
f 3474 3475 3526 3525
f 3475 3476 3527 3526
f 3476 3477 3528 3527
f 3477 3478 3529 3528
f 3478 3479 3530 3529
f 3479 3480 3531 3530
f 3480 3481 3532 3531
f 3481 3482 3533 3532
f 3482 3483 3534 3533
f 3483 3484 3535 3534
f 3484 3485 3536 3535
f 3485 3486 3537 3536
f 3486 3487 3538 3537
f 3487 3488 3539 3538
f 3488 3489 3540 3539
f 3489 3490 3541 3540
f 3490 3491 3542 3541
f 3491 3492 3543 3542
f 3492 3493 3544 3543
f 3493 3494 3545 3544
f 3494 3495 3546 3545
f 3495 3496 3547 3546
f 3496 3497 3548 3547
f 3497 3498 3549 3548
f 3498 3499 3550 3549
f 3499 3500 3551 3550
f 3500 3501 3552 3551
f 3501 3502 3553 3552
f 3502 3503 3554 3553
f 3503 3504 3555 3554
f 3504 3505 3556 3555
f 3505 3506 3557 3556
f 3506 3507 3558 3557
f 3507 3508 3559 3558
f 3508 3509 3560 3559
f 3509 3510 3561 3560
f 3510 3511 3562 3561
f 3511 3512 3563 3562
f 3512 3513 3564 3563
f 3513 3514 3565 3564
f 3514 3515 3566 3565
f 3515 3516 3567 3566
f 3516 3517 3568 3567
f 3517 3518 3569 3568
f 3518 3519 3570 3569
f 3520 3521 3572 3571
f 3521 3522 3573 3572
f 3522 3523 3574 3573
f 3523 3524 3575 3574
f 3524 3525 3576 3575
f 3525 3526 3577 3576
f 3526 3527 3578 3577
f 3527 3528 3579 3578
f 3528 3529 3580 3579
f 3529 3530 3581 3580
f 3530 3531 3582 3581
f 3531 3532 3583 3582
f 3532 3533 3584 3583
f 3533 3534 3585 3584
f 3534 3535 3586 3585
f 3535 3536 3587 3586
f 3536 3537 3588 3587
f 3537 3538 3589 3588
f 3538 3539 3590 3589
f 3539 3540 3591 3590
f 3540 3541 3592 3591
f 3541 3542 3593 3592
f 3542 3543 3594 3593
f 3543 3544 3595 3594
f 3544 3545 3596 3595
f 3545 3546 3597 3596
f 3546 3547 3598 3597
f 3547 3548 3599 3598
f 3548 3549 3600 3599
f 3549 3550 3601 3600
f 3550 3551 3602 3601
f 3551 3552 3603 3602
f 3552 3553 3604 3603
f 3553 3554 3605 3604
f 3554 3555 3606 3605
f 3555 3556 3607 3606
f 3556 3557 3608 3607
f 3557 3558 3609 3608
f 3558 3559 3610 3609
f 3559 3560 3611 3610
f 3560 3561 3612 3611
f 3561 3562 3613 3612
f 3562 3563 3614 3613
f 3563 3564 3615 3614
f 3564 3565 3616 3615
f 3565 3566 3617 3616
f 3566 3567 3618 3617
f 3567 3568 3619 3618
f 3568 3569 3620 3619
f 3569 3570 3621 3620
f 3571 3572 3623 3622
f 3572 3573 3624 3623
f 3573 3574 3625 3624
f 3574 3575 3626 3625
f 3575 3576 3627 3626
f 3576 3577 3628 3627
f 3577 3578 3629 3628
f 3578 3579 3630 3629
f 3579 3580 3631 3630
f 3580 3581 3632 3631
f 3581 3582 3633 3632
f 3582 3583 3634 3633
f 3583 3584 3635 3634
f 3584 3585 3636 3635
f 3585 3586 3637 3636
f 3586 3587 3638 3637
f 3587 3588 3639 3638
f 3588 3589 3640 3639
f 3589 3590 3641 3640
f 3590 3591 3642 3641
f 3591 3592 3643 3642
f 3592 3593 3644 3643
f 3593 3594 3645 3644
f 3594 3595 3646 3645
f 3595 3596 3647 3646
f 3596 3597 3648 3647
f 3597 3598 3649 3648
f 3598 3599 3650 3649
f 3599 3600 3651 3650
f 3600 3601 3652 3651
f 3601 3602 3653 3652
f 3602 3603 3654 3653
f 3603 3604 3655 3654
f 3604 3605 3656 3655
f 3605 3606 3657 3656
f 3606 3607 3658 3657
f 3607 3608 3659 3658
f 3608 3609 3660 3659
f 3609 3610 3661 3660
f 3610 3611 3662 3661
f 3611 3612 3663 3662
f 3612 3613 3664 3663
f 3613 3614 3665 3664
f 3614 3615 3666 3665
f 3615 3616 3667 3666
f 3616 3617 3668 3667
f 3617 3618 3669 3668
f 3618 3619 3670 3669
f 3619 3620 3671 3670
f 3620 3621 3672 3671
f 3622 3623 3674 3673
f 3623 3624 3675 3674
f 3624 3625 3676 3675
f 3625 3626 3677 3676
f 3626 3627 3678 3677
f 3627 3628 3679 3678
f 3628 3629 3680 3679
f 3629 3630 3681 3680
f 3630 3631 3682 3681
f 3631 3632 3683 3682
f 3632 3633 3684 3683
f 3633 3634 3685 3684
f 3634 3635 3686 3685
f 3635 3636 3687 3686
f 3636 3637 3688 3687
f 3637 3638 3689 3688
f 3638 3639 3690 3689
f 3639 3640 3691 3690
f 3640 3641 3692 3691
f 3641 3642 3693 3692
f 3642 3643 3694 3693
f 3643 3644 3695 3694
f 3644 3645 3696 3695
f 3645 3646 3697 3696
f 3646 3647 3698 3697
f 3647 3648 3699 3698
f 3648 3649 3700 3699
f 3649 3650 3701 3700
f 3650 3651 3702 3701
f 3651 3652 3703 3702
f 3652 3653 3704 3703
f 3653 3654 3705 3704
f 3654 3655 3706 3705
f 3655 3656 3707 3706
f 3656 3657 3708 3707
f 3657 3658 3709 3708
f 3658 3659 3710 3709
f 3659 3660 3711 3710
f 3660 3661 3712 3711
f 3661 3662 3713 3712
f 3662 3663 3714 3713
f 3663 3664 3715 3714
f 3664 3665 3716 3715
f 3665 3666 3717 3716
f 3666 3667 3718 3717
f 3667 3668 3719 3718
f 3668 3669 3720 3719
f 3669 3670 3721 3720
f 3670 3671 3722 3721
f 3671 3672 3723 3722
f 3673 3674 3725 3724
f 3674 3675 3726 3725
f 3675 3676 3727 3726
f 3676 3677 3728 3727
f 3677 3678 3729 3728
f 3678 3679 3730 3729
f 3679 3680 3731 3730
f 3680 3681 3732 3731
f 3681 3682 3733 3732
f 3682 3683 3734 3733
f 3683 3684 3735 3734
f 3684 3685 3736 3735
f 3685 3686 3737 3736
f 3686 3687 3738 3737
f 3687 3688 3739 3738
f 3688 3689 3740 3739
f 3689 3690 3741 3740
f 3690 3691 3742 3741
f 3691 3692 3743 3742
f 3692 3693 3744 3743
f 3693 3694 3745 3744
f 3694 3695 3746 3745
f 3695 3696 3747 3746
f 3696 3697 3748 3747
f 3697 3698 3749 3748
f 3698 3699 3750 3749
f 3699 3700 3751 3750
f 3700 3701 3752 3751
f 3701 3702 3753 3752
f 3702 3703 3754 3753
f 3703 3704 3755 3754
f 3704 3705 3756 3755
f 3705 3706 3757 3756
f 3706 3707 3758 3757
f 3707 3708 3759 3758
f 3708 3709 3760 3759
f 3709 3710 3761 3760
f 3710 3711 3762 3761
f 3711 3712 3763 3762
f 3712 3713 3764 3763
f 3713 3714 3765 3764
f 3714 3715 3766 3765
f 3715 3716 3767 3766
f 3716 3717 3768 3767
f 3717 3718 3769 3768
f 3718 3719 3770 3769
f 3719 3720 3771 3770
f 3720 3721 3772 3771
f 3721 3722 3773 3772
f 3722 3723 3774 3773
f 3724 3725 3776 3775
f 3725 3726 3777 3776
f 3726 3727 3778 3777
f 3727 3728 3779 3778
f 3728 3729 3780 3779
f 3729 3730 3781 3780
f 3730 3731 3782 3781
f 3731 3732 3783 3782
f 3732 3733 3784 3783
f 3733 3734 3785 3784
f 3734 3735 3786 3785
f 3735 3736 3787 3786
f 3736 3737 3788 3787
f 3737 3738 3789 3788
f 3738 3739 3790 3789
f 3739 3740 3791 3790
f 3740 3741 3792 3791
f 3741 3742 3793 3792
f 3742 3743 3794 3793
f 3743 3744 3795 3794
f 3744 3745 3796 3795
f 3745 3746 3797 3796
f 3746 3747 3798 3797
f 3747 3748 3799 3798
f 3748 3749 3800 3799
f 3749 3750 3801 3800
f 3750 3751 3802 3801
f 3751 3752 3803 3802
f 3752 3753 3804 3803
f 3753 3754 3805 3804
f 3754 3755 3806 3805
f 3755 3756 3807 3806
f 3756 3757 3808 3807
f 3757 3758 3809 3808
f 3758 3759 3810 3809
f 3759 3760 3811 3810
f 3760 3761 3812 3811
f 3761 3762 3813 3812
f 3762 3763 3814 3813
f 3763 3764 3815 3814
f 3764 3765 3816 3815
f 3765 3766 3817 3816
f 3766 3767 3818 3817
f 3767 3768 3819 3818
f 3768 3769 3820 3819
f 3769 3770 3821 3820
f 3770 3771 3822 3821
f 3771 3772 3823 3822
f 3772 3773 3824 3823
f 3773 3774 3825 3824
f 3775 3776 3827 3826
f 3776 3777 3828 3827
f 3777 3778 3829 3828
f 3778 3779 3830 3829
f 3779 3780 3831 3830
f 3780 3781 3832 3831
f 3781 3782 3833 3832
f 3782 3783 3834 3833
f 3783 3784 3835 3834
f 3784 3785 3836 3835
f 3785 3786 3837 3836
f 3786 3787 3838 3837
f 3787 3788 3839 3838
f 3788 3789 3840 3839
f 3789 3790 3841 3840
f 3790 3791 3842 3841
f 3791 3792 3843 3842
f 3792 3793 3844 3843
f 3793 3794 3845 3844
f 3794 3795 3846 3845
f 3795 3796 3847 3846
f 3796 3797 3848 3847
f 3797 3798 3849 3848
f 3798 3799 3850 3849
f 3799 3800 3851 3850
f 3800 3801 3852 3851
f 3801 3802 3853 3852
f 3802 3803 3854 3853
f 3803 3804 3855 3854
f 3804 3805 3856 3855
f 3805 3806 3857 3856
f 3806 3807 3858 3857
f 3807 3808 3859 3858
f 3808 3809 3860 3859
f 3809 3810 3861 3860
f 3810 3811 3862 3861
f 3811 3812 3863 3862
f 3812 3813 3864 3863
f 3813 3814 3865 3864
f 3814 3815 3866 3865
f 3815 3816 3867 3866
f 3816 3817 3868 3867
f 3817 3818 3869 3868
f 3818 3819 3870 3869
f 3819 3820 3871 3870
f 3820 3821 3872 3871
f 3821 3822 3873 3872
f 3822 3823 3874 3873
f 3823 3824 3875 3874
f 3824 3825 3876 3875
f 3826 3827 3878 3877
f 3827 3828 3879 3878
f 3828 3829 3880 3879
f 3829 3830 3881 3880
f 3830 3831 3882 3881
f 3831 3832 3883 3882
f 3832 3833 3884 3883
f 3833 3834 3885 3884
f 3834 3835 3886 3885
f 3835 3836 3887 3886
f 3836 3837 3888 3887
f 3837 3838 3889 3888
f 3838 3839 3890 3889
f 3839 3840 3891 3890
f 3840 3841 3892 3891
f 3841 3842 3893 3892
f 3842 3843 3894 3893
f 3843 3844 3895 3894
f 3844 3845 3896 3895
f 3845 3846 3897 3896
f 3846 3847 3898 3897
f 3847 3848 3899 3898
f 3848 3849 3900 3899
f 3849 3850 3901 3900
f 3850 3851 3902 3901
f 3851 3852 3903 3902
f 3852 3853 3904 3903
f 3853 3854 3905 3904
f 3854 3855 3906 3905
f 3855 3856 3907 3906
f 3856 3857 3908 3907
f 3857 3858 3909 3908
f 3858 3859 3910 3909
f 3859 3860 3911 3910
f 3860 3861 3912 3911
f 3861 3862 3913 3912
f 3862 3863 3914 3913
f 3863 3864 3915 3914
f 3864 3865 3916 3915
f 3865 3866 3917 3916
f 3866 3867 3918 3917
f 3867 3868 3919 3918
f 3868 3869 3920 3919
f 3869 3870 3921 3920
f 3870 3871 3922 3921
f 3871 3872 3923 3922
f 3872 3873 3924 3923
f 3873 3874 3925 3924
f 3874 3875 3926 3925
f 3875 3876 3927 3926
f 3877 3878 3929 3928
f 3878 3879 3930 3929
f 3879 3880 3931 3930
f 3880 3881 3932 3931
f 3881 3882 3933 3932
f 3882 3883 3934 3933
f 3883 3884 3935 3934
f 3884 3885 3936 3935
f 3885 3886 3937 3936
f 3886 3887 3938 3937
f 3887 3888 3939 3938
f 3888 3889 3940 3939
f 3889 3890 3941 3940
f 3890 3891 3942 3941
f 3891 3892 3943 3942
f 3892 3893 3944 3943
f 3893 3894 3945 3944
f 3894 3895 3946 3945
f 3895 3896 3947 3946
f 3896 3897 3948 3947
f 3897 3898 3949 3948
f 3898 3899 3950 3949
f 3899 3900 3951 3950
f 3900 3901 3952 3951
f 3901 3902 3953 3952
f 3902 3903 3954 3953
f 3903 3904 3955 3954
f 3904 3905 3956 3955
f 3905 3906 3957 3956
f 3906 3907 3958 3957
f 3907 3908 3959 3958
f 3908 3909 3960 3959
f 3909 3910 3961 3960
f 3910 3911 3962 3961
f 3911 3912 3963 3962
f 3912 3913 3964 3963
f 3913 3914 3965 3964
f 3914 3915 3966 3965
f 3915 3916 3967 3966
f 3916 3917 3968 3967
f 3917 3918 3969 3968
f 3918 3919 3970 3969
f 3919 3920 3971 3970
f 3920 3921 3972 3971
f 3921 3922 3973 3972
f 3922 3923 3974 3973
f 3923 3924 3975 3974
f 3924 3925 3976 3975
f 3925 3926 3977 3976
f 3926 3927 3978 3977
f 3928 3929 3980 3979
f 3929 3930 3981 3980
f 3930 3931 3982 3981
f 3931 3932 3983 3982
f 3932 3933 3984 3983
f 3933 3934 3985 3984
f 3934 3935 3986 3985
f 3935 3936 3987 3986
f 3936 3937 3988 3987
f 3937 3938 3989 3988
f 3938 3939 3990 3989
f 3939 3940 3991 3990
f 3940 3941 3992 3991
f 3941 3942 3993 3992
f 3942 3943 3994 3993
f 3943 3944 3995 3994
f 3944 3945 3996 3995
f 3945 3946 3997 3996
f 3946 3947 3998 3997
f 3947 3948 3999 3998
f 3948 3949 4000 3999
f 3949 3950 4001 4000
f 3950 3951 4002 4001
f 3951 3952 4003 4002
f 3952 3953 4004 4003
f 3953 3954 4005 4004
f 3954 3955 4006 4005
f 3955 3956 4007 4006
f 3956 3957 4008 4007
f 3957 3958 4009 4008
f 3958 3959 4010 4009
f 3959 3960 4011 4010
f 3960 3961 4012 4011
f 3961 3962 4013 4012
f 3962 3963 4014 4013
f 3963 3964 4015 4014
f 3964 3965 4016 4015
f 3965 3966 4017 4016
f 3966 3967 4018 4017
f 3967 3968 4019 4018
f 3968 3969 4020 4019
f 3969 3970 4021 4020
f 3970 3971 4022 4021
f 3971 3972 4023 4022
f 3972 3973 4024 4023
f 3973 3974 4025 4024
f 3974 3975 4026 4025
f 3975 3976 4027 4026
f 3976 3977 4028 4027
f 3977 3978 4029 4028
f 3979 3980 4031 4030
f 3980 3981 4032 4031
f 3981 3982 4033 4032
f 3982 3983 4034 4033
f 3983 3984 4035 4034
f 3984 3985 4036 4035
f 3985 3986 4037 4036
f 3986 3987 4038 4037
f 3987 3988 4039 4038
f 3988 3989 4040 4039
f 3989 3990 4041 4040
f 3990 3991 4042 4041
f 3991 3992 4043 4042
f 3992 3993 4044 4043
f 3993 3994 4045 4044
f 3994 3995 4046 4045
f 3995 3996 4047 4046
f 3996 3997 4048 4047
f 3997 3998 4049 4048
f 3998 3999 4050 4049
f 3999 4000 4051 4050
f 4000 4001 4052 4051
f 4001 4002 4053 4052
f 4002 4003 4054 4053
f 4003 4004 4055 4054
f 4004 4005 4056 4055
f 4005 4006 4057 4056
f 4006 4007 4058 4057
f 4007 4008 4059 4058
f 4008 4009 4060 4059
f 4009 4010 4061 4060
f 4010 4011 4062 4061
f 4011 4012 4063 4062
f 4012 4013 4064 4063
f 4013 4014 4065 4064
f 4014 4015 4066 4065
f 4015 4016 4067 4066
f 4016 4017 4068 4067
f 4017 4018 4069 4068
f 4018 4019 4070 4069
f 4019 4020 4071 4070
f 4020 4021 4072 4071
f 4021 4022 4073 4072
f 4022 4023 4074 4073
f 4023 4024 4075 4074
f 4024 4025 4076 4075
f 4025 4026 4077 4076
f 4026 4027 4078 4077
f 4027 4028 4079 4078
f 4028 4029 4080 4079
f 4030 4031 4082 4081
f 4031 4032 4083 4082
f 4032 4033 4084 4083
f 4033 4034 4085 4084
f 4034 4035 4086 4085
f 4035 4036 4087 4086
f 4036 4037 4088 4087
f 4037 4038 4089 4088
f 4038 4039 4090 4089
f 4039 4040 4091 4090
f 4040 4041 4092 4091
f 4041 4042 4093 4092
f 4042 4043 4094 4093
f 4043 4044 4095 4094
f 4044 4045 4096 4095
f 4045 4046 4097 4096
f 4046 4047 4098 4097
f 4047 4048 4099 4098
f 4048 4049 4100 4099
f 4049 4050 4101 4100
f 4050 4051 4102 4101
f 4051 4052 4103 4102
f 4052 4053 4104 4103
f 4053 4054 4105 4104
f 4054 4055 4106 4105
f 4055 4056 4107 4106
f 4056 4057 4108 4107
f 4057 4058 4109 4108
f 4058 4059 4110 4109
f 4059 4060 4111 4110
f 4060 4061 4112 4111
f 4061 4062 4113 4112
f 4062 4063 4114 4113
f 4063 4064 4115 4114
f 4064 4065 4116 4115
f 4065 4066 4117 4116
f 4066 4067 4118 4117
f 4067 4068 4119 4118
f 4068 4069 4120 4119
f 4069 4070 4121 4120
f 4070 4071 4122 4121
f 4071 4072 4123 4122
f 4072 4073 4124 4123
f 4073 4074 4125 4124
f 4074 4075 4126 4125
f 4075 4076 4127 4126
f 4076 4077 4128 4127
f 4077 4078 4129 4128
f 4078 4079 4130 4129
f 4079 4080 4131 4130
f 4081 4082 4133 4132
f 4082 4083 4134 4133
f 4083 4084 4135 4134
f 4084 4085 4136 4135
f 4085 4086 4137 4136
f 4086 4087 4138 4137
f 4087 4088 4139 4138
f 4088 4089 4140 4139
f 4089 4090 4141 4140
f 4090 4091 4142 4141
f 4091 4092 4143 4142
f 4092 4093 4144 4143
f 4093 4094 4145 4144
f 4094 4095 4146 4145
f 4095 4096 4147 4146
f 4096 4097 4148 4147
f 4097 4098 4149 4148
f 4098 4099 4150 4149
f 4099 4100 4151 4150
f 4100 4101 4152 4151
f 4101 4102 4153 4152
f 4102 4103 4154 4153
f 4103 4104 4155 4154
f 4104 4105 4156 4155
f 4105 4106 4157 4156
f 4106 4107 4158 4157
f 4107 4108 4159 4158
f 4108 4109 4160 4159
f 4109 4110 4161 4160
f 4110 4111 4162 4161
f 4111 4112 4163 4162
f 4112 4113 4164 4163
f 4113 4114 4165 4164
f 4114 4115 4166 4165
f 4115 4116 4167 4166
f 4116 4117 4168 4167
f 4117 4118 4169 4168
f 4118 4119 4170 4169
f 4119 4120 4171 4170
f 4120 4121 4172 4171
f 4121 4122 4173 4172
f 4122 4123 4174 4173
f 4123 4124 4175 4174
f 4124 4125 4176 4175
f 4125 4126 4177 4176
f 4126 4127 4178 4177
f 4127 4128 4179 4178
f 4128 4129 4180 4179
f 4129 4130 4181 4180
f 4130 4131 4182 4181
f 4132 4133 4184 4183
f 4133 4134 4185 4184
f 4134 4135 4186 4185
f 4135 4136 4187 4186
f 4136 4137 4188 4187
f 4137 4138 4189 4188
f 4138 4139 4190 4189
f 4139 4140 4191 4190
f 4140 4141 4192 4191
f 4141 4142 4193 4192
f 4142 4143 4194 4193
f 4143 4144 4195 4194
f 4144 4145 4196 4195
f 4145 4146 4197 4196
f 4146 4147 4198 4197
f 4147 4148 4199 4198
f 4148 4149 4200 4199
f 4149 4150 4201 4200
f 4150 4151 4202 4201
f 4151 4152 4203 4202
f 4152 4153 4204 4203
f 4153 4154 4205 4204
f 4154 4155 4206 4205
f 4155 4156 4207 4206
f 4156 4157 4208 4207
f 4157 4158 4209 4208
f 4158 4159 4210 4209
f 4159 4160 4211 4210
f 4160 4161 4212 4211
f 4161 4162 4213 4212
f 4162 4163 4214 4213
f 4163 4164 4215 4214
f 4164 4165 4216 4215
f 4165 4166 4217 4216
f 4166 4167 4218 4217
f 4167 4168 4219 4218
f 4168 4169 4220 4219
f 4169 4170 4221 4220
f 4170 4171 4222 4221
f 4171 4172 4223 4222
f 4172 4173 4224 4223
f 4173 4174 4225 4224
f 4174 4175 4226 4225
f 4175 4176 4227 4226
f 4176 4177 4228 4227
f 4177 4178 4229 4228
f 4178 4179 4230 4229
f 4179 4180 4231 4230
f 4180 4181 4232 4231
f 4181 4182 4233 4232
f 4183 4184 4235 4234
f 4184 4185 4236 4235
f 4185 4186 4237 4236
f 4186 4187 4238 4237
f 4187 4188 4239 4238
f 4188 4189 4240 4239
f 4189 4190 4241 4240
f 4190 4191 4242 4241
f 4191 4192 4243 4242
f 4192 4193 4244 4243
f 4193 4194 4245 4244
f 4194 4195 4246 4245
f 4195 4196 4247 4246
f 4196 4197 4248 4247
f 4197 4198 4249 4248
f 4198 4199 4250 4249
f 4199 4200 4251 4250
f 4200 4201 4252 4251
f 4201 4202 4253 4252
f 4202 4203 4254 4253
f 4203 4204 4255 4254
f 4204 4205 4256 4255
f 4205 4206 4257 4256
f 4206 4207 4258 4257
f 4207 4208 4259 4258
f 4208 4209 4260 4259
f 4209 4210 4261 4260
f 4210 4211 4262 4261
f 4211 4212 4263 4262
f 4212 4213 4264 4263
f 4213 4214 4265 4264
f 4214 4215 4266 4265
f 4215 4216 4267 4266
f 4216 4217 4268 4267
f 4217 4218 4269 4268
f 4218 4219 4270 4269
f 4219 4220 4271 4270
f 4220 4221 4272 4271
f 4221 4222 4273 4272
f 4222 4223 4274 4273
f 4223 4224 4275 4274
f 4224 4225 4276 4275
f 4225 4226 4277 4276
f 4226 4227 4278 4277
f 4227 4228 4279 4278
f 4228 4229 4280 4279
f 4229 4230 4281 4280
f 4230 4231 4282 4281
f 4231 4232 4283 4282
f 4232 4233 4284 4283
f 4234 4235 4286 4285
f 4235 4236 4287 4286
f 4236 4237 4288 4287
f 4237 4238 4289 4288
f 4238 4239 4290 4289
f 4239 4240 4291 4290
f 4240 4241 4292 4291
f 4241 4242 4293 4292
f 4242 4243 4294 4293
f 4243 4244 4295 4294
f 4244 4245 4296 4295
f 4245 4246 4297 4296
f 4246 4247 4298 4297
f 4247 4248 4299 4298
f 4248 4249 4300 4299
f 4249 4250 4301 4300
f 4250 4251 4302 4301
f 4251 4252 4303 4302
f 4252 4253 4304 4303
f 4253 4254 4305 4304
f 4254 4255 4306 4305
f 4255 4256 4307 4306
f 4256 4257 4308 4307
f 4257 4258 4309 4308
f 4258 4259 4310 4309
f 4259 4260 4311 4310
f 4260 4261 4312 4311
f 4261 4262 4313 4312
f 4262 4263 4314 4313
f 4263 4264 4315 4314
f 4264 4265 4316 4315
f 4265 4266 4317 4316
f 4266 4267 4318 4317
f 4267 4268 4319 4318
f 4268 4269 4320 4319
f 4269 4270 4321 4320
f 4270 4271 4322 4321
f 4271 4272 4323 4322
f 4272 4273 4324 4323
f 4273 4274 4325 4324
f 4274 4275 4326 4325
f 4275 4276 4327 4326
f 4276 4277 4328 4327
f 4277 4278 4329 4328
f 4278 4279 4330 4329
f 4279 4280 4331 4330
f 4280 4281 4332 4331
f 4281 4282 4333 4332
f 4282 4283 4334 4333
f 4283 4284 4335 4334
f 4285 4286 4337 4336
f 4286 4287 4338 4337
f 4287 4288 4339 4338
f 4288 4289 4340 4339
f 4289 4290 4341 4340
f 4290 4291 4342 4341
f 4291 4292 4343 4342
f 4292 4293 4344 4343
f 4293 4294 4345 4344
f 4294 4295 4346 4345
f 4295 4296 4347 4346
f 4296 4297 4348 4347
f 4297 4298 4349 4348
f 4298 4299 4350 4349
f 4299 4300 4351 4350
f 4300 4301 4352 4351
f 4301 4302 4353 4352
f 4302 4303 4354 4353
f 4303 4304 4355 4354
f 4304 4305 4356 4355
f 4305 4306 4357 4356
f 4306 4307 4358 4357
f 4307 4308 4359 4358
f 4308 4309 4360 4359
f 4309 4310 4361 4360
f 4310 4311 4362 4361
f 4311 4312 4363 4362
f 4312 4313 4364 4363
f 4313 4314 4365 4364
f 4314 4315 4366 4365
f 4315 4316 4367 4366
f 4316 4317 4368 4367
f 4317 4318 4369 4368
f 4318 4319 4370 4369
f 4319 4320 4371 4370
f 4320 4321 4372 4371
f 4321 4322 4373 4372
f 4322 4323 4374 4373
f 4323 4324 4375 4374
f 4324 4325 4376 4375
f 4325 4326 4377 4376
f 4326 4327 4378 4377
f 4327 4328 4379 4378
f 4328 4329 4380 4379
f 4329 4330 4381 4380
f 4330 4331 4382 4381
f 4331 4332 4383 4382
f 4332 4333 4384 4383
f 4333 4334 4385 4384
f 4334 4335 4386 4385
f 4336 4337 4388 4387
f 4337 4338 4389 4388
f 4338 4339 4390 4389
f 4339 4340 4391 4390
f 4340 4341 4392 4391
f 4341 4342 4393 4392
f 4342 4343 4394 4393
f 4343 4344 4395 4394
f 4344 4345 4396 4395
f 4345 4346 4397 4396
f 4346 4347 4398 4397
f 4347 4348 4399 4398
f 4348 4349 4400 4399
f 4349 4350 4401 4400
f 4350 4351 4402 4401
f 4351 4352 4403 4402
f 4352 4353 4404 4403
f 4353 4354 4405 4404
f 4354 4355 4406 4405
f 4355 4356 4407 4406
f 4356 4357 4408 4407
f 4357 4358 4409 4408
f 4358 4359 4410 4409
f 4359 4360 4411 4410
f 4360 4361 4412 4411
f 4361 4362 4413 4412
f 4362 4363 4414 4413
f 4363 4364 4415 4414
f 4364 4365 4416 4415
f 4365 4366 4417 4416
f 4366 4367 4418 4417
f 4367 4368 4419 4418
f 4368 4369 4420 4419
f 4369 4370 4421 4420
f 4370 4371 4422 4421
f 4371 4372 4423 4422
f 4372 4373 4424 4423
f 4373 4374 4425 4424
f 4374 4375 4426 4425
f 4375 4376 4427 4426
f 4376 4377 4428 4427
f 4377 4378 4429 4428
f 4378 4379 4430 4429
f 4379 4380 4431 4430
f 4380 4381 4432 4431
f 4381 4382 4433 4432
f 4382 4383 4434 4433
f 4383 4384 4435 4434
f 4384 4385 4436 4435
f 4385 4386 4437 4436
f 4387 4388 4439 4438
f 4388 4389 4440 4439
f 4389 4390 4441 4440
f 4390 4391 4442 4441
f 4391 4392 4443 4442
f 4392 4393 4444 4443
f 4393 4394 4445 4444
f 4394 4395 4446 4445
f 4395 4396 4447 4446
f 4396 4397 4448 4447
f 4397 4398 4449 4448
f 4398 4399 4450 4449
f 4399 4400 4451 4450
f 4400 4401 4452 4451
f 4401 4402 4453 4452
f 4402 4403 4454 4453
f 4403 4404 4455 4454
f 4404 4405 4456 4455
f 4405 4406 4457 4456
f 4406 4407 4458 4457
f 4407 4408 4459 4458
f 4408 4409 4460 4459
f 4409 4410 4461 4460
f 4410 4411 4462 4461
f 4411 4412 4463 4462
f 4412 4413 4464 4463
f 4413 4414 4465 4464
f 4414 4415 4466 4465
f 4415 4416 4467 4466
f 4416 4417 4468 4467
f 4417 4418 4469 4468
f 4418 4419 4470 4469
f 4419 4420 4471 4470
f 4420 4421 4472 4471
f 4421 4422 4473 4472
f 4422 4423 4474 4473
f 4423 4424 4475 4474
f 4424 4425 4476 4475
f 4425 4426 4477 4476
f 4426 4427 4478 4477
f 4427 4428 4479 4478
f 4428 4429 4480 4479
f 4429 4430 4481 4480
f 4430 4431 4482 4481
f 4431 4432 4483 4482
f 4432 4433 4484 4483
f 4433 4434 4485 4484
f 4434 4435 4486 4485
f 4435 4436 4487 4486
f 4436 4437 4488 4487
f 4438 4439 4490 4489
f 4439 4440 4491 4490
f 4440 4441 4492 4491
f 4441 4442 4493 4492
f 4442 4443 4494 4493
f 4443 4444 4495 4494
f 4444 4445 4496 4495
f 4445 4446 4497 4496
f 4446 4447 4498 4497
f 4447 4448 4499 4498
f 4448 4449 4500 4499
f 4449 4450 4501 4500
f 4450 4451 4502 4501
f 4451 4452 4503 4502
f 4452 4453 4504 4503
f 4453 4454 4505 4504
f 4454 4455 4506 4505
f 4455 4456 4507 4506
f 4456 4457 4508 4507
f 4457 4458 4509 4508
f 4458 4459 4510 4509
f 4459 4460 4511 4510
f 4460 4461 4512 4511
f 4461 4462 4513 4512
f 4462 4463 4514 4513
f 4463 4464 4515 4514
f 4464 4465 4516 4515
f 4465 4466 4517 4516
f 4466 4467 4518 4517
f 4467 4468 4519 4518
f 4468 4469 4520 4519
f 4469 4470 4521 4520
f 4470 4471 4522 4521
f 4471 4472 4523 4522
f 4472 4473 4524 4523
f 4473 4474 4525 4524
f 4474 4475 4526 4525
f 4475 4476 4527 4526
f 4476 4477 4528 4527
f 4477 4478 4529 4528
f 4478 4479 4530 4529
f 4479 4480 4531 4530
f 4480 4481 4532 4531
f 4481 4482 4533 4532
f 4482 4483 4534 4533
f 4483 4484 4535 4534
f 4484 4485 4536 4535
f 4485 4486 4537 4536
f 4486 4487 4538 4537
f 4487 4488 4539 4538
f 4489 4490 4541 4540
f 4490 4491 4542 4541
f 4491 4492 4543 4542
f 4492 4493 4544 4543
f 4493 4494 4545 4544
f 4494 4495 4546 4545
f 4495 4496 4547 4546
f 4496 4497 4548 4547
f 4497 4498 4549 4548
f 4498 4499 4550 4549
f 4499 4500 4551 4550
f 4500 4501 4552 4551
f 4501 4502 4553 4552
f 4502 4503 4554 4553
f 4503 4504 4555 4554
f 4504 4505 4556 4555
f 4505 4506 4557 4556
f 4506 4507 4558 4557
f 4507 4508 4559 4558
f 4508 4509 4560 4559
f 4509 4510 4561 4560
f 4510 4511 4562 4561
f 4511 4512 4563 4562
f 4512 4513 4564 4563
f 4513 4514 4565 4564
f 4514 4515 4566 4565
f 4515 4516 4567 4566
f 4516 4517 4568 4567
f 4517 4518 4569 4568
f 4518 4519 4570 4569
f 4519 4520 4571 4570
f 4520 4521 4572 4571
f 4521 4522 4573 4572
f 4522 4523 4574 4573
f 4523 4524 4575 4574
f 4524 4525 4576 4575
f 4525 4526 4577 4576
f 4526 4527 4578 4577
f 4527 4528 4579 4578
f 4528 4529 4580 4579
f 4529 4530 4581 4580
f 4530 4531 4582 4581
f 4531 4532 4583 4582
f 4532 4533 4584 4583
f 4533 4534 4585 4584
f 4534 4535 4586 4585
f 4535 4536 4587 4586
f 4536 4537 4588 4587
f 4537 4538 4589 4588
f 4538 4539 4590 4589
f 4540 4541 4592 4591
f 4541 4542 4593 4592
f 4542 4543 4594 4593
f 4543 4544 4595 4594
f 4544 4545 4596 4595
f 4545 4546 4597 4596
f 4546 4547 4598 4597
f 4547 4548 4599 4598
f 4548 4549 4600 4599
f 4549 4550 4601 4600
f 4550 4551 4602 4601
f 4551 4552 4603 4602
f 4552 4553 4604 4603
f 4553 4554 4605 4604
f 4554 4555 4606 4605
f 4555 4556 4607 4606
f 4556 4557 4608 4607
f 4557 4558 4609 4608
f 4558 4559 4610 4609
f 4559 4560 4611 4610
f 4560 4561 4612 4611
f 4561 4562 4613 4612
f 4562 4563 4614 4613
f 4563 4564 4615 4614
f 4564 4565 4616 4615
f 4565 4566 4617 4616
f 4566 4567 4618 4617
f 4567 4568 4619 4618
f 4568 4569 4620 4619
f 4569 4570 4621 4620
f 4570 4571 4622 4621
f 4571 4572 4623 4622
f 4572 4573 4624 4623
f 4573 4574 4625 4624
f 4574 4575 4626 4625
f 4575 4576 4627 4626
f 4576 4577 4628 4627
f 4577 4578 4629 4628
f 4578 4579 4630 4629
f 4579 4580 4631 4630
f 4580 4581 4632 4631
f 4581 4582 4633 4632
f 4582 4583 4634 4633
f 4583 4584 4635 4634
f 4584 4585 4636 4635
f 4585 4586 4637 4636
f 4586 4587 4638 4637
f 4587 4588 4639 4638
f 4588 4589 4640 4639
f 4589 4590 4641 4640
f 4591 4592 4643 4642
f 4592 4593 4644 4643
f 4593 4594 4645 4644
f 4594 4595 4646 4645
f 4595 4596 4647 4646
f 4596 4597 4648 4647
f 4597 4598 4649 4648
f 4598 4599 4650 4649
f 4599 4600 4651 4650
f 4600 4601 4652 4651
f 4601 4602 4653 4652
f 4602 4603 4654 4653
f 4603 4604 4655 4654
f 4604 4605 4656 4655
f 4605 4606 4657 4656
f 4606 4607 4658 4657
f 4607 4608 4659 4658
f 4608 4609 4660 4659
f 4609 4610 4661 4660
f 4610 4611 4662 4661
f 4611 4612 4663 4662
f 4612 4613 4664 4663
f 4613 4614 4665 4664
f 4614 4615 4666 4665
f 4615 4616 4667 4666
f 4616 4617 4668 4667
f 4617 4618 4669 4668
f 4618 4619 4670 4669
f 4619 4620 4671 4670
f 4620 4621 4672 4671
f 4621 4622 4673 4672
f 4622 4623 4674 4673
f 4623 4624 4675 4674
f 4624 4625 4676 4675
f 4625 4626 4677 4676
f 4626 4627 4678 4677
f 4627 4628 4679 4678
f 4628 4629 4680 4679
f 4629 4630 4681 4680
f 4630 4631 4682 4681
f 4631 4632 4683 4682
f 4632 4633 4684 4683
f 4633 4634 4685 4684
f 4634 4635 4686 4685
f 4635 4636 4687 4686
f 4636 4637 4688 4687
f 4637 4638 4689 4688
f 4638 4639 4690 4689
f 4639 4640 4691 4690
f 4640 4641 4692 4691
f 4642 4643 4694 4693
f 4643 4644 4695 4694
f 4644 4645 4696 4695
f 4645 4646 4697 4696
f 4646 4647 4698 4697
f 4647 4648 4699 4698
f 4648 4649 4700 4699
f 4649 4650 4701 4700
f 4650 4651 4702 4701
f 4651 4652 4703 4702
f 4652 4653 4704 4703
f 4653 4654 4705 4704
f 4654 4655 4706 4705
f 4655 4656 4707 4706
f 4656 4657 4708 4707
f 4657 4658 4709 4708
f 4658 4659 4710 4709
f 4659 4660 4711 4710
f 4660 4661 4712 4711
f 4661 4662 4713 4712
f 4662 4663 4714 4713
f 4663 4664 4715 4714
f 4664 4665 4716 4715
f 4665 4666 4717 4716
f 4666 4667 4718 4717
f 4667 4668 4719 4718
f 4668 4669 4720 4719
f 4669 4670 4721 4720
f 4670 4671 4722 4721
f 4671 4672 4723 4722
f 4672 4673 4724 4723
f 4673 4674 4725 4724
f 4674 4675 4726 4725
f 4675 4676 4727 4726
f 4676 4677 4728 4727
f 4677 4678 4729 4728
f 4678 4679 4730 4729
f 4679 4680 4731 4730
f 4680 4681 4732 4731
f 4681 4682 4733 4732
f 4682 4683 4734 4733
f 4683 4684 4735 4734
f 4684 4685 4736 4735
f 4685 4686 4737 4736
f 4686 4687 4738 4737
f 4687 4688 4739 4738
f 4688 4689 4740 4739
f 4689 4690 4741 4740
f 4690 4691 4742 4741
f 4691 4692 4743 4742
f 4693 4694 4745 4744
f 4694 4695 4746 4745
f 4695 4696 4747 4746
f 4696 4697 4748 4747
f 4697 4698 4749 4748
f 4698 4699 4750 4749
f 4699 4700 4751 4750
f 4700 4701 4752 4751
f 4701 4702 4753 4752
f 4702 4703 4754 4753
f 4703 4704 4755 4754
f 4704 4705 4756 4755
f 4705 4706 4757 4756
f 4706 4707 4758 4757
f 4707 4708 4759 4758
f 4708 4709 4760 4759
f 4709 4710 4761 4760
f 4710 4711 4762 4761
f 4711 4712 4763 4762
f 4712 4713 4764 4763
f 4713 4714 4765 4764
f 4714 4715 4766 4765
f 4715 4716 4767 4766
f 4716 4717 4768 4767
f 4717 4718 4769 4768
f 4718 4719 4770 4769
f 4719 4720 4771 4770
f 4720 4721 4772 4771
f 4721 4722 4773 4772
f 4722 4723 4774 4773
f 4723 4724 4775 4774
f 4724 4725 4776 4775
f 4725 4726 4777 4776
f 4726 4727 4778 4777
f 4727 4728 4779 4778
f 4728 4729 4780 4779
f 4729 4730 4781 4780
f 4730 4731 4782 4781
f 4731 4732 4783 4782
f 4732 4733 4784 4783
f 4733 4734 4785 4784
f 4734 4735 4786 4785
f 4735 4736 4787 4786
f 4736 4737 4788 4787
f 4737 4738 4789 4788
f 4738 4739 4790 4789
f 4739 4740 4791 4790
f 4740 4741 4792 4791
f 4741 4742 4793 4792
f 4742 4743 4794 4793
f 4744 4745 4796 4795
f 4745 4746 4797 4796
f 4746 4747 4798 4797
f 4747 4748 4799 4798
f 4748 4749 4800 4799
f 4749 4750 4801 4800
f 4750 4751 4802 4801
f 4751 4752 4803 4802
f 4752 4753 4804 4803
f 4753 4754 4805 4804
f 4754 4755 4806 4805
f 4755 4756 4807 4806
f 4756 4757 4808 4807
f 4757 4758 4809 4808
f 4758 4759 4810 4809
f 4759 4760 4811 4810
f 4760 4761 4812 4811
f 4761 4762 4813 4812
f 4762 4763 4814 4813
f 4763 4764 4815 4814
f 4764 4765 4816 4815
f 4765 4766 4817 4816
f 4766 4767 4818 4817
f 4767 4768 4819 4818
f 4768 4769 4820 4819
f 4769 4770 4821 4820
f 4770 4771 4822 4821
f 4771 4772 4823 4822
f 4772 4773 4824 4823
f 4773 4774 4825 4824
f 4774 4775 4826 4825
f 4775 4776 4827 4826
f 4776 4777 4828 4827
f 4777 4778 4829 4828
f 4778 4779 4830 4829
f 4779 4780 4831 4830
f 4780 4781 4832 4831
f 4781 4782 4833 4832
f 4782 4783 4834 4833
f 4783 4784 4835 4834
f 4784 4785 4836 4835
f 4785 4786 4837 4836
f 4786 4787 4838 4837
f 4787 4788 4839 4838
f 4788 4789 4840 4839
f 4789 4790 4841 4840
f 4790 4791 4842 4841
f 4791 4792 4843 4842
f 4792 4793 4844 4843
f 4793 4794 4845 4844
f 4795 4796 4847 4846
f 4796 4797 4848 4847
f 4797 4798 4849 4848
f 4798 4799 4850 4849
f 4799 4800 4851 4850
f 4800 4801 4852 4851
f 4801 4802 4853 4852
f 4802 4803 4854 4853
f 4803 4804 4855 4854
f 4804 4805 4856 4855
f 4805 4806 4857 4856
f 4806 4807 4858 4857
f 4807 4808 4859 4858
f 4808 4809 4860 4859
f 4809 4810 4861 4860
f 4810 4811 4862 4861
f 4811 4812 4863 4862
f 4812 4813 4864 4863
f 4813 4814 4865 4864
f 4814 4815 4866 4865
f 4815 4816 4867 4866
f 4816 4817 4868 4867
f 4817 4818 4869 4868
f 4818 4819 4870 4869
f 4819 4820 4871 4870
f 4820 4821 4872 4871
f 4821 4822 4873 4872
f 4822 4823 4874 4873
f 4823 4824 4875 4874
f 4824 4825 4876 4875
f 4825 4826 4877 4876
f 4826 4827 4878 4877
f 4827 4828 4879 4878
f 4828 4829 4880 4879
f 4829 4830 4881 4880
f 4830 4831 4882 4881
f 4831 4832 4883 4882
f 4832 4833 4884 4883
f 4833 4834 4885 4884
f 4834 4835 4886 4885
f 4835 4836 4887 4886
f 4836 4837 4888 4887
f 4837 4838 4889 4888
f 4838 4839 4890 4889
f 4839 4840 4891 4890
f 4840 4841 4892 4891
f 4841 4842 4893 4892
f 4842 4843 4894 4893
f 4843 4844 4895 4894
f 4844 4845 4896 4895
f 4846 4847 4898 4897
f 4847 4848 4899 4898
f 4848 4849 4900 4899
f 4849 4850 4901 4900
f 4850 4851 4902 4901
f 4851 4852 4903 4902
f 4852 4853 4904 4903
f 4853 4854 4905 4904
f 4854 4855 4906 4905
f 4855 4856 4907 4906
f 4856 4857 4908 4907
f 4857 4858 4909 4908
f 4858 4859 4910 4909
f 4859 4860 4911 4910
f 4860 4861 4912 4911
f 4861 4862 4913 4912
f 4862 4863 4914 4913
f 4863 4864 4915 4914
f 4864 4865 4916 4915
f 4865 4866 4917 4916
f 4866 4867 4918 4917
f 4867 4868 4919 4918
f 4868 4869 4920 4919
f 4869 4870 4921 4920
f 4870 4871 4922 4921
f 4871 4872 4923 4922
f 4872 4873 4924 4923
f 4873 4874 4925 4924
f 4874 4875 4926 4925
f 4875 4876 4927 4926
f 4876 4877 4928 4927
f 4877 4878 4929 4928
f 4878 4879 4930 4929
f 4879 4880 4931 4930
f 4880 4881 4932 4931
f 4881 4882 4933 4932
f 4882 4883 4934 4933
f 4883 4884 4935 4934
f 4884 4885 4936 4935
f 4885 4886 4937 4936
f 4886 4887 4938 4937
f 4887 4888 4939 4938
f 4888 4889 4940 4939
f 4889 4890 4941 4940
f 4890 4891 4942 4941
f 4891 4892 4943 4942
f 4892 4893 4944 4943
f 4893 4894 4945 4944
f 4894 4895 4946 4945
f 4895 4896 4947 4946
f 4897 4898 4949 4948
f 4898 4899 4950 4949
f 4899 4900 4951 4950
f 4900 4901 4952 4951
f 4901 4902 4953 4952
f 4902 4903 4954 4953
f 4903 4904 4955 4954
f 4904 4905 4956 4955
f 4905 4906 4957 4956
f 4906 4907 4958 4957
f 4907 4908 4959 4958
f 4908 4909 4960 4959
f 4909 4910 4961 4960
f 4910 4911 4962 4961
f 4911 4912 4963 4962
f 4912 4913 4964 4963
f 4913 4914 4965 4964
f 4914 4915 4966 4965
f 4915 4916 4967 4966
f 4916 4917 4968 4967
f 4917 4918 4969 4968
f 4918 4919 4970 4969
f 4919 4920 4971 4970
f 4920 4921 4972 4971
f 4921 4922 4973 4972
f 4922 4923 4974 4973
f 4923 4924 4975 4974
f 4924 4925 4976 4975
f 4925 4926 4977 4976
f 4926 4927 4978 4977
f 4927 4928 4979 4978
f 4928 4929 4980 4979
f 4929 4930 4981 4980
f 4930 4931 4982 4981
f 4931 4932 4983 4982
f 4932 4933 4984 4983
f 4933 4934 4985 4984
f 4934 4935 4986 4985
f 4935 4936 4987 4986
f 4936 4937 4988 4987
f 4937 4938 4989 4988
f 4938 4939 4990 4989
f 4939 4940 4991 4990
f 4940 4941 4992 4991
f 4941 4942 4993 4992
f 4942 4943 4994 4993
f 4943 4944 4995 4994
f 4944 4945 4996 4995
f 4945 4946 4997 4996
f 4946 4947 4998 4997
f 4948 4949 5000 4999
f 4949 4950 5001 5000
f 4950 4951 5002 5001
f 4951 4952 5003 5002
f 4952 4953 5004 5003
f 4953 4954 5005 5004
f 4954 4955 5006 5005
f 4955 4956 5007 5006
f 4956 4957 5008 5007
f 4957 4958 5009 5008
f 4958 4959 5010 5009
f 4959 4960 5011 5010
f 4960 4961 5012 5011
f 4961 4962 5013 5012
f 4962 4963 5014 5013
f 4963 4964 5015 5014
f 4964 4965 5016 5015
f 4965 4966 5017 5016
f 4966 4967 5018 5017
f 4967 4968 5019 5018
f 4968 4969 5020 5019
f 4969 4970 5021 5020
f 4970 4971 5022 5021
f 4971 4972 5023 5022
f 4972 4973 5024 5023
f 4973 4974 5025 5024
f 4974 4975 5026 5025
f 4975 4976 5027 5026
f 4976 4977 5028 5027
f 4977 4978 5029 5028
f 4978 4979 5030 5029
f 4979 4980 5031 5030
f 4980 4981 5032 5031
f 4981 4982 5033 5032
f 4982 4983 5034 5033
f 4983 4984 5035 5034
f 4984 4985 5036 5035
f 4985 4986 5037 5036
f 4986 4987 5038 5037
f 4987 4988 5039 5038
f 4988 4989 5040 5039
f 4989 4990 5041 5040
f 4990 4991 5042 5041
f 4991 4992 5043 5042
f 4992 4993 5044 5043
f 4993 4994 5045 5044
f 4994 4995 5046 5045
f 4995 4996 5047 5046
f 4996 4997 5048 5047
f 4997 4998 5049 5048
f 4999 5000 5051 5050
f 5000 5001 5052 5051
f 5001 5002 5053 5052
f 5002 5003 5054 5053
f 5003 5004 5055 5054
f 5004 5005 5056 5055
f 5005 5006 5057 5056
f 5006 5007 5058 5057
f 5007 5008 5059 5058
f 5008 5009 5060 5059
f 5009 5010 5061 5060
f 5010 5011 5062 5061
f 5011 5012 5063 5062
f 5012 5013 5064 5063
f 5013 5014 5065 5064
f 5014 5015 5066 5065
f 5015 5016 5067 5066
f 5016 5017 5068 5067
f 5017 5018 5069 5068
f 5018 5019 5070 5069
f 5019 5020 5071 5070
f 5020 5021 5072 5071
f 5021 5022 5073 5072
f 5022 5023 5074 5073
f 5023 5024 5075 5074
f 5024 5025 5076 5075
f 5025 5026 5077 5076
f 5026 5027 5078 5077
f 5027 5028 5079 5078
f 5028 5029 5080 5079
f 5029 5030 5081 5080
f 5030 5031 5082 5081
f 5031 5032 5083 5082
f 5032 5033 5084 5083
f 5033 5034 5085 5084
f 5034 5035 5086 5085
f 5035 5036 5087 5086
f 5036 5037 5088 5087
f 5037 5038 5089 5088
f 5038 5039 5090 5089
f 5039 5040 5091 5090
f 5040 5041 5092 5091
f 5041 5042 5093 5092
f 5042 5043 5094 5093
f 5043 5044 5095 5094
f 5044 5045 5096 5095
f 5045 5046 5097 5096
f 5046 5047 5098 5097
f 5047 5048 5099 5098
f 5048 5049 5100 5099
f 5050 5051 5102 5101
f 5051 5052 5103 5102
f 5052 5053 5104 5103
f 5053 5054 5105 5104
f 5054 5055 5106 5105
f 5055 5056 5107 5106
f 5056 5057 5108 5107
f 5057 5058 5109 5108
f 5058 5059 5110 5109
f 5059 5060 5111 5110
f 5060 5061 5112 5111
f 5061 5062 5113 5112
f 5062 5063 5114 5113
f 5063 5064 5115 5114
f 5064 5065 5116 5115
f 5065 5066 5117 5116
f 5066 5067 5118 5117
f 5067 5068 5119 5118
f 5068 5069 5120 5119
f 5069 5070 5121 5120
f 5070 5071 5122 5121
f 5071 5072 5123 5122
f 5072 5073 5124 5123
f 5073 5074 5125 5124
f 5074 5075 5126 5125
f 5075 5076 5127 5126
f 5076 5077 5128 5127
f 5077 5078 5129 5128
f 5078 5079 5130 5129
f 5079 5080 5131 5130
f 5080 5081 5132 5131
f 5081 5082 5133 5132
f 5082 5083 5134 5133
f 5083 5084 5135 5134
f 5084 5085 5136 5135
f 5085 5086 5137 5136
f 5086 5087 5138 5137
f 5087 5088 5139 5138
f 5088 5089 5140 5139
f 5089 5090 5141 5140
f 5090 5091 5142 5141
f 5091 5092 5143 5142
f 5092 5093 5144 5143
f 5093 5094 5145 5144
f 5094 5095 5146 5145
f 5095 5096 5147 5146
f 5096 5097 5148 5147
f 5097 5098 5149 5148
f 5098 5099 5150 5149
f 5099 5100 5151 5150
f 5152 5203 5204 5153
f 5153 5204 5205 5154
f 5154 5205 5206 5155
f 5155 5206 5207 5156
f 5156 5207 5208 5157
f 5157 5208 5209 5158
f 5158 5209 5210 5159
f 5159 5210 5211 5160
f 5160 5211 5212 5161
f 5161 5212 5213 5162
f 5162 5213 5214 5163
f 5163 5214 5215 5164
f 5164 5215 5216 5165
f 5165 5216 5217 5166
f 5166 5217 5218 5167
f 5167 5218 5219 5168
f 5168 5219 5220 5169
f 5169 5220 5221 5170
f 5170 5221 5222 5171
f 5171 5222 5223 5172
f 5172 5223 5224 5173
f 5173 5224 5225 5174
f 5174 5225 5226 5175
f 5175 5226 5227 5176
f 5176 5227 5228 5177
f 5177 5228 5229 5178
f 5178 5229 5230 5179
f 5179 5230 5231 5180
f 5180 5231 5232 5181
f 5181 5232 5233 5182
f 5182 5233 5234 5183
f 5183 5234 5235 5184
f 5184 5235 5236 5185
f 5185 5236 5237 5186
f 5186 5237 5238 5187
f 5187 5238 5239 5188
f 5188 5239 5240 5189
f 5189 5240 5241 5190
f 5190 5241 5242 5191
f 5191 5242 5243 5192
f 5192 5243 5244 5193
f 5193 5244 5245 5194
f 5194 5245 5246 5195
f 5195 5246 5247 5196
f 5196 5247 5248 5197
f 5197 5248 5249 5198
f 5198 5249 5250 5199
f 5199 5250 5251 5200
f 5200 5251 5252 5201
f 5201 5252 5253 5202
f 5203 5254 5255 5204
f 5204 5255 5256 5205
f 5205 5256 5257 5206
f 5206 5257 5258 5207
f 5207 5258 5259 5208
f 5208 5259 5260 5209
f 5209 5260 5261 5210
f 5210 5261 5262 5211
f 5211 5262 5263 5212
f 5212 5263 5264 5213
f 5213 5264 5265 5214
f 5214 5265 5266 5215
f 5215 5266 5267 5216
f 5216 5267 5268 5217
f 5217 5268 5269 5218
f 5218 5269 5270 5219
f 5219 5270 5271 5220
f 5220 5271 5272 5221
f 5221 5272 5273 5222
f 5222 5273 5274 5223
f 5223 5274 5275 5224
f 5224 5275 5276 5225
f 5225 5276 5277 5226
f 5226 5277 5278 5227
f 5227 5278 5279 5228
f 5228 5279 5280 5229
f 5229 5280 5281 5230
f 5230 5281 5282 5231
f 5231 5282 5283 5232
f 5232 5283 5284 5233
f 5233 5284 5285 5234
f 5234 5285 5286 5235
f 5235 5286 5287 5236
f 5236 5287 5288 5237
f 5237 5288 5289 5238
f 5238 5289 5290 5239
f 5239 5290 5291 5240
f 5240 5291 5292 5241
f 5241 5292 5293 5242
f 5242 5293 5294 5243
f 5243 5294 5295 5244
f 5244 5295 5296 5245
f 5245 5296 5297 5246
f 5246 5297 5298 5247
f 5247 5298 5299 5248
f 5248 5299 5300 5249
f 5249 5300 5301 5250
f 5250 5301 5302 5251
f 5251 5302 5303 5252
f 5252 5303 5304 5253
f 5254 5305 5306 5255
f 5255 5306 5307 5256
f 5256 5307 5308 5257
f 5257 5308 5309 5258
f 5258 5309 5310 5259
f 5259 5310 5311 5260
f 5260 5311 5312 5261
f 5261 5312 5313 5262
f 5262 5313 5314 5263
f 5263 5314 5315 5264
f 5264 5315 5316 5265
f 5265 5316 5317 5266
f 5266 5317 5318 5267
f 5267 5318 5319 5268
f 5268 5319 5320 5269
f 5269 5320 5321 5270
f 5270 5321 5322 5271
f 5271 5322 5323 5272
f 5272 5323 5324 5273
f 5273 5324 5325 5274
f 5274 5325 5326 5275
f 5275 5326 5327 5276
f 5276 5327 5328 5277
f 5277 5328 5329 5278
f 5278 5329 5330 5279
f 5279 5330 5331 5280
f 5280 5331 5332 5281
f 5281 5332 5333 5282
f 5282 5333 5334 5283
f 5283 5334 5335 5284
f 5284 5335 5336 5285
f 5285 5336 5337 5286
f 5286 5337 5338 5287
f 5287 5338 5339 5288
f 5288 5339 5340 5289
f 5289 5340 5341 5290
f 5290 5341 5342 5291
f 5291 5342 5343 5292
f 5292 5343 5344 5293
f 5293 5344 5345 5294
f 5294 5345 5346 5295
f 5295 5346 5347 5296
f 5296 5347 5348 5297
f 5297 5348 5349 5298
f 5298 5349 5350 5299
f 5299 5350 5351 5300
f 5300 5351 5352 5301
f 5301 5352 5353 5302
f 5302 5353 5354 5303
f 5303 5354 5355 5304
f 5305 5356 5357 5306
f 5306 5357 5358 5307
f 5307 5358 5359 5308
f 5308 5359 5360 5309
f 5309 5360 5361 5310
f 5310 5361 5362 5311
f 5311 5362 5363 5312
f 5312 5363 5364 5313
f 5313 5364 5365 5314
f 5314 5365 5366 5315
f 5315 5366 5367 5316
f 5316 5367 5368 5317
f 5317 5368 5369 5318
f 5318 5369 5370 5319
f 5319 5370 5371 5320
f 5320 5371 5372 5321
f 5321 5372 5373 5322
f 5322 5373 5374 5323
f 5323 5374 5375 5324
f 5324 5375 5376 5325
f 5325 5376 5377 5326
f 5326 5377 5378 5327
f 5327 5378 5379 5328
f 5328 5379 5380 5329
f 5329 5380 5381 5330
f 5330 5381 5382 5331
f 5331 5382 5383 5332
f 5332 5383 5384 5333
f 5333 5384 5385 5334
f 5334 5385 5386 5335
f 5335 5386 5387 5336
f 5336 5387 5388 5337
f 5337 5388 5389 5338
f 5338 5389 5390 5339
f 5339 5390 5391 5340
f 5340 5391 5392 5341
f 5341 5392 5393 5342
f 5342 5393 5394 5343
f 5343 5394 5395 5344
f 5344 5395 5396 5345
f 5345 5396 5397 5346
f 5346 5397 5398 5347
f 5347 5398 5399 5348
f 5348 5399 5400 5349
f 5349 5400 5401 5350
f 5350 5401 5402 5351
f 5351 5402 5403 5352
f 5352 5403 5404 5353
f 5353 5404 5405 5354
f 5354 5405 5406 5355
f 5356 5407 5408 5357
f 5357 5408 5409 5358
f 5358 5409 5410 5359
f 5359 5410 5411 5360
f 5360 5411 5412 5361
f 5361 5412 5413 5362
f 5362 5413 5414 5363
f 5363 5414 5415 5364
f 5364 5415 5416 5365
f 5365 5416 5417 5366
f 5366 5417 5418 5367
f 5367 5418 5419 5368
f 5368 5419 5420 5369
f 5369 5420 5421 5370
f 5370 5421 5422 5371
f 5371 5422 5423 5372
f 5372 5423 5424 5373
f 5373 5424 5425 5374
f 5374 5425 5426 5375
f 5375 5426 5427 5376
f 5376 5427 5428 5377
f 5377 5428 5429 5378
f 5378 5429 5430 5379
f 5379 5430 5431 5380
f 5380 5431 5432 5381
f 5381 5432 5433 5382
f 5382 5433 5434 5383
f 5383 5434 5435 5384
f 5384 5435 5436 5385
f 5385 5436 5437 5386
f 5386 5437 5438 5387
f 5387 5438 5439 5388
f 5388 5439 5440 5389
f 5389 5440 5441 5390
f 5390 5441 5442 5391
f 5391 5442 5443 5392
f 5392 5443 5444 5393
f 5393 5444 5445 5394
f 5394 5445 5446 5395
f 5395 5446 5447 5396
f 5396 5447 5448 5397
f 5397 5448 5449 5398
f 5398 5449 5450 5399
f 5399 5450 5451 5400
f 5400 5451 5452 5401
f 5401 5452 5453 5402
f 5402 5453 5454 5403
f 5403 5454 5455 5404
f 5404 5455 5456 5405
f 5405 5456 5457 5406
f 5407 5458 5459 5408
f 5408 5459 5460 5409
f 5409 5460 5461 5410
f 5410 5461 5462 5411
f 5411 5462 5463 5412
f 5412 5463 5464 5413
f 5413 5464 5465 5414
f 5414 5465 5466 5415
f 5415 5466 5467 5416
f 5416 5467 5468 5417
f 5417 5468 5469 5418
f 5418 5469 5470 5419
f 5419 5470 5471 5420
f 5420 5471 5472 5421
f 5421 5472 5473 5422
f 5422 5473 5474 5423
f 5423 5474 5475 5424
f 5424 5475 5476 5425
f 5425 5476 5477 5426
f 5426 5477 5478 5427
f 5427 5478 5479 5428
f 5428 5479 5480 5429
f 5429 5480 5481 5430
f 5430 5481 5482 5431
f 5431 5482 5483 5432
f 5432 5483 5484 5433
f 5433 5484 5485 5434
f 5434 5485 5486 5435
f 5435 5486 5487 5436
f 5436 5487 5488 5437
f 5437 5488 5489 5438
f 5438 5489 5490 5439
f 5439 5490 5491 5440
f 5440 5491 5492 5441
f 5441 5492 5493 5442
f 5442 5493 5494 5443
f 5443 5494 5495 5444
f 5444 5495 5496 5445
f 5445 5496 5497 5446
f 5446 5497 5498 5447
f 5447 5498 5499 5448
f 5448 5499 5500 5449
f 5449 5500 5501 5450
f 5450 5501 5502 5451
f 5451 5502 5503 5452
f 5452 5503 5504 5453
f 5453 5504 5505 5454
f 5454 5505 5506 5455
f 5455 5506 5507 5456
f 5456 5507 5508 5457
f 5458 5509 5510 5459
f 5459 5510 5511 5460
f 5460 5511 5512 5461
f 5461 5512 5513 5462
f 5462 5513 5514 5463
f 5463 5514 5515 5464
f 5464 5515 5516 5465
f 5465 5516 5517 5466
f 5466 5517 5518 5467
f 5467 5518 5519 5468
f 5468 5519 5520 5469
f 5469 5520 5521 5470
f 5470 5521 5522 5471
f 5471 5522 5523 5472
f 5472 5523 5524 5473
f 5473 5524 5525 5474
f 5474 5525 5526 5475
f 5475 5526 5527 5476
f 5476 5527 5528 5477
f 5477 5528 5529 5478
f 5478 5529 5530 5479
f 5479 5530 5531 5480
f 5480 5531 5532 5481
f 5481 5532 5533 5482
f 5482 5533 5534 5483
f 5483 5534 5535 5484
f 5484 5535 5536 5485
f 5485 5536 5537 5486
f 5486 5537 5538 5487
f 5487 5538 5539 5488
f 5488 5539 5540 5489
f 5489 5540 5541 5490
f 5490 5541 5542 5491
f 5491 5542 5543 5492
f 5492 5543 5544 5493
f 5493 5544 5545 5494
f 5494 5545 5546 5495
f 5495 5546 5547 5496
f 5496 5547 5548 5497
f 5497 5548 5549 5498
f 5498 5549 5550 5499
f 5499 5550 5551 5500
f 5500 5551 5552 5501
f 5501 5552 5553 5502
f 5502 5553 5554 5503
f 5503 5554 5555 5504
f 5504 5555 5556 5505
f 5505 5556 5557 5506
f 5506 5557 5558 5507
f 5507 5558 5559 5508
f 5509 5560 5561 5510
f 5510 5561 5562 5511
f 5511 5562 5563 5512
f 5512 5563 5564 5513
f 5513 5564 5565 5514
f 5514 5565 5566 5515
f 5515 5566 5567 5516
f 5516 5567 5568 5517
f 5517 5568 5569 5518
f 5518 5569 5570 5519
f 5519 5570 5571 5520
f 5520 5571 5572 5521
f 5521 5572 5573 5522
f 5522 5573 5574 5523
f 5523 5574 5575 5524
f 5524 5575 5576 5525
f 5525 5576 5577 5526
f 5526 5577 5578 5527
f 5527 5578 5579 5528
f 5528 5579 5580 5529
f 5529 5580 5581 5530
f 5530 5581 5582 5531
f 5531 5582 5583 5532
f 5532 5583 5584 5533
f 5533 5584 5585 5534
f 5534 5585 5586 5535
f 5535 5586 5587 5536
f 5536 5587 5588 5537
f 5537 5588 5589 5538
f 5538 5589 5590 5539
f 5539 5590 5591 5540
f 5540 5591 5592 5541
f 5541 5592 5593 5542
f 5542 5593 5594 5543
f 5543 5594 5595 5544
f 5544 5595 5596 5545
f 5545 5596 5597 5546
f 5546 5597 5598 5547
f 5547 5598 5599 5548
f 5548 5599 5600 5549
f 5549 5600 5601 5550
f 5550 5601 5602 5551
f 5551 5602 5603 5552
f 5552 5603 5604 5553
f 5553 5604 5605 5554
f 5554 5605 5606 5555
f 5555 5606 5607 5556
f 5556 5607 5608 5557
f 5557 5608 5609 5558
f 5558 5609 5610 5559
f 5560 5611 5612 5561
f 5561 5612 5613 5562
f 5562 5613 5614 5563
f 5563 5614 5615 5564
f 5564 5615 5616 5565
f 5565 5616 5617 5566
f 5566 5617 5618 5567
f 5567 5618 5619 5568
f 5568 5619 5620 5569
f 5569 5620 5621 5570
f 5570 5621 5622 5571
f 5571 5622 5623 5572
f 5572 5623 5624 5573
f 5573 5624 5625 5574
f 5574 5625 5626 5575
f 5575 5626 5627 5576
f 5576 5627 5628 5577
f 5577 5628 5629 5578
f 5578 5629 5630 5579
f 5579 5630 5631 5580
f 5580 5631 5632 5581
f 5581 5632 5633 5582
f 5582 5633 5634 5583
f 5583 5634 5635 5584
f 5584 5635 5636 5585
f 5585 5636 5637 5586
f 5586 5637 5638 5587
f 5587 5638 5639 5588
f 5588 5639 5640 5589
f 5589 5640 5641 5590
f 5590 5641 5642 5591
f 5591 5642 5643 5592
f 5592 5643 5644 5593
f 5593 5644 5645 5594
f 5594 5645 5646 5595
f 5595 5646 5647 5596
f 5596 5647 5648 5597
f 5597 5648 5649 5598
f 5598 5649 5650 5599
f 5599 5650 5651 5600
f 5600 5651 5652 5601
f 5601 5652 5653 5602
f 5602 5653 5654 5603
f 5603 5654 5655 5604
f 5604 5655 5656 5605
f 5605 5656 5657 5606
f 5606 5657 5658 5607
f 5607 5658 5659 5608
f 5608 5659 5660 5609
f 5609 5660 5661 5610
f 5611 5662 5663 5612
f 5612 5663 5664 5613
f 5613 5664 5665 5614
f 5614 5665 5666 5615
f 5615 5666 5667 5616
f 5616 5667 5668 5617
f 5617 5668 5669 5618
f 5618 5669 5670 5619
f 5619 5670 5671 5620
f 5620 5671 5672 5621
f 5621 5672 5673 5622
f 5622 5673 5674 5623
f 5623 5674 5675 5624
f 5624 5675 5676 5625
f 5625 5676 5677 5626
f 5626 5677 5678 5627
f 5627 5678 5679 5628
f 5628 5679 5680 5629
f 5629 5680 5681 5630
f 5630 5681 5682 5631
f 5631 5682 5683 5632
f 5632 5683 5684 5633
f 5633 5684 5685 5634
f 5634 5685 5686 5635
f 5635 5686 5687 5636
f 5636 5687 5688 5637
f 5637 5688 5689 5638
f 5638 5689 5690 5639
f 5639 5690 5691 5640
f 5640 5691 5692 5641
f 5641 5692 5693 5642
f 5642 5693 5694 5643
f 5643 5694 5695 5644
f 5644 5695 5696 5645
f 5645 5696 5697 5646
f 5646 5697 5698 5647
f 5647 5698 5699 5648
f 5648 5699 5700 5649
f 5649 5700 5701 5650
f 5650 5701 5702 5651
f 5651 5702 5703 5652
f 5652 5703 5704 5653
f 5653 5704 5705 5654
f 5654 5705 5706 5655
f 5655 5706 5707 5656
f 5656 5707 5708 5657
f 5657 5708 5709 5658
f 5658 5709 5710 5659
f 5659 5710 5711 5660
f 5660 5711 5712 5661
f 5662 5713 5714 5663
f 5663 5714 5715 5664
f 5664 5715 5716 5665
f 5665 5716 5717 5666
f 5666 5717 5718 5667
f 5667 5718 5719 5668
f 5668 5719 5720 5669
f 5669 5720 5721 5670
f 5670 5721 5722 5671
f 5671 5722 5723 5672
f 5672 5723 5724 5673
f 5673 5724 5725 5674
f 5674 5725 5726 5675
f 5675 5726 5727 5676
f 5676 5727 5728 5677
f 5677 5728 5729 5678
f 5678 5729 5730 5679
f 5679 5730 5731 5680
f 5680 5731 5732 5681
f 5681 5732 5733 5682
f 5682 5733 5734 5683
f 5683 5734 5735 5684
f 5684 5735 5736 5685
f 5685 5736 5737 5686
f 5686 5737 5738 5687
f 5687 5738 5739 5688
f 5688 5739 5740 5689
f 5689 5740 5741 5690
f 5690 5741 5742 5691
f 5691 5742 5743 5692
f 5692 5743 5744 5693
f 5693 5744 5745 5694
f 5694 5745 5746 5695
f 5695 5746 5747 5696
f 5696 5747 5748 5697
f 5697 5748 5749 5698
f 5698 5749 5750 5699
f 5699 5750 5751 5700
f 5700 5751 5752 5701
f 5701 5752 5753 5702
f 5702 5753 5754 5703
f 5703 5754 5755 5704
f 5704 5755 5756 5705
f 5705 5756 5757 5706
f 5706 5757 5758 5707
f 5707 5758 5759 5708
f 5708 5759 5760 5709
f 5709 5760 5761 5710
f 5710 5761 5762 5711
f 5711 5762 5763 5712
f 5713 5764 5765 5714
f 5714 5765 5766 5715
f 5715 5766 5767 5716
f 5716 5767 5768 5717
f 5717 5768 5769 5718
f 5718 5769 5770 5719
f 5719 5770 5771 5720
f 5720 5771 5772 5721
f 5721 5772 5773 5722
f 5722 5773 5774 5723
f 5723 5774 5775 5724
f 5724 5775 5776 5725
f 5725 5776 5777 5726
f 5726 5777 5778 5727
f 5727 5778 5779 5728
f 5728 5779 5780 5729
f 5729 5780 5781 5730
f 5730 5781 5782 5731
f 5731 5782 5783 5732
f 5732 5783 5784 5733
f 5733 5784 5785 5734
f 5734 5785 5786 5735
f 5735 5786 5787 5736
f 5736 5787 5788 5737
f 5737 5788 5789 5738
f 5738 5789 5790 5739
f 5739 5790 5791 5740
f 5740 5791 5792 5741
f 5741 5792 5793 5742
f 5742 5793 5794 5743
f 5743 5794 5795 5744
f 5744 5795 5796 5745
f 5745 5796 5797 5746
f 5746 5797 5798 5747
f 5747 5798 5799 5748
f 5748 5799 5800 5749
f 5749 5800 5801 5750
f 5750 5801 5802 5751
f 5751 5802 5803 5752
f 5752 5803 5804 5753
f 5753 5804 5805 5754
f 5754 5805 5806 5755
f 5755 5806 5807 5756
f 5756 5807 5808 5757
f 5757 5808 5809 5758
f 5758 5809 5810 5759
f 5759 5810 5811 5760
f 5760 5811 5812 5761
f 5761 5812 5813 5762
f 5762 5813 5814 5763
f 5764 5815 5816 5765
f 5765 5816 5817 5766
f 5766 5817 5818 5767
f 5767 5818 5819 5768
f 5768 5819 5820 5769
f 5769 5820 5821 5770
f 5770 5821 5822 5771
f 5771 5822 5823 5772
f 5772 5823 5824 5773
f 5773 5824 5825 5774
f 5774 5825 5826 5775
f 5775 5826 5827 5776
f 5776 5827 5828 5777
f 5777 5828 5829 5778
f 5778 5829 5830 5779
f 5779 5830 5831 5780
f 5780 5831 5832 5781
f 5781 5832 5833 5782
f 5782 5833 5834 5783
f 5783 5834 5835 5784
f 5784 5835 5836 5785
f 5785 5836 5837 5786
f 5786 5837 5838 5787
f 5787 5838 5839 5788
f 5788 5839 5840 5789
f 5789 5840 5841 5790
f 5790 5841 5842 5791
f 5791 5842 5843 5792
f 5792 5843 5844 5793
f 5793 5844 5845 5794
f 5794 5845 5846 5795
f 5795 5846 5847 5796
f 5796 5847 5848 5797
f 5797 5848 5849 5798
f 5798 5849 5850 5799
f 5799 5850 5851 5800
f 5800 5851 5852 5801
f 5801 5852 5853 5802
f 5802 5853 5854 5803
f 5803 5854 5855 5804
f 5804 5855 5856 5805
f 5805 5856 5857 5806
f 5806 5857 5858 5807
f 5807 5858 5859 5808
f 5808 5859 5860 5809
f 5809 5860 5861 5810
f 5810 5861 5862 5811
f 5811 5862 5863 5812
f 5812 5863 5864 5813
f 5813 5864 5865 5814
f 5815 5866 5867 5816
f 5816 5867 5868 5817
f 5817 5868 5869 5818
f 5818 5869 5870 5819
f 5819 5870 5871 5820
f 5820 5871 5872 5821
f 5821 5872 5873 5822
f 5822 5873 5874 5823
f 5823 5874 5875 5824
f 5824 5875 5876 5825
f 5825 5876 5877 5826
f 5826 5877 5878 5827
f 5827 5878 5879 5828
f 5828 5879 5880 5829
f 5829 5880 5881 5830
f 5830 5881 5882 5831
f 5831 5882 5883 5832
f 5832 5883 5884 5833
f 5833 5884 5885 5834
f 5834 5885 5886 5835
f 5835 5886 5887 5836
f 5836 5887 5888 5837
f 5837 5888 5889 5838
f 5838 5889 5890 5839
f 5839 5890 5891 5840
f 5840 5891 5892 5841
f 5841 5892 5893 5842
f 5842 5893 5894 5843
f 5843 5894 5895 5844
f 5844 5895 5896 5845
f 5845 5896 5897 5846
f 5846 5897 5898 5847
f 5847 5898 5899 5848
f 5848 5899 5900 5849
f 5849 5900 5901 5850
f 5850 5901 5902 5851
f 5851 5902 5903 5852
f 5852 5903 5904 5853
f 5853 5904 5905 5854
f 5854 5905 5906 5855
f 5855 5906 5907 5856
f 5856 5907 5908 5857
f 5857 5908 5909 5858
f 5858 5909 5910 5859
f 5859 5910 5911 5860
f 5860 5911 5912 5861
f 5861 5912 5913 5862
f 5862 5913 5914 5863
f 5863 5914 5915 5864
f 5864 5915 5916 5865
f 5866 5917 5918 5867
f 5867 5918 5919 5868
f 5868 5919 5920 5869
f 5869 5920 5921 5870
f 5870 5921 5922 5871
f 5871 5922 5923 5872
f 5872 5923 5924 5873
f 5873 5924 5925 5874
f 5874 5925 5926 5875
f 5875 5926 5927 5876
f 5876 5927 5928 5877
f 5877 5928 5929 5878
f 5878 5929 5930 5879
f 5879 5930 5931 5880
f 5880 5931 5932 5881
f 5881 5932 5933 5882
f 5882 5933 5934 5883
f 5883 5934 5935 5884
f 5884 5935 5936 5885
f 5885 5936 5937 5886
f 5886 5937 5938 5887
f 5887 5938 5939 5888
f 5888 5939 5940 5889
f 5889 5940 5941 5890
f 5890 5941 5942 5891
f 5891 5942 5943 5892
f 5892 5943 5944 5893
f 5893 5944 5945 5894
f 5894 5945 5946 5895
f 5895 5946 5947 5896
f 5896 5947 5948 5897
f 5897 5948 5949 5898
f 5898 5949 5950 5899
f 5899 5950 5951 5900
f 5900 5951 5952 5901
f 5901 5952 5953 5902
f 5902 5953 5954 5903
f 5903 5954 5955 5904
f 5904 5955 5956 5905
f 5905 5956 5957 5906
f 5906 5957 5958 5907
f 5907 5958 5959 5908
f 5908 5959 5960 5909
f 5909 5960 5961 5910
f 5910 5961 5962 5911
f 5911 5962 5963 5912
f 5912 5963 5964 5913
f 5913 5964 5965 5914
f 5914 5965 5966 5915
f 5915 5966 5967 5916
f 5917 5968 5969 5918
f 5918 5969 5970 5919
f 5919 5970 5971 5920
f 5920 5971 5972 5921
f 5921 5972 5973 5922
f 5922 5973 5974 5923
f 5923 5974 5975 5924
f 5924 5975 5976 5925
f 5925 5976 5977 5926
f 5926 5977 5978 5927
f 5927 5978 5979 5928
f 5928 5979 5980 5929
f 5929 5980 5981 5930
f 5930 5981 5982 5931
f 5931 5982 5983 5932
f 5932 5983 5984 5933
f 5933 5984 5985 5934
f 5934 5985 5986 5935
f 5935 5986 5987 5936
f 5936 5987 5988 5937
f 5937 5988 5989 5938
f 5938 5989 5990 5939
f 5939 5990 5991 5940
f 5940 5991 5992 5941
f 5941 5992 5993 5942
f 5942 5993 5994 5943
f 5943 5994 5995 5944
f 5944 5995 5996 5945
f 5945 5996 5997 5946
f 5946 5997 5998 5947
f 5947 5998 5999 5948
f 5948 5999 6000 5949
f 5949 6000 6001 5950
f 5950 6001 6002 5951
f 5951 6002 6003 5952
f 5952 6003 6004 5953
f 5953 6004 6005 5954
f 5954 6005 6006 5955
f 5955 6006 6007 5956
f 5956 6007 6008 5957
f 5957 6008 6009 5958
f 5958 6009 6010 5959
f 5959 6010 6011 5960
f 5960 6011 6012 5961
f 5961 6012 6013 5962
f 5962 6013 6014 5963
f 5963 6014 6015 5964
f 5964 6015 6016 5965
f 5965 6016 6017 5966
f 5966 6017 6018 5967
f 5968 6019 6020 5969
f 5969 6020 6021 5970
f 5970 6021 6022 5971
f 5971 6022 6023 5972
f 5972 6023 6024 5973
f 5973 6024 6025 5974
f 5974 6025 6026 5975
f 5975 6026 6027 5976
f 5976 6027 6028 5977
f 5977 6028 6029 5978
f 5978 6029 6030 5979
f 5979 6030 6031 5980
f 5980 6031 6032 5981
f 5981 6032 6033 5982
f 5982 6033 6034 5983
f 5983 6034 6035 5984
f 5984 6035 6036 5985
f 5985 6036 6037 5986
f 5986 6037 6038 5987
f 5987 6038 6039 5988
f 5988 6039 6040 5989
f 5989 6040 6041 5990
f 5990 6041 6042 5991
f 5991 6042 6043 5992
f 5992 6043 6044 5993
f 5993 6044 6045 5994
f 5994 6045 6046 5995
f 5995 6046 6047 5996
f 5996 6047 6048 5997
f 5997 6048 6049 5998
f 5998 6049 6050 5999
f 5999 6050 6051 6000
f 6000 6051 6052 6001
f 6001 6052 6053 6002
f 6002 6053 6054 6003
f 6003 6054 6055 6004
f 6004 6055 6056 6005
f 6005 6056 6057 6006
f 6006 6057 6058 6007
f 6007 6058 6059 6008
f 6008 6059 6060 6009
f 6009 6060 6061 6010
f 6010 6061 6062 6011
f 6011 6062 6063 6012
f 6012 6063 6064 6013
f 6013 6064 6065 6014
f 6014 6065 6066 6015
f 6015 6066 6067 6016
f 6016 6067 6068 6017
f 6017 6068 6069 6018
f 6019 6070 6071 6020
f 6020 6071 6072 6021
f 6021 6072 6073 6022
f 6022 6073 6074 6023
f 6023 6074 6075 6024
f 6024 6075 6076 6025
f 6025 6076 6077 6026
f 6026 6077 6078 6027
f 6027 6078 6079 6028
f 6028 6079 6080 6029
f 6029 6080 6081 6030
f 6030 6081 6082 6031
f 6031 6082 6083 6032
f 6032 6083 6084 6033
f 6033 6084 6085 6034
f 6034 6085 6086 6035
f 6035 6086 6087 6036
f 6036 6087 6088 6037
f 6037 6088 6089 6038
f 6038 6089 6090 6039
f 6039 6090 6091 6040
f 6040 6091 6092 6041
f 6041 6092 6093 6042
f 6042 6093 6094 6043
f 6043 6094 6095 6044
f 6044 6095 6096 6045
f 6045 6096 6097 6046
f 6046 6097 6098 6047
f 6047 6098 6099 6048
f 6048 6099 6100 6049
f 6049 6100 6101 6050
f 6050 6101 6102 6051
f 6051 6102 6103 6052
f 6052 6103 6104 6053
f 6053 6104 6105 6054
f 6054 6105 6106 6055
f 6055 6106 6107 6056
f 6056 6107 6108 6057
f 6057 6108 6109 6058
f 6058 6109 6110 6059
f 6059 6110 6111 6060
f 6060 6111 6112 6061
f 6061 6112 6113 6062
f 6062 6113 6114 6063
f 6063 6114 6115 6064
f 6064 6115 6116 6065
f 6065 6116 6117 6066
f 6066 6117 6118 6067
f 6067 6118 6119 6068
f 6068 6119 6120 6069
f 6070 6121 6122 6071
f 6071 6122 6123 6072
f 6072 6123 6124 6073
f 6073 6124 6125 6074
f 6074 6125 6126 6075
f 6075 6126 6127 6076
f 6076 6127 6128 6077
f 6077 6128 6129 6078
f 6078 6129 6130 6079
f 6079 6130 6131 6080
f 6080 6131 6132 6081
f 6081 6132 6133 6082
f 6082 6133 6134 6083
f 6083 6134 6135 6084
f 6084 6135 6136 6085
f 6085 6136 6137 6086
f 6086 6137 6138 6087
f 6087 6138 6139 6088
f 6088 6139 6140 6089
f 6089 6140 6141 6090
f 6090 6141 6142 6091
f 6091 6142 6143 6092
f 6092 6143 6144 6093
f 6093 6144 6145 6094
f 6094 6145 6146 6095
f 6095 6146 6147 6096
f 6096 6147 6148 6097
f 6097 6148 6149 6098
f 6098 6149 6150 6099
f 6099 6150 6151 6100
f 6100 6151 6152 6101
f 6101 6152 6153 6102
f 6102 6153 6154 6103
f 6103 6154 6155 6104
f 6104 6155 6156 6105
f 6105 6156 6157 6106
f 6106 6157 6158 6107
f 6107 6158 6159 6108
f 6108 6159 6160 6109
f 6109 6160 6161 6110
f 6110 6161 6162 6111
f 6111 6162 6163 6112
f 6112 6163 6164 6113
f 6113 6164 6165 6114
f 6114 6165 6166 6115
f 6115 6166 6167 6116
f 6116 6167 6168 6117
f 6117 6168 6169 6118
f 6118 6169 6170 6119
f 6119 6170 6171 6120
f 6121 6172 6173 6122
f 6122 6173 6174 6123
f 6123 6174 6175 6124
f 6124 6175 6176 6125
f 6125 6176 6177 6126
f 6126 6177 6178 6127
f 6127 6178 6179 6128
f 6128 6179 6180 6129
f 6129 6180 6181 6130
f 6130 6181 6182 6131
f 6131 6182 6183 6132
f 6132 6183 6184 6133
f 6133 6184 6185 6134
f 6134 6185 6186 6135
f 6135 6186 6187 6136
f 6136 6187 6188 6137
f 6137 6188 6189 6138
f 6138 6189 6190 6139
f 6139 6190 6191 6140
f 6140 6191 6192 6141
f 6141 6192 6193 6142
f 6142 6193 6194 6143
f 6143 6194 6195 6144
f 6144 6195 6196 6145
f 6145 6196 6197 6146
f 6146 6197 6198 6147
f 6147 6198 6199 6148
f 6148 6199 6200 6149
f 6149 6200 6201 6150
f 6150 6201 6202 6151
f 6151 6202 6203 6152
f 6152 6203 6204 6153
f 6153 6204 6205 6154
f 6154 6205 6206 6155
f 6155 6206 6207 6156
f 6156 6207 6208 6157
f 6157 6208 6209 6158
f 6158 6209 6210 6159
f 6159 6210 6211 6160
f 6160 6211 6212 6161
f 6161 6212 6213 6162
f 6162 6213 6214 6163
f 6163 6214 6215 6164
f 6164 6215 6216 6165
f 6165 6216 6217 6166
f 6166 6217 6218 6167
f 6167 6218 6219 6168
f 6168 6219 6220 6169
f 6169 6220 6221 6170
f 6170 6221 6222 6171
f 6172 6223 6224 6173
f 6173 6224 6225 6174
f 6174 6225 6226 6175
f 6175 6226 6227 6176
f 6176 6227 6228 6177
f 6177 6228 6229 6178
f 6178 6229 6230 6179
f 6179 6230 6231 6180
f 6180 6231 6232 6181
f 6181 6232 6233 6182
f 6182 6233 6234 6183
f 6183 6234 6235 6184
f 6184 6235 6236 6185
f 6185 6236 6237 6186
f 6186 6237 6238 6187
f 6187 6238 6239 6188
f 6188 6239 6240 6189
f 6189 6240 6241 6190
f 6190 6241 6242 6191
f 6191 6242 6243 6192
f 6192 6243 6244 6193
f 6193 6244 6245 6194
f 6194 6245 6246 6195
f 6195 6246 6247 6196
f 6196 6247 6248 6197
f 6197 6248 6249 6198
f 6198 6249 6250 6199
f 6199 6250 6251 6200
f 6200 6251 6252 6201
f 6201 6252 6253 6202
f 6202 6253 6254 6203
f 6203 6254 6255 6204
f 6204 6255 6256 6205
f 6205 6256 6257 6206
f 6206 6257 6258 6207
f 6207 6258 6259 6208
f 6208 6259 6260 6209
f 6209 6260 6261 6210
f 6210 6261 6262 6211
f 6211 6262 6263 6212
f 6212 6263 6264 6213
f 6213 6264 6265 6214
f 6214 6265 6266 6215
f 6215 6266 6267 6216
f 6216 6267 6268 6217
f 6217 6268 6269 6218
f 6218 6269 6270 6219
f 6219 6270 6271 6220
f 6220 6271 6272 6221
f 6221 6272 6273 6222
f 6223 6274 6275 6224
f 6224 6275 6276 6225
f 6225 6276 6277 6226
f 6226 6277 6278 6227
f 6227 6278 6279 6228
f 6228 6279 6280 6229
f 6229 6280 6281 6230
f 6230 6281 6282 6231
f 6231 6282 6283 6232
f 6232 6283 6284 6233
f 6233 6284 6285 6234
f 6234 6285 6286 6235
f 6235 6286 6287 6236
f 6236 6287 6288 6237
f 6237 6288 6289 6238
f 6238 6289 6290 6239
f 6239 6290 6291 6240
f 6240 6291 6292 6241
f 6241 6292 6293 6242
f 6242 6293 6294 6243
f 6243 6294 6295 6244
f 6244 6295 6296 6245
f 6245 6296 6297 6246
f 6246 6297 6298 6247
f 6247 6298 6299 6248
f 6248 6299 6300 6249
f 6249 6300 6301 6250
f 6250 6301 6302 6251
f 6251 6302 6303 6252
f 6252 6303 6304 6253
f 6253 6304 6305 6254
f 6254 6305 6306 6255
f 6255 6306 6307 6256
f 6256 6307 6308 6257
f 6257 6308 6309 6258
f 6258 6309 6310 6259
f 6259 6310 6311 6260
f 6260 6311 6312 6261
f 6261 6312 6313 6262
f 6262 6313 6314 6263
f 6263 6314 6315 6264
f 6264 6315 6316 6265
f 6265 6316 6317 6266
f 6266 6317 6318 6267
f 6267 6318 6319 6268
f 6268 6319 6320 6269
f 6269 6320 6321 6270
f 6270 6321 6322 6271
f 6271 6322 6323 6272
f 6272 6323 6324 6273
f 6274 6325 6326 6275
f 6275 6326 6327 6276
f 6276 6327 6328 6277
f 6277 6328 6329 6278
f 6278 6329 6330 6279
f 6279 6330 6331 6280
f 6280 6331 6332 6281
f 6281 6332 6333 6282
f 6282 6333 6334 6283
f 6283 6334 6335 6284
f 6284 6335 6336 6285
f 6285 6336 6337 6286
f 6286 6337 6338 6287
f 6287 6338 6339 6288
f 6288 6339 6340 6289
f 6289 6340 6341 6290
f 6290 6341 6342 6291
f 6291 6342 6343 6292
f 6292 6343 6344 6293
f 6293 6344 6345 6294
f 6294 6345 6346 6295
f 6295 6346 6347 6296
f 6296 6347 6348 6297
f 6297 6348 6349 6298
f 6298 6349 6350 6299
f 6299 6350 6351 6300
f 6300 6351 6352 6301
f 6301 6352 6353 6302
f 6302 6353 6354 6303
f 6303 6354 6355 6304
f 6304 6355 6356 6305
f 6305 6356 6357 6306
f 6306 6357 6358 6307
f 6307 6358 6359 6308
f 6308 6359 6360 6309
f 6309 6360 6361 6310
f 6310 6361 6362 6311
f 6311 6362 6363 6312
f 6312 6363 6364 6313
f 6313 6364 6365 6314
f 6314 6365 6366 6315
f 6315 6366 6367 6316
f 6316 6367 6368 6317
f 6317 6368 6369 6318
f 6318 6369 6370 6319
f 6319 6370 6371 6320
f 6320 6371 6372 6321
f 6321 6372 6373 6322
f 6322 6373 6374 6323
f 6323 6374 6375 6324
f 6325 6376 6377 6326
f 6326 6377 6378 6327
f 6327 6378 6379 6328
f 6328 6379 6380 6329
f 6329 6380 6381 6330
f 6330 6381 6382 6331
f 6331 6382 6383 6332
f 6332 6383 6384 6333
f 6333 6384 6385 6334
f 6334 6385 6386 6335
f 6335 6386 6387 6336
f 6336 6387 6388 6337
f 6337 6388 6389 6338
f 6338 6389 6390 6339
f 6339 6390 6391 6340
f 6340 6391 6392 6341
f 6341 6392 6393 6342
f 6342 6393 6394 6343
f 6343 6394 6395 6344
f 6344 6395 6396 6345
f 6345 6396 6397 6346
f 6346 6397 6398 6347
f 6347 6398 6399 6348
f 6348 6399 6400 6349
f 6349 6400 6401 6350
f 6350 6401 6402 6351
f 6351 6402 6403 6352
f 6352 6403 6404 6353
f 6353 6404 6405 6354
f 6354 6405 6406 6355
f 6355 6406 6407 6356
f 6356 6407 6408 6357
f 6357 6408 6409 6358
f 6358 6409 6410 6359
f 6359 6410 6411 6360
f 6360 6411 6412 6361
f 6361 6412 6413 6362
f 6362 6413 6414 6363
f 6363 6414 6415 6364
f 6364 6415 6416 6365
f 6365 6416 6417 6366
f 6366 6417 6418 6367
f 6367 6418 6419 6368
f 6368 6419 6420 6369
f 6369 6420 6421 6370
f 6370 6421 6422 6371
f 6371 6422 6423 6372
f 6372 6423 6424 6373
f 6373 6424 6425 6374
f 6374 6425 6426 6375
f 6376 6427 6428 6377
f 6377 6428 6429 6378
f 6378 6429 6430 6379
f 6379 6430 6431 6380
f 6380 6431 6432 6381
f 6381 6432 6433 6382
f 6382 6433 6434 6383
f 6383 6434 6435 6384
f 6384 6435 6436 6385
f 6385 6436 6437 6386
f 6386 6437 6438 6387
f 6387 6438 6439 6388
f 6388 6439 6440 6389
f 6389 6440 6441 6390
f 6390 6441 6442 6391
f 6391 6442 6443 6392
f 6392 6443 6444 6393
f 6393 6444 6445 6394
f 6394 6445 6446 6395
f 6395 6446 6447 6396
f 6396 6447 6448 6397
f 6397 6448 6449 6398
f 6398 6449 6450 6399
f 6399 6450 6451 6400
f 6400 6451 6452 6401
f 6401 6452 6453 6402
f 6402 6453 6454 6403
f 6403 6454 6455 6404
f 6404 6455 6456 6405
f 6405 6456 6457 6406
f 6406 6457 6458 6407
f 6407 6458 6459 6408
f 6408 6459 6460 6409
f 6409 6460 6461 6410
f 6410 6461 6462 6411
f 6411 6462 6463 6412
f 6412 6463 6464 6413
f 6413 6464 6465 6414
f 6414 6465 6466 6415
f 6415 6466 6467 6416
f 6416 6467 6468 6417
f 6417 6468 6469 6418
f 6418 6469 6470 6419
f 6419 6470 6471 6420
f 6420 6471 6472 6421
f 6421 6472 6473 6422
f 6422 6473 6474 6423
f 6423 6474 6475 6424
f 6424 6475 6476 6425
f 6425 6476 6477 6426
f 6427 6478 6479 6428
f 6428 6479 6480 6429
f 6429 6480 6481 6430
f 6430 6481 6482 6431
f 6431 6482 6483 6432
f 6432 6483 6484 6433
f 6433 6484 6485 6434
f 6434 6485 6486 6435
f 6435 6486 6487 6436
f 6436 6487 6488 6437
f 6437 6488 6489 6438
f 6438 6489 6490 6439
f 6439 6490 6491 6440
f 6440 6491 6492 6441
f 6441 6492 6493 6442
f 6442 6493 6494 6443
f 6443 6494 6495 6444
f 6444 6495 6496 6445
f 6445 6496 6497 6446
f 6446 6497 6498 6447
f 6447 6498 6499 6448
f 6448 6499 6500 6449
f 6449 6500 6501 6450
f 6450 6501 6502 6451
f 6451 6502 6503 6452
f 6452 6503 6504 6453
f 6453 6504 6505 6454
f 6454 6505 6506 6455
f 6455 6506 6507 6456
f 6456 6507 6508 6457
f 6457 6508 6509 6458
f 6458 6509 6510 6459
f 6459 6510 6511 6460
f 6460 6511 6512 6461
f 6461 6512 6513 6462
f 6462 6513 6514 6463
f 6463 6514 6515 6464
f 6464 6515 6516 6465
f 6465 6516 6517 6466
f 6466 6517 6518 6467
f 6467 6518 6519 6468
f 6468 6519 6520 6469
f 6469 6520 6521 6470
f 6470 6521 6522 6471
f 6471 6522 6523 6472
f 6472 6523 6524 6473
f 6473 6524 6525 6474
f 6474 6525 6526 6475
f 6475 6526 6527 6476
f 6476 6527 6528 6477
f 6478 6529 6530 6479
f 6479 6530 6531 6480
f 6480 6531 6532 6481
f 6481 6532 6533 6482
f 6482 6533 6534 6483
f 6483 6534 6535 6484
f 6484 6535 6536 6485
f 6485 6536 6537 6486
f 6486 6537 6538 6487
f 6487 6538 6539 6488
f 6488 6539 6540 6489
f 6489 6540 6541 6490
f 6490 6541 6542 6491
f 6491 6542 6543 6492
f 6492 6543 6544 6493
f 6493 6544 6545 6494
f 6494 6545 6546 6495
f 6495 6546 6547 6496
f 6496 6547 6548 6497
f 6497 6548 6549 6498
f 6498 6549 6550 6499
f 6499 6550 6551 6500
f 6500 6551 6552 6501
f 6501 6552 6553 6502
f 6502 6553 6554 6503
f 6503 6554 6555 6504
f 6504 6555 6556 6505
f 6505 6556 6557 6506
f 6506 6557 6558 6507
f 6507 6558 6559 6508
f 6508 6559 6560 6509
f 6509 6560 6561 6510
f 6510 6561 6562 6511
f 6511 6562 6563 6512
f 6512 6563 6564 6513
f 6513 6564 6565 6514
f 6514 6565 6566 6515
f 6515 6566 6567 6516
f 6516 6567 6568 6517
f 6517 6568 6569 6518
f 6518 6569 6570 6519
f 6519 6570 6571 6520
f 6520 6571 6572 6521
f 6521 6572 6573 6522
f 6522 6573 6574 6523
f 6523 6574 6575 6524
f 6524 6575 6576 6525
f 6525 6576 6577 6526
f 6526 6577 6578 6527
f 6527 6578 6579 6528
f 6529 6580 6581 6530
f 6530 6581 6582 6531
f 6531 6582 6583 6532
f 6532 6583 6584 6533
f 6533 6584 6585 6534
f 6534 6585 6586 6535
f 6535 6586 6587 6536
f 6536 6587 6588 6537
f 6537 6588 6589 6538
f 6538 6589 6590 6539
f 6539 6590 6591 6540
f 6540 6591 6592 6541
f 6541 6592 6593 6542
f 6542 6593 6594 6543
f 6543 6594 6595 6544
f 6544 6595 6596 6545
f 6545 6596 6597 6546
f 6546 6597 6598 6547
f 6547 6598 6599 6548
f 6548 6599 6600 6549
f 6549 6600 6601 6550
f 6550 6601 6602 6551
f 6551 6602 6603 6552
f 6552 6603 6604 6553
f 6553 6604 6605 6554
f 6554 6605 6606 6555
f 6555 6606 6607 6556
f 6556 6607 6608 6557
f 6557 6608 6609 6558
f 6558 6609 6610 6559
f 6559 6610 6611 6560
f 6560 6611 6612 6561
f 6561 6612 6613 6562
f 6562 6613 6614 6563
f 6563 6614 6615 6564
f 6564 6615 6616 6565
f 6565 6616 6617 6566
f 6566 6617 6618 6567
f 6567 6618 6619 6568
f 6568 6619 6620 6569
f 6569 6620 6621 6570
f 6570 6621 6622 6571
f 6571 6622 6623 6572
f 6572 6623 6624 6573
f 6573 6624 6625 6574
f 6574 6625 6626 6575
f 6575 6626 6627 6576
f 6576 6627 6628 6577
f 6577 6628 6629 6578
f 6578 6629 6630 6579
f 6580 6631 6632 6581
f 6581 6632 6633 6582
f 6582 6633 6634 6583
f 6583 6634 6635 6584
f 6584 6635 6636 6585
f 6585 6636 6637 6586
f 6586 6637 6638 6587
f 6587 6638 6639 6588
f 6588 6639 6640 6589
f 6589 6640 6641 6590
f 6590 6641 6642 6591
f 6591 6642 6643 6592
f 6592 6643 6644 6593
f 6593 6644 6645 6594
f 6594 6645 6646 6595
f 6595 6646 6647 6596
f 6596 6647 6648 6597
f 6597 6648 6649 6598
f 6598 6649 6650 6599
f 6599 6650 6651 6600
f 6600 6651 6652 6601
f 6601 6652 6653 6602
f 6602 6653 6654 6603
f 6603 6654 6655 6604
f 6604 6655 6656 6605
f 6605 6656 6657 6606
f 6606 6657 6658 6607
f 6607 6658 6659 6608
f 6608 6659 6660 6609
f 6609 6660 6661 6610
f 6610 6661 6662 6611
f 6611 6662 6663 6612
f 6612 6663 6664 6613
f 6613 6664 6665 6614
f 6614 6665 6666 6615
f 6615 6666 6667 6616
f 6616 6667 6668 6617
f 6617 6668 6669 6618
f 6618 6669 6670 6619
f 6619 6670 6671 6620
f 6620 6671 6672 6621
f 6621 6672 6673 6622
f 6622 6673 6674 6623
f 6623 6674 6675 6624
f 6624 6675 6676 6625
f 6625 6676 6677 6626
f 6626 6677 6678 6627
f 6627 6678 6679 6628
f 6628 6679 6680 6629
f 6629 6680 6681 6630
f 6631 6682 6683 6632
f 6632 6683 6684 6633
f 6633 6684 6685 6634
f 6634 6685 6686 6635
f 6635 6686 6687 6636
f 6636 6687 6688 6637
f 6637 6688 6689 6638
f 6638 6689 6690 6639
f 6639 6690 6691 6640
f 6640 6691 6692 6641
f 6641 6692 6693 6642
f 6642 6693 6694 6643
f 6643 6694 6695 6644
f 6644 6695 6696 6645
f 6645 6696 6697 6646
f 6646 6697 6698 6647
f 6647 6698 6699 6648
f 6648 6699 6700 6649
f 6649 6700 6701 6650
f 6650 6701 6702 6651
f 6651 6702 6703 6652
f 6652 6703 6704 6653
f 6653 6704 6705 6654
f 6654 6705 6706 6655
f 6655 6706 6707 6656
f 6656 6707 6708 6657
f 6657 6708 6709 6658
f 6658 6709 6710 6659
f 6659 6710 6711 6660
f 6660 6711 6712 6661
f 6661 6712 6713 6662
f 6662 6713 6714 6663
f 6663 6714 6715 6664
f 6664 6715 6716 6665
f 6665 6716 6717 6666
f 6666 6717 6718 6667
f 6667 6718 6719 6668
f 6668 6719 6720 6669
f 6669 6720 6721 6670
f 6670 6721 6722 6671
f 6671 6722 6723 6672
f 6672 6723 6724 6673
f 6673 6724 6725 6674
f 6674 6725 6726 6675
f 6675 6726 6727 6676
f 6676 6727 6728 6677
f 6677 6728 6729 6678
f 6678 6729 6730 6679
f 6679 6730 6731 6680
f 6680 6731 6732 6681
f 6682 6733 6734 6683
f 6683 6734 6735 6684
f 6684 6735 6736 6685
f 6685 6736 6737 6686
f 6686 6737 6738 6687
f 6687 6738 6739 6688
f 6688 6739 6740 6689
f 6689 6740 6741 6690
f 6690 6741 6742 6691
f 6691 6742 6743 6692
f 6692 6743 6744 6693
f 6693 6744 6745 6694
f 6694 6745 6746 6695
f 6695 6746 6747 6696
f 6696 6747 6748 6697
f 6697 6748 6749 6698
f 6698 6749 6750 6699
f 6699 6750 6751 6700
f 6700 6751 6752 6701
f 6701 6752 6753 6702
f 6702 6753 6754 6703
f 6703 6754 6755 6704
f 6704 6755 6756 6705
f 6705 6756 6757 6706
f 6706 6757 6758 6707
f 6707 6758 6759 6708
f 6708 6759 6760 6709
f 6709 6760 6761 6710
f 6710 6761 6762 6711
f 6711 6762 6763 6712
f 6712 6763 6764 6713
f 6713 6764 6765 6714
f 6714 6765 6766 6715
f 6715 6766 6767 6716
f 6716 6767 6768 6717
f 6717 6768 6769 6718
f 6718 6769 6770 6719
f 6719 6770 6771 6720
f 6720 6771 6772 6721
f 6721 6772 6773 6722
f 6722 6773 6774 6723
f 6723 6774 6775 6724
f 6724 6775 6776 6725
f 6725 6776 6777 6726
f 6726 6777 6778 6727
f 6727 6778 6779 6728
f 6728 6779 6780 6729
f 6729 6780 6781 6730
f 6730 6781 6782 6731
f 6731 6782 6783 6732
f 6733 6784 6785 6734
f 6734 6785 6786 6735
f 6735 6786 6787 6736
f 6736 6787 6788 6737
f 6737 6788 6789 6738
f 6738 6789 6790 6739
f 6739 6790 6791 6740
f 6740 6791 6792 6741
f 6741 6792 6793 6742
f 6742 6793 6794 6743
f 6743 6794 6795 6744
f 6744 6795 6796 6745
f 6745 6796 6797 6746
f 6746 6797 6798 6747
f 6747 6798 6799 6748
f 6748 6799 6800 6749
f 6749 6800 6801 6750
f 6750 6801 6802 6751
f 6751 6802 6803 6752
f 6752 6803 6804 6753
f 6753 6804 6805 6754
f 6754 6805 6806 6755
f 6755 6806 6807 6756
f 6756 6807 6808 6757
f 6757 6808 6809 6758
f 6758 6809 6810 6759
f 6759 6810 6811 6760
f 6760 6811 6812 6761
f 6761 6812 6813 6762
f 6762 6813 6814 6763
f 6763 6814 6815 6764
f 6764 6815 6816 6765
f 6765 6816 6817 6766
f 6766 6817 6818 6767
f 6767 6818 6819 6768
f 6768 6819 6820 6769
f 6769 6820 6821 6770
f 6770 6821 6822 6771
f 6771 6822 6823 6772
f 6772 6823 6824 6773
f 6773 6824 6825 6774
f 6774 6825 6826 6775
f 6775 6826 6827 6776
f 6776 6827 6828 6777
f 6777 6828 6829 6778
f 6778 6829 6830 6779
f 6779 6830 6831 6780
f 6780 6831 6832 6781
f 6781 6832 6833 6782
f 6782 6833 6834 6783
f 6784 6835 6836 6785
f 6785 6836 6837 6786
f 6786 6837 6838 6787
f 6787 6838 6839 6788
f 6788 6839 6840 6789
f 6789 6840 6841 6790
f 6790 6841 6842 6791
f 6791 6842 6843 6792
f 6792 6843 6844 6793
f 6793 6844 6845 6794
f 6794 6845 6846 6795
f 6795 6846 6847 6796
f 6796 6847 6848 6797
f 6797 6848 6849 6798
f 6798 6849 6850 6799
f 6799 6850 6851 6800
f 6800 6851 6852 6801
f 6801 6852 6853 6802
f 6802 6853 6854 6803
f 6803 6854 6855 6804
f 6804 6855 6856 6805
f 6805 6856 6857 6806
f 6806 6857 6858 6807
f 6807 6858 6859 6808
f 6808 6859 6860 6809
f 6809 6860 6861 6810
f 6810 6861 6862 6811
f 6811 6862 6863 6812
f 6812 6863 6864 6813
f 6813 6864 6865 6814
f 6814 6865 6866 6815
f 6815 6866 6867 6816
f 6816 6867 6868 6817
f 6817 6868 6869 6818
f 6818 6869 6870 6819
f 6819 6870 6871 6820
f 6820 6871 6872 6821
f 6821 6872 6873 6822
f 6822 6873 6874 6823
f 6823 6874 6875 6824
f 6824 6875 6876 6825
f 6825 6876 6877 6826
f 6826 6877 6878 6827
f 6827 6878 6879 6828
f 6828 6879 6880 6829
f 6829 6880 6881 6830
f 6830 6881 6882 6831
f 6831 6882 6883 6832
f 6832 6883 6884 6833
f 6833 6884 6885 6834
f 6835 6886 6887 6836
f 6836 6887 6888 6837
f 6837 6888 6889 6838
f 6838 6889 6890 6839
f 6839 6890 6891 6840
f 6840 6891 6892 6841
f 6841 6892 6893 6842
f 6842 6893 6894 6843
f 6843 6894 6895 6844
f 6844 6895 6896 6845
f 6845 6896 6897 6846
f 6846 6897 6898 6847
f 6847 6898 6899 6848
f 6848 6899 6900 6849
f 6849 6900 6901 6850
f 6850 6901 6902 6851
f 6851 6902 6903 6852
f 6852 6903 6904 6853
f 6853 6904 6905 6854
f 6854 6905 6906 6855
f 6855 6906 6907 6856
f 6856 6907 6908 6857
f 6857 6908 6909 6858
f 6858 6909 6910 6859
f 6859 6910 6911 6860
f 6860 6911 6912 6861
f 6861 6912 6913 6862
f 6862 6913 6914 6863
f 6863 6914 6915 6864
f 6864 6915 6916 6865
f 6865 6916 6917 6866
f 6866 6917 6918 6867
f 6867 6918 6919 6868
f 6868 6919 6920 6869
f 6869 6920 6921 6870
f 6870 6921 6922 6871
f 6871 6922 6923 6872
f 6872 6923 6924 6873
f 6873 6924 6925 6874
f 6874 6925 6926 6875
f 6875 6926 6927 6876
f 6876 6927 6928 6877
f 6877 6928 6929 6878
f 6878 6929 6930 6879
f 6879 6930 6931 6880
f 6880 6931 6932 6881
f 6881 6932 6933 6882
f 6882 6933 6934 6883
f 6883 6934 6935 6884
f 6884 6935 6936 6885
f 6886 6937 6938 6887
f 6887 6938 6939 6888
f 6888 6939 6940 6889
f 6889 6940 6941 6890
f 6890 6941 6942 6891
f 6891 6942 6943 6892
f 6892 6943 6944 6893
f 6893 6944 6945 6894
f 6894 6945 6946 6895
f 6895 6946 6947 6896
f 6896 6947 6948 6897
f 6897 6948 6949 6898
f 6898 6949 6950 6899
f 6899 6950 6951 6900
f 6900 6951 6952 6901
f 6901 6952 6953 6902
f 6902 6953 6954 6903
f 6903 6954 6955 6904
f 6904 6955 6956 6905
f 6905 6956 6957 6906
f 6906 6957 6958 6907
f 6907 6958 6959 6908
f 6908 6959 6960 6909
f 6909 6960 6961 6910
f 6910 6961 6962 6911
f 6911 6962 6963 6912
f 6912 6963 6964 6913
f 6913 6964 6965 6914
f 6914 6965 6966 6915
f 6915 6966 6967 6916
f 6916 6967 6968 6917
f 6917 6968 6969 6918
f 6918 6969 6970 6919
f 6919 6970 6971 6920
f 6920 6971 6972 6921
f 6921 6972 6973 6922
f 6922 6973 6974 6923
f 6923 6974 6975 6924
f 6924 6975 6976 6925
f 6925 6976 6977 6926
f 6926 6977 6978 6927
f 6927 6978 6979 6928
f 6928 6979 6980 6929
f 6929 6980 6981 6930
f 6930 6981 6982 6931
f 6931 6982 6983 6932
f 6932 6983 6984 6933
f 6933 6984 6985 6934
f 6934 6985 6986 6935
f 6935 6986 6987 6936
f 6937 6988 6989 6938
f 6938 6989 6990 6939
f 6939 6990 6991 6940
f 6940 6991 6992 6941
f 6941 6992 6993 6942
f 6942 6993 6994 6943
f 6943 6994 6995 6944
f 6944 6995 6996 6945
f 6945 6996 6997 6946
f 6946 6997 6998 6947
f 6947 6998 6999 6948
f 6948 6999 7000 6949
f 6949 7000 7001 6950
f 6950 7001 7002 6951
f 6951 7002 7003 6952
f 6952 7003 7004 6953
f 6953 7004 7005 6954
f 6954 7005 7006 6955
f 6955 7006 7007 6956
f 6956 7007 7008 6957
f 6957 7008 7009 6958
f 6958 7009 7010 6959
f 6959 7010 7011 6960
f 6960 7011 7012 6961
f 6961 7012 7013 6962
f 6962 7013 7014 6963
f 6963 7014 7015 6964
f 6964 7015 7016 6965
f 6965 7016 7017 6966
f 6966 7017 7018 6967
f 6967 7018 7019 6968
f 6968 7019 7020 6969
f 6969 7020 7021 6970
f 6970 7021 7022 6971
f 6971 7022 7023 6972
f 6972 7023 7024 6973
f 6973 7024 7025 6974
f 6974 7025 7026 6975
f 6975 7026 7027 6976
f 6976 7027 7028 6977
f 6977 7028 7029 6978
f 6978 7029 7030 6979
f 6979 7030 7031 6980
f 6980 7031 7032 6981
f 6981 7032 7033 6982
f 6982 7033 7034 6983
f 6983 7034 7035 6984
f 6984 7035 7036 6985
f 6985 7036 7037 6986
f 6986 7037 7038 6987
f 6988 7039 7040 6989
f 6989 7040 7041 6990
f 6990 7041 7042 6991
f 6991 7042 7043 6992
f 6992 7043 7044 6993
f 6993 7044 7045 6994
f 6994 7045 7046 6995
f 6995 7046 7047 6996
f 6996 7047 7048 6997
f 6997 7048 7049 6998
f 6998 7049 7050 6999
f 6999 7050 7051 7000
f 7000 7051 7052 7001
f 7001 7052 7053 7002
f 7002 7053 7054 7003
f 7003 7054 7055 7004
f 7004 7055 7056 7005
f 7005 7056 7057 7006
f 7006 7057 7058 7007
f 7007 7058 7059 7008
f 7008 7059 7060 7009
f 7009 7060 7061 7010
f 7010 7061 7062 7011
f 7011 7062 7063 7012
f 7012 7063 7064 7013
f 7013 7064 7065 7014
f 7014 7065 7066 7015
f 7015 7066 7067 7016
f 7016 7067 7068 7017
f 7017 7068 7069 7018
f 7018 7069 7070 7019
f 7019 7070 7071 7020
f 7020 7071 7072 7021
f 7021 7072 7073 7022
f 7022 7073 7074 7023
f 7023 7074 7075 7024
f 7024 7075 7076 7025
f 7025 7076 7077 7026
f 7026 7077 7078 7027
f 7027 7078 7079 7028
f 7028 7079 7080 7029
f 7029 7080 7081 7030
f 7030 7081 7082 7031
f 7031 7082 7083 7032
f 7032 7083 7084 7033
f 7033 7084 7085 7034
f 7034 7085 7086 7035
f 7035 7086 7087 7036
f 7036 7087 7088 7037
f 7037 7088 7089 7038
f 7039 7090 7091 7040
f 7040 7091 7092 7041
f 7041 7092 7093 7042
f 7042 7093 7094 7043
f 7043 7094 7095 7044
f 7044 7095 7096 7045
f 7045 7096 7097 7046
f 7046 7097 7098 7047
f 7047 7098 7099 7048
f 7048 7099 7100 7049
f 7049 7100 7101 7050
f 7050 7101 7102 7051
f 7051 7102 7103 7052
f 7052 7103 7104 7053
f 7053 7104 7105 7054
f 7054 7105 7106 7055
f 7055 7106 7107 7056
f 7056 7107 7108 7057
f 7057 7108 7109 7058
f 7058 7109 7110 7059
f 7059 7110 7111 7060
f 7060 7111 7112 7061
f 7061 7112 7113 7062
f 7062 7113 7114 7063
f 7063 7114 7115 7064
f 7064 7115 7116 7065
f 7065 7116 7117 7066
f 7066 7117 7118 7067
f 7067 7118 7119 7068
f 7068 7119 7120 7069
f 7069 7120 7121 7070
f 7070 7121 7122 7071
f 7071 7122 7123 7072
f 7072 7123 7124 7073
f 7073 7124 7125 7074
f 7074 7125 7126 7075
f 7075 7126 7127 7076
f 7076 7127 7128 7077
f 7077 7128 7129 7078
f 7078 7129 7130 7079
f 7079 7130 7131 7080
f 7080 7131 7132 7081
f 7081 7132 7133 7082
f 7082 7133 7134 7083
f 7083 7134 7135 7084
f 7084 7135 7136 7085
f 7085 7136 7137 7086
f 7086 7137 7138 7087
f 7087 7138 7139 7088
f 7088 7139 7140 7089
f 7090 7141 7142 7091
f 7091 7142 7143 7092
f 7092 7143 7144 7093
f 7093 7144 7145 7094
f 7094 7145 7146 7095
f 7095 7146 7147 7096
f 7096 7147 7148 7097
f 7097 7148 7149 7098
f 7098 7149 7150 7099
f 7099 7150 7151 7100
f 7100 7151 7152 7101
f 7101 7152 7153 7102
f 7102 7153 7154 7103
f 7103 7154 7155 7104
f 7104 7155 7156 7105
f 7105 7156 7157 7106
f 7106 7157 7158 7107
f 7107 7158 7159 7108
f 7108 7159 7160 7109
f 7109 7160 7161 7110
f 7110 7161 7162 7111
f 7111 7162 7163 7112
f 7112 7163 7164 7113
f 7113 7164 7165 7114
f 7114 7165 7166 7115
f 7115 7166 7167 7116
f 7116 7167 7168 7117
f 7117 7168 7169 7118
f 7118 7169 7170 7119
f 7119 7170 7171 7120
f 7120 7171 7172 7121
f 7121 7172 7173 7122
f 7122 7173 7174 7123
f 7123 7174 7175 7124
f 7124 7175 7176 7125
f 7125 7176 7177 7126
f 7126 7177 7178 7127
f 7127 7178 7179 7128
f 7128 7179 7180 7129
f 7129 7180 7181 7130
f 7130 7181 7182 7131
f 7131 7182 7183 7132
f 7132 7183 7184 7133
f 7133 7184 7185 7134
f 7134 7185 7186 7135
f 7135 7186 7187 7136
f 7136 7187 7188 7137
f 7137 7188 7189 7138
f 7138 7189 7190 7139
f 7139 7190 7191 7140
f 7141 7192 7193 7142
f 7142 7193 7194 7143
f 7143 7194 7195 7144
f 7144 7195 7196 7145
f 7145 7196 7197 7146
f 7146 7197 7198 7147
f 7147 7198 7199 7148
f 7148 7199 7200 7149
f 7149 7200 7201 7150
f 7150 7201 7202 7151
f 7151 7202 7203 7152
f 7152 7203 7204 7153
f 7153 7204 7205 7154
f 7154 7205 7206 7155
f 7155 7206 7207 7156
f 7156 7207 7208 7157
f 7157 7208 7209 7158
f 7158 7209 7210 7159
f 7159 7210 7211 7160
f 7160 7211 7212 7161
f 7161 7212 7213 7162
f 7162 7213 7214 7163
f 7163 7214 7215 7164
f 7164 7215 7216 7165
f 7165 7216 7217 7166
f 7166 7217 7218 7167
f 7167 7218 7219 7168
f 7168 7219 7220 7169
f 7169 7220 7221 7170
f 7170 7221 7222 7171
f 7171 7222 7223 7172
f 7172 7223 7224 7173
f 7173 7224 7225 7174
f 7174 7225 7226 7175
f 7175 7226 7227 7176
f 7176 7227 7228 7177
f 7177 7228 7229 7178
f 7178 7229 7230 7179
f 7179 7230 7231 7180
f 7180 7231 7232 7181
f 7181 7232 7233 7182
f 7182 7233 7234 7183
f 7183 7234 7235 7184
f 7184 7235 7236 7185
f 7185 7236 7237 7186
f 7186 7237 7238 7187
f 7187 7238 7239 7188
f 7188 7239 7240 7189
f 7189 7240 7241 7190
f 7190 7241 7242 7191
f 7192 7243 7244 7193
f 7193 7244 7245 7194
f 7194 7245 7246 7195
f 7195 7246 7247 7196
f 7196 7247 7248 7197
f 7197 7248 7249 7198
f 7198 7249 7250 7199
f 7199 7250 7251 7200
f 7200 7251 7252 7201
f 7201 7252 7253 7202
f 7202 7253 7254 7203
f 7203 7254 7255 7204
f 7204 7255 7256 7205
f 7205 7256 7257 7206
f 7206 7257 7258 7207
f 7207 7258 7259 7208
f 7208 7259 7260 7209
f 7209 7260 7261 7210
f 7210 7261 7262 7211
f 7211 7262 7263 7212
f 7212 7263 7264 7213
f 7213 7264 7265 7214
f 7214 7265 7266 7215
f 7215 7266 7267 7216
f 7216 7267 7268 7217
f 7217 7268 7269 7218
f 7218 7269 7270 7219
f 7219 7270 7271 7220
f 7220 7271 7272 7221
f 7221 7272 7273 7222
f 7222 7273 7274 7223
f 7223 7274 7275 7224
f 7224 7275 7276 7225
f 7225 7276 7277 7226
f 7226 7277 7278 7227
f 7227 7278 7279 7228
f 7228 7279 7280 7229
f 7229 7280 7281 7230
f 7230 7281 7282 7231
f 7231 7282 7283 7232
f 7232 7283 7284 7233
f 7233 7284 7285 7234
f 7234 7285 7286 7235
f 7235 7286 7287 7236
f 7236 7287 7288 7237
f 7237 7288 7289 7238
f 7238 7289 7290 7239
f 7239 7290 7291 7240
f 7240 7291 7292 7241
f 7241 7292 7293 7242
f 7243 7294 7295 7244
f 7244 7295 7296 7245
f 7245 7296 7297 7246
f 7246 7297 7298 7247
f 7247 7298 7299 7248
f 7248 7299 7300 7249
f 7249 7300 7301 7250
f 7250 7301 7302 7251
f 7251 7302 7303 7252
f 7252 7303 7304 7253
f 7253 7304 7305 7254
f 7254 7305 7306 7255
f 7255 7306 7307 7256
f 7256 7307 7308 7257
f 7257 7308 7309 7258
f 7258 7309 7310 7259
f 7259 7310 7311 7260
f 7260 7311 7312 7261
f 7261 7312 7313 7262
f 7262 7313 7314 7263
f 7263 7314 7315 7264
f 7264 7315 7316 7265
f 7265 7316 7317 7266
f 7266 7317 7318 7267
f 7267 7318 7319 7268
f 7268 7319 7320 7269
f 7269 7320 7321 7270
f 7270 7321 7322 7271
f 7271 7322 7323 7272
f 7272 7323 7324 7273
f 7273 7324 7325 7274
f 7274 7325 7326 7275
f 7275 7326 7327 7276
f 7276 7327 7328 7277
f 7277 7328 7329 7278
f 7278 7329 7330 7279
f 7279 7330 7331 7280
f 7280 7331 7332 7281
f 7281 7332 7333 7282
f 7282 7333 7334 7283
f 7283 7334 7335 7284
f 7284 7335 7336 7285
f 7285 7336 7337 7286
f 7286 7337 7338 7287
f 7287 7338 7339 7288
f 7288 7339 7340 7289
f 7289 7340 7341 7290
f 7290 7341 7342 7291
f 7291 7342 7343 7292
f 7292 7343 7344 7293
f 7294 7345 7346 7295
f 7295 7346 7347 7296
f 7296 7347 7348 7297
f 7297 7348 7349 7298
f 7298 7349 7350 7299
f 7299 7350 7351 7300
f 7300 7351 7352 7301
f 7301 7352 7353 7302
f 7302 7353 7354 7303
f 7303 7354 7355 7304
f 7304 7355 7356 7305
f 7305 7356 7357 7306
f 7306 7357 7358 7307
f 7307 7358 7359 7308
f 7308 7359 7360 7309
f 7309 7360 7361 7310
f 7310 7361 7362 7311
f 7311 7362 7363 7312
f 7312 7363 7364 7313
f 7313 7364 7365 7314
f 7314 7365 7366 7315
f 7315 7366 7367 7316
f 7316 7367 7368 7317
f 7317 7368 7369 7318
f 7318 7369 7370 7319
f 7319 7370 7371 7320
f 7320 7371 7372 7321
f 7321 7372 7373 7322
f 7322 7373 7374 7323
f 7323 7374 7375 7324
f 7324 7375 7376 7325
f 7325 7376 7377 7326
f 7326 7377 7378 7327
f 7327 7378 7379 7328
f 7328 7379 7380 7329
f 7329 7380 7381 7330
f 7330 7381 7382 7331
f 7331 7382 7383 7332
f 7332 7383 7384 7333
f 7333 7384 7385 7334
f 7334 7385 7386 7335
f 7335 7386 7387 7336
f 7336 7387 7388 7337
f 7337 7388 7389 7338
f 7338 7389 7390 7339
f 7339 7390 7391 7340
f 7340 7391 7392 7341
f 7341 7392 7393 7342
f 7342 7393 7394 7343
f 7343 7394 7395 7344
f 7345 7396 7397 7346
f 7346 7397 7398 7347
f 7347 7398 7399 7348
f 7348 7399 7400 7349
f 7349 7400 7401 7350
f 7350 7401 7402 7351
f 7351 7402 7403 7352
f 7352 7403 7404 7353
f 7353 7404 7405 7354
f 7354 7405 7406 7355
f 7355 7406 7407 7356
f 7356 7407 7408 7357
f 7357 7408 7409 7358
f 7358 7409 7410 7359
f 7359 7410 7411 7360
f 7360 7411 7412 7361
f 7361 7412 7413 7362
f 7362 7413 7414 7363
f 7363 7414 7415 7364
f 7364 7415 7416 7365
f 7365 7416 7417 7366
f 7366 7417 7418 7367
f 7367 7418 7419 7368
f 7368 7419 7420 7369
f 7369 7420 7421 7370
f 7370 7421 7422 7371
f 7371 7422 7423 7372
f 7372 7423 7424 7373
f 7373 7424 7425 7374
f 7374 7425 7426 7375
f 7375 7426 7427 7376
f 7376 7427 7428 7377
f 7377 7428 7429 7378
f 7378 7429 7430 7379
f 7379 7430 7431 7380
f 7380 7431 7432 7381
f 7381 7432 7433 7382
f 7382 7433 7434 7383
f 7383 7434 7435 7384
f 7384 7435 7436 7385
f 7385 7436 7437 7386
f 7386 7437 7438 7387
f 7387 7438 7439 7388
f 7388 7439 7440 7389
f 7389 7440 7441 7390
f 7390 7441 7442 7391
f 7391 7442 7443 7392
f 7392 7443 7444 7393
f 7393 7444 7445 7394
f 7394 7445 7446 7395
f 7396 7447 7448 7397
f 7397 7448 7449 7398
f 7398 7449 7450 7399
f 7399 7450 7451 7400
f 7400 7451 7452 7401
f 7401 7452 7453 7402
f 7402 7453 7454 7403
f 7403 7454 7455 7404
f 7404 7455 7456 7405
f 7405 7456 7457 7406
f 7406 7457 7458 7407
f 7407 7458 7459 7408
f 7408 7459 7460 7409
f 7409 7460 7461 7410
f 7410 7461 7462 7411
f 7411 7462 7463 7412
f 7412 7463 7464 7413
f 7413 7464 7465 7414
f 7414 7465 7466 7415
f 7415 7466 7467 7416
f 7416 7467 7468 7417
f 7417 7468 7469 7418
f 7418 7469 7470 7419
f 7419 7470 7471 7420
f 7420 7471 7472 7421
f 7421 7472 7473 7422
f 7422 7473 7474 7423
f 7423 7474 7475 7424
f 7424 7475 7476 7425
f 7425 7476 7477 7426
f 7426 7477 7478 7427
f 7427 7478 7479 7428
f 7428 7479 7480 7429
f 7429 7480 7481 7430
f 7430 7481 7482 7431
f 7431 7482 7483 7432
f 7432 7483 7484 7433
f 7433 7484 7485 7434
f 7434 7485 7486 7435
f 7435 7486 7487 7436
f 7436 7487 7488 7437
f 7437 7488 7489 7438
f 7438 7489 7490 7439
f 7439 7490 7491 7440
f 7440 7491 7492 7441
f 7441 7492 7493 7442
f 7442 7493 7494 7443
f 7443 7494 7495 7444
f 7444 7495 7496 7445
f 7445 7496 7497 7446
f 7447 7498 7499 7448
f 7448 7499 7500 7449
f 7449 7500 7501 7450
f 7450 7501 7502 7451
f 7451 7502 7503 7452
f 7452 7503 7504 7453
f 7453 7504 7505 7454
f 7454 7505 7506 7455
f 7455 7506 7507 7456
f 7456 7507 7508 7457
f 7457 7508 7509 7458
f 7458 7509 7510 7459
f 7459 7510 7511 7460
f 7460 7511 7512 7461
f 7461 7512 7513 7462
f 7462 7513 7514 7463
f 7463 7514 7515 7464
f 7464 7515 7516 7465
f 7465 7516 7517 7466
f 7466 7517 7518 7467
f 7467 7518 7519 7468
f 7468 7519 7520 7469
f 7469 7520 7521 7470
f 7470 7521 7522 7471
f 7471 7522 7523 7472
f 7472 7523 7524 7473
f 7473 7524 7525 7474
f 7474 7525 7526 7475
f 7475 7526 7527 7476
f 7476 7527 7528 7477
f 7477 7528 7529 7478
f 7478 7529 7530 7479
f 7479 7530 7531 7480
f 7480 7531 7532 7481
f 7481 7532 7533 7482
f 7482 7533 7534 7483
f 7483 7534 7535 7484
f 7484 7535 7536 7485
f 7485 7536 7537 7486
f 7486 7537 7538 7487
f 7487 7538 7539 7488
f 7488 7539 7540 7489
f 7489 7540 7541 7490
f 7490 7541 7542 7491
f 7491 7542 7543 7492
f 7492 7543 7544 7493
f 7493 7544 7545 7494
f 7494 7545 7546 7495
f 7495 7546 7547 7496
f 7496 7547 7548 7497
f 7498 7549 7550 7499
f 7499 7550 7551 7500
f 7500 7551 7552 7501
f 7501 7552 7553 7502
f 7502 7553 7554 7503
f 7503 7554 7555 7504
f 7504 7555 7556 7505
f 7505 7556 7557 7506
f 7506 7557 7558 7507
f 7507 7558 7559 7508
f 7508 7559 7560 7509
f 7509 7560 7561 7510
f 7510 7561 7562 7511
f 7511 7562 7563 7512
f 7512 7563 7564 7513
f 7513 7564 7565 7514
f 7514 7565 7566 7515
f 7515 7566 7567 7516
f 7516 7567 7568 7517
f 7517 7568 7569 7518
f 7518 7569 7570 7519
f 7519 7570 7571 7520
f 7520 7571 7572 7521
f 7521 7572 7573 7522
f 7522 7573 7574 7523
f 7523 7574 7575 7524
f 7524 7575 7576 7525
f 7525 7576 7577 7526
f 7526 7577 7578 7527
f 7527 7578 7579 7528
f 7528 7579 7580 7529
f 7529 7580 7581 7530
f 7530 7581 7582 7531
f 7531 7582 7583 7532
f 7532 7583 7584 7533
f 7533 7584 7585 7534
f 7534 7585 7586 7535
f 7535 7586 7587 7536
f 7536 7587 7588 7537
f 7537 7588 7589 7538
f 7538 7589 7590 7539
f 7539 7590 7591 7540
f 7540 7591 7592 7541
f 7541 7592 7593 7542
f 7542 7593 7594 7543
f 7543 7594 7595 7544
f 7544 7595 7596 7545
f 7545 7596 7597 7546
f 7546 7597 7598 7547
f 7547 7598 7599 7548
f 7549 7600 7601 7550
f 7550 7601 7602 7551
f 7551 7602 7603 7552
f 7552 7603 7604 7553
f 7553 7604 7605 7554
f 7554 7605 7606 7555
f 7555 7606 7607 7556
f 7556 7607 7608 7557
f 7557 7608 7609 7558
f 7558 7609 7610 7559
f 7559 7610 7611 7560
f 7560 7611 7612 7561
f 7561 7612 7613 7562
f 7562 7613 7614 7563
f 7563 7614 7615 7564
f 7564 7615 7616 7565
f 7565 7616 7617 7566
f 7566 7617 7618 7567
f 7567 7618 7619 7568
f 7568 7619 7620 7569
f 7569 7620 7621 7570
f 7570 7621 7622 7571
f 7571 7622 7623 7572
f 7572 7623 7624 7573
f 7573 7624 7625 7574
f 7574 7625 7626 7575
f 7575 7626 7627 7576
f 7576 7627 7628 7577
f 7577 7628 7629 7578
f 7578 7629 7630 7579
f 7579 7630 7631 7580
f 7580 7631 7632 7581
f 7581 7632 7633 7582
f 7582 7633 7634 7583
f 7583 7634 7635 7584
f 7584 7635 7636 7585
f 7585 7636 7637 7586
f 7586 7637 7638 7587
f 7587 7638 7639 7588
f 7588 7639 7640 7589
f 7589 7640 7641 7590
f 7590 7641 7642 7591
f 7591 7642 7643 7592
f 7592 7643 7644 7593
f 7593 7644 7645 7594
f 7594 7645 7646 7595
f 7595 7646 7647 7596
f 7596 7647 7648 7597
f 7597 7648 7649 7598
f 7598 7649 7650 7599
f 7600 7651 7652 7601
f 7601 7652 7653 7602
f 7602 7653 7654 7603
f 7603 7654 7655 7604
f 7604 7655 7656 7605
f 7605 7656 7657 7606
f 7606 7657 7658 7607
f 7607 7658 7659 7608
f 7608 7659 7660 7609
f 7609 7660 7661 7610
f 7610 7661 7662 7611
f 7611 7662 7663 7612
f 7612 7663 7664 7613
f 7613 7664 7665 7614
f 7614 7665 7666 7615
f 7615 7666 7667 7616
f 7616 7667 7668 7617
f 7617 7668 7669 7618
f 7618 7669 7670 7619
f 7619 7670 7671 7620
f 7620 7671 7672 7621
f 7621 7672 7673 7622
f 7622 7673 7674 7623
f 7623 7674 7675 7624
f 7624 7675 7676 7625
f 7625 7676 7677 7626
f 7626 7677 7678 7627
f 7627 7678 7679 7628
f 7628 7679 7680 7629
f 7629 7680 7681 7630
f 7630 7681 7682 7631
f 7631 7682 7683 7632
f 7632 7683 7684 7633
f 7633 7684 7685 7634
f 7634 7685 7686 7635
f 7635 7686 7687 7636
f 7636 7687 7688 7637
f 7637 7688 7689 7638
f 7638 7689 7690 7639
f 7639 7690 7691 7640
f 7640 7691 7692 7641
f 7641 7692 7693 7642
f 7642 7693 7694 7643
f 7643 7694 7695 7644
f 7644 7695 7696 7645
f 7645 7696 7697 7646
f 7646 7697 7698 7647
f 7647 7698 7699 7648
f 7648 7699 7700 7649
f 7649 7700 7701 7650
f 7651 7702 7703 7652
f 7652 7703 7704 7653
f 7653 7704 7705 7654
f 7654 7705 7706 7655
f 7655 7706 7707 7656
f 7656 7707 7708 7657
f 7657 7708 7709 7658
f 7658 7709 7710 7659
f 7659 7710 7711 7660
f 7660 7711 7712 7661
f 7661 7712 7713 7662
f 7662 7713 7714 7663
f 7663 7714 7715 7664
f 7664 7715 7716 7665
f 7665 7716 7717 7666
f 7666 7717 7718 7667
f 7667 7718 7719 7668
f 7668 7719 7720 7669
f 7669 7720 7721 7670
f 7670 7721 7722 7671
f 7671 7722 7723 7672
f 7672 7723 7724 7673
f 7673 7724 7725 7674
f 7674 7725 7726 7675
f 7675 7726 7727 7676
f 7676 7727 7728 7677
f 7677 7728 7729 7678
f 7678 7729 7730 7679
f 7679 7730 7731 7680
f 7680 7731 7732 7681
f 7681 7732 7733 7682
f 7682 7733 7734 7683
f 7683 7734 7735 7684
f 7684 7735 7736 7685
f 7685 7736 7737 7686
f 7686 7737 7738 7687
f 7687 7738 7739 7688
f 7688 7739 7740 7689
f 7689 7740 7741 7690
f 7690 7741 7742 7691
f 7691 7742 7743 7692
f 7692 7743 7744 7693
f 7693 7744 7745 7694
f 7694 7745 7746 7695
f 7695 7746 7747 7696
f 7696 7747 7748 7697
f 7697 7748 7749 7698
f 7698 7749 7750 7699
f 7699 7750 7751 7700
f 7700 7751 7752 7701
f 7702 7753 7754 7703
f 7703 7754 7755 7704
f 7704 7755 7756 7705
f 7705 7756 7757 7706
f 7706 7757 7758 7707
f 7707 7758 7759 7708
f 7708 7759 7760 7709
f 7709 7760 7761 7710
f 7710 7761 7762 7711
f 7711 7762 7763 7712
f 7712 7763 7764 7713
f 7713 7764 7765 7714
f 7714 7765 7766 7715
f 7715 7766 7767 7716
f 7716 7767 7768 7717
f 7717 7768 7769 7718
f 7718 7769 7770 7719
f 7719 7770 7771 7720
f 7720 7771 7772 7721
f 7721 7772 7773 7722
f 7722 7773 7774 7723
f 7723 7774 7775 7724
f 7724 7775 7776 7725
f 7725 7776 7777 7726
f 7726 7777 7778 7727
f 7727 7778 7779 7728
f 7728 7779 7780 7729
f 7729 7780 7781 7730
f 7730 7781 7782 7731
f 7731 7782 7783 7732
f 7732 7783 7784 7733
f 7733 7784 7785 7734
f 7734 7785 7786 7735
f 7735 7786 7787 7736
f 7736 7787 7788 7737
f 7737 7788 7789 7738
f 7738 7789 7790 7739
f 7739 7790 7791 7740
f 7740 7791 7792 7741
f 7741 7792 7793 7742
f 7742 7793 7794 7743
f 7743 7794 7795 7744
f 7744 7795 7796 7745
f 7745 7796 7797 7746
f 7746 7797 7798 7747
f 7747 7798 7799 7748
f 7748 7799 7800 7749
f 7749 7800 7801 7750
f 7750 7801 7802 7751
f 7751 7802 7803 7752
f 7753 7804 7805 7754
f 7754 7805 7806 7755
f 7755 7806 7807 7756
f 7756 7807 7808 7757
f 7757 7808 7809 7758
f 7758 7809 7810 7759
f 7759 7810 7811 7760
f 7760 7811 7812 7761
f 7761 7812 7813 7762
f 7762 7813 7814 7763
f 7763 7814 7815 7764
f 7764 7815 7816 7765
f 7765 7816 7817 7766
f 7766 7817 7818 7767
f 7767 7818 7819 7768
f 7768 7819 7820 7769
f 7769 7820 7821 7770
f 7770 7821 7822 7771
f 7771 7822 7823 7772
f 7772 7823 7824 7773
f 7773 7824 7825 7774
f 7774 7825 7826 7775
f 7775 7826 7827 7776
f 7776 7827 7828 7777
f 7777 7828 7829 7778
f 7778 7829 7830 7779
f 7779 7830 7831 7780
f 7780 7831 7832 7781
f 7781 7832 7833 7782
f 7782 7833 7834 7783
f 7783 7834 7835 7784
f 7784 7835 7836 7785
f 7785 7836 7837 7786
f 7786 7837 7838 7787
f 7787 7838 7839 7788
f 7788 7839 7840 7789
f 7789 7840 7841 7790
f 7790 7841 7842 7791
f 7791 7842 7843 7792
f 7792 7843 7844 7793
f 7793 7844 7845 7794
f 7794 7845 7846 7795
f 7795 7846 7847 7796
f 7796 7847 7848 7797
f 7797 7848 7849 7798
f 7798 7849 7850 7799
f 7799 7850 7851 7800
f 7800 7851 7852 7801
f 7801 7852 7853 7802
f 7802 7853 7854 7803
f 7804 7855 7856 7805
f 7805 7856 7857 7806
f 7806 7857 7858 7807
f 7807 7858 7859 7808
f 7808 7859 7860 7809
f 7809 7860 7861 7810
f 7810 7861 7862 7811
f 7811 7862 7863 7812
f 7812 7863 7864 7813
f 7813 7864 7865 7814
f 7814 7865 7866 7815
f 7815 7866 7867 7816
f 7816 7867 7868 7817
f 7817 7868 7869 7818
f 7818 7869 7870 7819
f 7819 7870 7871 7820
f 7820 7871 7872 7821
f 7821 7872 7873 7822
f 7822 7873 7874 7823
f 7823 7874 7875 7824
f 7824 7875 7876 7825
f 7825 7876 7877 7826
f 7826 7877 7878 7827
f 7827 7878 7879 7828
f 7828 7879 7880 7829
f 7829 7880 7881 7830
f 7830 7881 7882 7831
f 7831 7882 7883 7832
f 7832 7883 7884 7833
f 7833 7884 7885 7834
f 7834 7885 7886 7835
f 7835 7886 7887 7836
f 7836 7887 7888 7837
f 7837 7888 7889 7838
f 7838 7889 7890 7839
f 7839 7890 7891 7840
f 7840 7891 7892 7841
f 7841 7892 7893 7842
f 7842 7893 7894 7843
f 7843 7894 7895 7844
f 7844 7895 7896 7845
f 7845 7896 7897 7846
f 7846 7897 7898 7847
f 7847 7898 7899 7848
f 7848 7899 7900 7849
f 7849 7900 7901 7850
f 7850 7901 7902 7851
f 7851 7902 7903 7852
f 7852 7903 7904 7853
f 7853 7904 7905 7854
f 7855 7906 7907 7856
f 7856 7907 7908 7857
f 7857 7908 7909 7858
f 7858 7909 7910 7859
f 7859 7910 7911 7860
f 7860 7911 7912 7861
f 7861 7912 7913 7862
f 7862 7913 7914 7863
f 7863 7914 7915 7864
f 7864 7915 7916 7865
f 7865 7916 7917 7866
f 7866 7917 7918 7867
f 7867 7918 7919 7868
f 7868 7919 7920 7869
f 7869 7920 7921 7870
f 7870 7921 7922 7871
f 7871 7922 7923 7872
f 7872 7923 7924 7873
f 7873 7924 7925 7874
f 7874 7925 7926 7875
f 7875 7926 7927 7876
f 7876 7927 7928 7877
f 7877 7928 7929 7878
f 7878 7929 7930 7879
f 7879 7930 7931 7880
f 7880 7931 7932 7881
f 7881 7932 7933 7882
f 7882 7933 7934 7883
f 7883 7934 7935 7884
f 7884 7935 7936 7885
f 7885 7936 7937 7886
f 7886 7937 7938 7887
f 7887 7938 7939 7888
f 7888 7939 7940 7889
f 7889 7940 7941 7890
f 7890 7941 7942 7891
f 7891 7942 7943 7892
f 7892 7943 7944 7893
f 7893 7944 7945 7894
f 7894 7945 7946 7895
f 7895 7946 7947 7896
f 7896 7947 7948 7897
f 7897 7948 7949 7898
f 7898 7949 7950 7899
f 7899 7950 7951 7900
f 7900 7951 7952 7901
f 7901 7952 7953 7902
f 7902 7953 7954 7903
f 7903 7954 7955 7904
f 7904 7955 7956 7905
f 7906 7957 7958 7907
f 7907 7958 7959 7908
f 7908 7959 7960 7909
f 7909 7960 7961 7910
f 7910 7961 7962 7911
f 7911 7962 7963 7912
f 7912 7963 7964 7913
f 7913 7964 7965 7914
f 7914 7965 7966 7915
f 7915 7966 7967 7916
f 7916 7967 7968 7917
f 7917 7968 7969 7918
f 7918 7969 7970 7919
f 7919 7970 7971 7920
f 7920 7971 7972 7921
f 7921 7972 7973 7922
f 7922 7973 7974 7923
f 7923 7974 7975 7924
f 7924 7975 7976 7925
f 7925 7976 7977 7926
f 7926 7977 7978 7927
f 7927 7978 7979 7928
f 7928 7979 7980 7929
f 7929 7980 7981 7930
f 7930 7981 7982 7931
f 7931 7982 7983 7932
f 7932 7983 7984 7933
f 7933 7984 7985 7934
f 7934 7985 7986 7935
f 7935 7986 7987 7936
f 7936 7987 7988 7937
f 7937 7988 7989 7938
f 7938 7989 7990 7939
f 7939 7990 7991 7940
f 7940 7991 7992 7941
f 7941 7992 7993 7942
f 7942 7993 7994 7943
f 7943 7994 7995 7944
f 7944 7995 7996 7945
f 7945 7996 7997 7946
f 7946 7997 7998 7947
f 7947 7998 7999 7948
f 7948 7999 8000 7949
f 7949 8000 8001 7950
f 7950 8001 8002 7951
f 7951 8002 8003 7952
f 7952 8003 8004 7953
f 7953 8004 8005 7954
f 7954 8005 8006 7955
f 7955 8006 8007 7956
f 7957 8008 8009 7958
f 7958 8009 8010 7959
f 7959 8010 8011 7960
f 7960 8011 8012 7961
f 7961 8012 8013 7962
f 7962 8013 8014 7963
f 7963 8014 8015 7964
f 7964 8015 8016 7965
f 7965 8016 8017 7966
f 7966 8017 8018 7967
f 7967 8018 8019 7968
f 7968 8019 8020 7969
f 7969 8020 8021 7970
f 7970 8021 8022 7971
f 7971 8022 8023 7972
f 7972 8023 8024 7973
f 7973 8024 8025 7974
f 7974 8025 8026 7975
f 7975 8026 8027 7976
f 7976 8027 8028 7977
f 7977 8028 8029 7978
f 7978 8029 8030 7979
f 7979 8030 8031 7980
f 7980 8031 8032 7981
f 7981 8032 8033 7982
f 7982 8033 8034 7983
f 7983 8034 8035 7984
f 7984 8035 8036 7985
f 7985 8036 8037 7986
f 7986 8037 8038 7987
f 7987 8038 8039 7988
f 7988 8039 8040 7989
f 7989 8040 8041 7990
f 7990 8041 8042 7991
f 7991 8042 8043 7992
f 7992 8043 8044 7993
f 7993 8044 8045 7994
f 7994 8045 8046 7995
f 7995 8046 8047 7996
f 7996 8047 8048 7997
f 7997 8048 8049 7998
f 7998 8049 8050 7999
f 7999 8050 8051 8000
f 8000 8051 8052 8001
f 8001 8052 8053 8002
f 8002 8053 8054 8003
f 8003 8054 8055 8004
f 8004 8055 8056 8005
f 8005 8056 8057 8006
f 8006 8057 8058 8007
f 8008 8059 8060 8009
f 8009 8060 8061 8010
f 8010 8061 8062 8011
f 8011 8062 8063 8012
f 8012 8063 8064 8013
f 8013 8064 8065 8014
f 8014 8065 8066 8015
f 8015 8066 8067 8016
f 8016 8067 8068 8017
f 8017 8068 8069 8018
f 8018 8069 8070 8019
f 8019 8070 8071 8020
f 8020 8071 8072 8021
f 8021 8072 8073 8022
f 8022 8073 8074 8023
f 8023 8074 8075 8024
f 8024 8075 8076 8025
f 8025 8076 8077 8026
f 8026 8077 8078 8027
f 8027 8078 8079 8028
f 8028 8079 8080 8029
f 8029 8080 8081 8030
f 8030 8081 8082 8031
f 8031 8082 8083 8032
f 8032 8083 8084 8033
f 8033 8084 8085 8034
f 8034 8085 8086 8035
f 8035 8086 8087 8036
f 8036 8087 8088 8037
f 8037 8088 8089 8038
f 8038 8089 8090 8039
f 8039 8090 8091 8040
f 8040 8091 8092 8041
f 8041 8092 8093 8042
f 8042 8093 8094 8043
f 8043 8094 8095 8044
f 8044 8095 8096 8045
f 8045 8096 8097 8046
f 8046 8097 8098 8047
f 8047 8098 8099 8048
f 8048 8099 8100 8049
f 8049 8100 8101 8050
f 8050 8101 8102 8051
f 8051 8102 8103 8052
f 8052 8103 8104 8053
f 8053 8104 8105 8054
f 8054 8105 8106 8055
f 8055 8106 8107 8056
f 8056 8107 8108 8057
f 8057 8108 8109 8058
f 8059 8110 8111 8060
f 8060 8111 8112 8061
f 8061 8112 8113 8062
f 8062 8113 8114 8063
f 8063 8114 8115 8064
f 8064 8115 8116 8065
f 8065 8116 8117 8066
f 8066 8117 8118 8067
f 8067 8118 8119 8068
f 8068 8119 8120 8069
f 8069 8120 8121 8070
f 8070 8121 8122 8071
f 8071 8122 8123 8072
f 8072 8123 8124 8073
f 8073 8124 8125 8074
f 8074 8125 8126 8075
f 8075 8126 8127 8076
f 8076 8127 8128 8077
f 8077 8128 8129 8078
f 8078 8129 8130 8079
f 8079 8130 8131 8080
f 8080 8131 8132 8081
f 8081 8132 8133 8082
f 8082 8133 8134 8083
f 8083 8134 8135 8084
f 8084 8135 8136 8085
f 8085 8136 8137 8086
f 8086 8137 8138 8087
f 8087 8138 8139 8088
f 8088 8139 8140 8089
f 8089 8140 8141 8090
f 8090 8141 8142 8091
f 8091 8142 8143 8092
f 8092 8143 8144 8093
f 8093 8144 8145 8094
f 8094 8145 8146 8095
f 8095 8146 8147 8096
f 8096 8147 8148 8097
f 8097 8148 8149 8098
f 8098 8149 8150 8099
f 8099 8150 8151 8100
f 8100 8151 8152 8101
f 8101 8152 8153 8102
f 8102 8153 8154 8103
f 8103 8154 8155 8104
f 8104 8155 8156 8105
f 8105 8156 8157 8106
f 8106 8157 8158 8107
f 8107 8158 8159 8108
f 8108 8159 8160 8109
f 8110 8161 8162 8111
f 8111 8162 8163 8112
f 8112 8163 8164 8113
f 8113 8164 8165 8114
f 8114 8165 8166 8115
f 8115 8166 8167 8116
f 8116 8167 8168 8117
f 8117 8168 8169 8118
f 8118 8169 8170 8119
f 8119 8170 8171 8120
f 8120 8171 8172 8121
f 8121 8172 8173 8122
f 8122 8173 8174 8123
f 8123 8174 8175 8124
f 8124 8175 8176 8125
f 8125 8176 8177 8126
f 8126 8177 8178 8127
f 8127 8178 8179 8128
f 8128 8179 8180 8129
f 8129 8180 8181 8130
f 8130 8181 8182 8131
f 8131 8182 8183 8132
f 8132 8183 8184 8133
f 8133 8184 8185 8134
f 8134 8185 8186 8135
f 8135 8186 8187 8136
f 8136 8187 8188 8137
f 8137 8188 8189 8138
f 8138 8189 8190 8139
f 8139 8190 8191 8140
f 8140 8191 8192 8141
f 8141 8192 8193 8142
f 8142 8193 8194 8143
f 8143 8194 8195 8144
f 8144 8195 8196 8145
f 8145 8196 8197 8146
f 8146 8197 8198 8147
f 8147 8198 8199 8148
f 8148 8199 8200 8149
f 8149 8200 8201 8150
f 8150 8201 8202 8151
f 8151 8202 8203 8152
f 8152 8203 8204 8153
f 8153 8204 8205 8154
f 8154 8205 8206 8155
f 8155 8206 8207 8156
f 8156 8207 8208 8157
f 8157 8208 8209 8158
f 8158 8209 8210 8159
f 8159 8210 8211 8160
f 8161 8212 8213 8162
f 8162 8213 8214 8163
f 8163 8214 8215 8164
f 8164 8215 8216 8165
f 8165 8216 8217 8166
f 8166 8217 8218 8167
f 8167 8218 8219 8168
f 8168 8219 8220 8169
f 8169 8220 8221 8170
f 8170 8221 8222 8171
f 8171 8222 8223 8172
f 8172 8223 8224 8173
f 8173 8224 8225 8174
f 8174 8225 8226 8175
f 8175 8226 8227 8176
f 8176 8227 8228 8177
f 8177 8228 8229 8178
f 8178 8229 8230 8179
f 8179 8230 8231 8180
f 8180 8231 8232 8181
f 8181 8232 8233 8182
f 8182 8233 8234 8183
f 8183 8234 8235 8184
f 8184 8235 8236 8185
f 8185 8236 8237 8186
f 8186 8237 8238 8187
f 8187 8238 8239 8188
f 8188 8239 8240 8189
f 8189 8240 8241 8190
f 8190 8241 8242 8191
f 8191 8242 8243 8192
f 8192 8243 8244 8193
f 8193 8244 8245 8194
f 8194 8245 8246 8195
f 8195 8246 8247 8196
f 8196 8247 8248 8197
f 8197 8248 8249 8198
f 8198 8249 8250 8199
f 8199 8250 8251 8200
f 8200 8251 8252 8201
f 8201 8252 8253 8202
f 8202 8253 8254 8203
f 8203 8254 8255 8204
f 8204 8255 8256 8205
f 8205 8256 8257 8206
f 8206 8257 8258 8207
f 8207 8258 8259 8208
f 8208 8259 8260 8209
f 8209 8260 8261 8210
f 8210 8261 8262 8211
f 8212 8263 8264 8213
f 8213 8264 8265 8214
f 8214 8265 8266 8215
f 8215 8266 8267 8216
f 8216 8267 8268 8217
f 8217 8268 8269 8218
f 8218 8269 8270 8219
f 8219 8270 8271 8220
f 8220 8271 8272 8221
f 8221 8272 8273 8222
f 8222 8273 8274 8223
f 8223 8274 8275 8224
f 8224 8275 8276 8225
f 8225 8276 8277 8226
f 8226 8277 8278 8227
f 8227 8278 8279 8228
f 8228 8279 8280 8229
f 8229 8280 8281 8230
f 8230 8281 8282 8231
f 8231 8282 8283 8232
f 8232 8283 8284 8233
f 8233 8284 8285 8234
f 8234 8285 8286 8235
f 8235 8286 8287 8236
f 8236 8287 8288 8237
f 8237 8288 8289 8238
f 8238 8289 8290 8239
f 8239 8290 8291 8240
f 8240 8291 8292 8241
f 8241 8292 8293 8242
f 8242 8293 8294 8243
f 8243 8294 8295 8244
f 8244 8295 8296 8245
f 8245 8296 8297 8246
f 8246 8297 8298 8247
f 8247 8298 8299 8248
f 8248 8299 8300 8249
f 8249 8300 8301 8250
f 8250 8301 8302 8251
f 8251 8302 8303 8252
f 8252 8303 8304 8253
f 8253 8304 8305 8254
f 8254 8305 8306 8255
f 8255 8306 8307 8256
f 8256 8307 8308 8257
f 8257 8308 8309 8258
f 8258 8309 8310 8259
f 8259 8310 8311 8260
f 8260 8311 8312 8261
f 8261 8312 8313 8262
f 8263 8314 8315 8264
f 8264 8315 8316 8265
f 8265 8316 8317 8266
f 8266 8317 8318 8267
f 8267 8318 8319 8268
f 8268 8319 8320 8269
f 8269 8320 8321 8270
f 8270 8321 8322 8271
f 8271 8322 8323 8272
f 8272 8323 8324 8273
f 8273 8324 8325 8274
f 8274 8325 8326 8275
f 8275 8326 8327 8276
f 8276 8327 8328 8277
f 8277 8328 8329 8278
f 8278 8329 8330 8279
f 8279 8330 8331 8280
f 8280 8331 8332 8281
f 8281 8332 8333 8282
f 8282 8333 8334 8283
f 8283 8334 8335 8284
f 8284 8335 8336 8285
f 8285 8336 8337 8286
f 8286 8337 8338 8287
f 8287 8338 8339 8288
f 8288 8339 8340 8289
f 8289 8340 8341 8290
f 8290 8341 8342 8291
f 8291 8342 8343 8292
f 8292 8343 8344 8293
f 8293 8344 8345 8294
f 8294 8345 8346 8295
f 8295 8346 8347 8296
f 8296 8347 8348 8297
f 8297 8348 8349 8298
f 8298 8349 8350 8299
f 8299 8350 8351 8300
f 8300 8351 8352 8301
f 8301 8352 8353 8302
f 8302 8353 8354 8303
f 8303 8354 8355 8304
f 8304 8355 8356 8305
f 8305 8356 8357 8306
f 8306 8357 8358 8307
f 8307 8358 8359 8308
f 8308 8359 8360 8309
f 8309 8360 8361 8310
f 8310 8361 8362 8311
f 8311 8362 8363 8312
f 8312 8363 8364 8313
f 8314 8365 8366 8315
f 8315 8366 8367 8316
f 8316 8367 8368 8317
f 8317 8368 8369 8318
f 8318 8369 8370 8319
f 8319 8370 8371 8320
f 8320 8371 8372 8321
f 8321 8372 8373 8322
f 8322 8373 8374 8323
f 8323 8374 8375 8324
f 8324 8375 8376 8325
f 8325 8376 8377 8326
f 8326 8377 8378 8327
f 8327 8378 8379 8328
f 8328 8379 8380 8329
f 8329 8380 8381 8330
f 8330 8381 8382 8331
f 8331 8382 8383 8332
f 8332 8383 8384 8333
f 8333 8384 8385 8334
f 8334 8385 8386 8335
f 8335 8386 8387 8336
f 8336 8387 8388 8337
f 8337 8388 8389 8338
f 8338 8389 8390 8339
f 8339 8390 8391 8340
f 8340 8391 8392 8341
f 8341 8392 8393 8342
f 8342 8393 8394 8343
f 8343 8394 8395 8344
f 8344 8395 8396 8345
f 8345 8396 8397 8346
f 8346 8397 8398 8347
f 8347 8398 8399 8348
f 8348 8399 8400 8349
f 8349 8400 8401 8350
f 8350 8401 8402 8351
f 8351 8402 8403 8352
f 8352 8403 8404 8353
f 8353 8404 8405 8354
f 8354 8405 8406 8355
f 8355 8406 8407 8356
f 8356 8407 8408 8357
f 8357 8408 8409 8358
f 8358 8409 8410 8359
f 8359 8410 8411 8360
f 8360 8411 8412 8361
f 8361 8412 8413 8362
f 8362 8413 8414 8363
f 8363 8414 8415 8364
f 8365 8416 8417 8366
f 8366 8417 8418 8367
f 8367 8418 8419 8368
f 8368 8419 8420 8369
f 8369 8420 8421 8370
f 8370 8421 8422 8371
f 8371 8422 8423 8372
f 8372 8423 8424 8373
f 8373 8424 8425 8374
f 8374 8425 8426 8375
f 8375 8426 8427 8376
f 8376 8427 8428 8377
f 8377 8428 8429 8378
f 8378 8429 8430 8379
f 8379 8430 8431 8380
f 8380 8431 8432 8381
f 8381 8432 8433 8382
f 8382 8433 8434 8383
f 8383 8434 8435 8384
f 8384 8435 8436 8385
f 8385 8436 8437 8386
f 8386 8437 8438 8387
f 8387 8438 8439 8388
f 8388 8439 8440 8389
f 8389 8440 8441 8390
f 8390 8441 8442 8391
f 8391 8442 8443 8392
f 8392 8443 8444 8393
f 8393 8444 8445 8394
f 8394 8445 8446 8395
f 8395 8446 8447 8396
f 8396 8447 8448 8397
f 8397 8448 8449 8398
f 8398 8449 8450 8399
f 8399 8450 8451 8400
f 8400 8451 8452 8401
f 8401 8452 8453 8402
f 8402 8453 8454 8403
f 8403 8454 8455 8404
f 8404 8455 8456 8405
f 8405 8456 8457 8406
f 8406 8457 8458 8407
f 8407 8458 8459 8408
f 8408 8459 8460 8409
f 8409 8460 8461 8410
f 8410 8461 8462 8411
f 8411 8462 8463 8412
f 8412 8463 8464 8413
f 8413 8464 8465 8414
f 8414 8465 8466 8415
f 8416 8467 8468 8417
f 8417 8468 8469 8418
f 8418 8469 8470 8419
f 8419 8470 8471 8420
f 8420 8471 8472 8421
f 8421 8472 8473 8422
f 8422 8473 8474 8423
f 8423 8474 8475 8424
f 8424 8475 8476 8425
f 8425 8476 8477 8426
f 8426 8477 8478 8427
f 8427 8478 8479 8428
f 8428 8479 8480 8429
f 8429 8480 8481 8430
f 8430 8481 8482 8431
f 8431 8482 8483 8432
f 8432 8483 8484 8433
f 8433 8484 8485 8434
f 8434 8485 8486 8435
f 8435 8486 8487 8436
f 8436 8487 8488 8437
f 8437 8488 8489 8438
f 8438 8489 8490 8439
f 8439 8490 8491 8440
f 8440 8491 8492 8441
f 8441 8492 8493 8442
f 8442 8493 8494 8443
f 8443 8494 8495 8444
f 8444 8495 8496 8445
f 8445 8496 8497 8446
f 8446 8497 8498 8447
f 8447 8498 8499 8448
f 8448 8499 8500 8449
f 8449 8500 8501 8450
f 8450 8501 8502 8451
f 8451 8502 8503 8452
f 8452 8503 8504 8453
f 8453 8504 8505 8454
f 8454 8505 8506 8455
f 8455 8506 8507 8456
f 8456 8507 8508 8457
f 8457 8508 8509 8458
f 8458 8509 8510 8459
f 8459 8510 8511 8460
f 8460 8511 8512 8461
f 8461 8512 8513 8462
f 8462 8513 8514 8463
f 8463 8514 8515 8464
f 8464 8515 8516 8465
f 8465 8516 8517 8466
f 8467 8518 8519 8468
f 8468 8519 8520 8469
f 8469 8520 8521 8470
f 8470 8521 8522 8471
f 8471 8522 8523 8472
f 8472 8523 8524 8473
f 8473 8524 8525 8474
f 8474 8525 8526 8475
f 8475 8526 8527 8476
f 8476 8527 8528 8477
f 8477 8528 8529 8478
f 8478 8529 8530 8479
f 8479 8530 8531 8480
f 8480 8531 8532 8481
f 8481 8532 8533 8482
f 8482 8533 8534 8483
f 8483 8534 8535 8484
f 8484 8535 8536 8485
f 8485 8536 8537 8486
f 8486 8537 8538 8487
f 8487 8538 8539 8488
f 8488 8539 8540 8489
f 8489 8540 8541 8490
f 8490 8541 8542 8491
f 8491 8542 8543 8492
f 8492 8543 8544 8493
f 8493 8544 8545 8494
f 8494 8545 8546 8495
f 8495 8546 8547 8496
f 8496 8547 8548 8497
f 8497 8548 8549 8498
f 8498 8549 8550 8499
f 8499 8550 8551 8500
f 8500 8551 8552 8501
f 8501 8552 8553 8502
f 8502 8553 8554 8503
f 8503 8554 8555 8504
f 8504 8555 8556 8505
f 8505 8556 8557 8506
f 8506 8557 8558 8507
f 8507 8558 8559 8508
f 8508 8559 8560 8509
f 8509 8560 8561 8510
f 8510 8561 8562 8511
f 8511 8562 8563 8512
f 8512 8563 8564 8513
f 8513 8564 8565 8514
f 8514 8565 8566 8515
f 8515 8566 8567 8516
f 8516 8567 8568 8517
f 8518 8569 8570 8519
f 8519 8570 8571 8520
f 8520 8571 8572 8521
f 8521 8572 8573 8522
f 8522 8573 8574 8523
f 8523 8574 8575 8524
f 8524 8575 8576 8525
f 8525 8576 8577 8526
f 8526 8577 8578 8527
f 8527 8578 8579 8528
f 8528 8579 8580 8529
f 8529 8580 8581 8530
f 8530 8581 8582 8531
f 8531 8582 8583 8532
f 8532 8583 8584 8533
f 8533 8584 8585 8534
f 8534 8585 8586 8535
f 8535 8586 8587 8536
f 8536 8587 8588 8537
f 8537 8588 8589 8538
f 8538 8589 8590 8539
f 8539 8590 8591 8540
f 8540 8591 8592 8541
f 8541 8592 8593 8542
f 8542 8593 8594 8543
f 8543 8594 8595 8544
f 8544 8595 8596 8545
f 8545 8596 8597 8546
f 8546 8597 8598 8547
f 8547 8598 8599 8548
f 8548 8599 8600 8549
f 8549 8600 8601 8550
f 8550 8601 8602 8551
f 8551 8602 8603 8552
f 8552 8603 8604 8553
f 8553 8604 8605 8554
f 8554 8605 8606 8555
f 8555 8606 8607 8556
f 8556 8607 8608 8557
f 8557 8608 8609 8558
f 8558 8609 8610 8559
f 8559 8610 8611 8560
f 8560 8611 8612 8561
f 8561 8612 8613 8562
f 8562 8613 8614 8563
f 8563 8614 8615 8564
f 8564 8615 8616 8565
f 8565 8616 8617 8566
f 8566 8617 8618 8567
f 8567 8618 8619 8568
f 8569 8620 8621 8570
f 8570 8621 8622 8571
f 8571 8622 8623 8572
f 8572 8623 8624 8573
f 8573 8624 8625 8574
f 8574 8625 8626 8575
f 8575 8626 8627 8576
f 8576 8627 8628 8577
f 8577 8628 8629 8578
f 8578 8629 8630 8579
f 8579 8630 8631 8580
f 8580 8631 8632 8581
f 8581 8632 8633 8582
f 8582 8633 8634 8583
f 8583 8634 8635 8584
f 8584 8635 8636 8585
f 8585 8636 8637 8586
f 8586 8637 8638 8587
f 8587 8638 8639 8588
f 8588 8639 8640 8589
f 8589 8640 8641 8590
f 8590 8641 8642 8591
f 8591 8642 8643 8592
f 8592 8643 8644 8593
f 8593 8644 8645 8594
f 8594 8645 8646 8595
f 8595 8646 8647 8596
f 8596 8647 8648 8597
f 8597 8648 8649 8598
f 8598 8649 8650 8599
f 8599 8650 8651 8600
f 8600 8651 8652 8601
f 8601 8652 8653 8602
f 8602 8653 8654 8603
f 8603 8654 8655 8604
f 8604 8655 8656 8605
f 8605 8656 8657 8606
f 8606 8657 8658 8607
f 8607 8658 8659 8608
f 8608 8659 8660 8609
f 8609 8660 8661 8610
f 8610 8661 8662 8611
f 8611 8662 8663 8612
f 8612 8663 8664 8613
f 8613 8664 8665 8614
f 8614 8665 8666 8615
f 8615 8666 8667 8616
f 8616 8667 8668 8617
f 8617 8668 8669 8618
f 8618 8669 8670 8619
f 8620 8671 8672 8621
f 8621 8672 8673 8622
f 8622 8673 8674 8623
f 8623 8674 8675 8624
f 8624 8675 8676 8625
f 8625 8676 8677 8626
f 8626 8677 8678 8627
f 8627 8678 8679 8628
f 8628 8679 8680 8629
f 8629 8680 8681 8630
f 8630 8681 8682 8631
f 8631 8682 8683 8632
f 8632 8683 8684 8633
f 8633 8684 8685 8634
f 8634 8685 8686 8635
f 8635 8686 8687 8636
f 8636 8687 8688 8637
f 8637 8688 8689 8638
f 8638 8689 8690 8639
f 8639 8690 8691 8640
f 8640 8691 8692 8641
f 8641 8692 8693 8642
f 8642 8693 8694 8643
f 8643 8694 8695 8644
f 8644 8695 8696 8645
f 8645 8696 8697 8646
f 8646 8697 8698 8647
f 8647 8698 8699 8648
f 8648 8699 8700 8649
f 8649 8700 8701 8650
f 8650 8701 8702 8651
f 8651 8702 8703 8652
f 8652 8703 8704 8653
f 8653 8704 8705 8654
f 8654 8705 8706 8655
f 8655 8706 8707 8656
f 8656 8707 8708 8657
f 8657 8708 8709 8658
f 8658 8709 8710 8659
f 8659 8710 8711 8660
f 8660 8711 8712 8661
f 8661 8712 8713 8662
f 8662 8713 8714 8663
f 8663 8714 8715 8664
f 8664 8715 8716 8665
f 8665 8716 8717 8666
f 8666 8717 8718 8667
f 8667 8718 8719 8668
f 8668 8719 8720 8669
f 8669 8720 8721 8670
f 8671 8722 8723 8672
f 8672 8723 8724 8673
f 8673 8724 8725 8674
f 8674 8725 8726 8675
f 8675 8726 8727 8676
f 8676 8727 8728 8677
f 8677 8728 8729 8678
f 8678 8729 8730 8679
f 8679 8730 8731 8680
f 8680 8731 8732 8681
f 8681 8732 8733 8682
f 8682 8733 8734 8683
f 8683 8734 8735 8684
f 8684 8735 8736 8685
f 8685 8736 8737 8686
f 8686 8737 8738 8687
f 8687 8738 8739 8688
f 8688 8739 8740 8689
f 8689 8740 8741 8690
f 8690 8741 8742 8691
f 8691 8742 8743 8692
f 8692 8743 8744 8693
f 8693 8744 8745 8694
f 8694 8745 8746 8695
f 8695 8746 8747 8696
f 8696 8747 8748 8697
f 8697 8748 8749 8698
f 8698 8749 8750 8699
f 8699 8750 8751 8700
f 8700 8751 8752 8701
f 8701 8752 8753 8702
f 8702 8753 8754 8703
f 8703 8754 8755 8704
f 8704 8755 8756 8705
f 8705 8756 8757 8706
f 8706 8757 8758 8707
f 8707 8758 8759 8708
f 8708 8759 8760 8709
f 8709 8760 8761 8710
f 8710 8761 8762 8711
f 8711 8762 8763 8712
f 8712 8763 8764 8713
f 8713 8764 8765 8714
f 8714 8765 8766 8715
f 8715 8766 8767 8716
f 8716 8767 8768 8717
f 8717 8768 8769 8718
f 8718 8769 8770 8719
f 8719 8770 8771 8720
f 8720 8771 8772 8721
f 8722 8773 8774 8723
f 8723 8774 8775 8724
f 8724 8775 8776 8725
f 8725 8776 8777 8726
f 8726 8777 8778 8727
f 8727 8778 8779 8728
f 8728 8779 8780 8729
f 8729 8780 8781 8730
f 8730 8781 8782 8731
f 8731 8782 8783 8732
f 8732 8783 8784 8733
f 8733 8784 8785 8734
f 8734 8785 8786 8735
f 8735 8786 8787 8736
f 8736 8787 8788 8737
f 8737 8788 8789 8738
f 8738 8789 8790 8739
f 8739 8790 8791 8740
f 8740 8791 8792 8741
f 8741 8792 8793 8742
f 8742 8793 8794 8743
f 8743 8794 8795 8744
f 8744 8795 8796 8745
f 8745 8796 8797 8746
f 8746 8797 8798 8747
f 8747 8798 8799 8748
f 8748 8799 8800 8749
f 8749 8800 8801 8750
f 8750 8801 8802 8751
f 8751 8802 8803 8752
f 8752 8803 8804 8753
f 8753 8804 8805 8754
f 8754 8805 8806 8755
f 8755 8806 8807 8756
f 8756 8807 8808 8757
f 8757 8808 8809 8758
f 8758 8809 8810 8759
f 8759 8810 8811 8760
f 8760 8811 8812 8761
f 8761 8812 8813 8762
f 8762 8813 8814 8763
f 8763 8814 8815 8764
f 8764 8815 8816 8765
f 8765 8816 8817 8766
f 8766 8817 8818 8767
f 8767 8818 8819 8768
f 8768 8819 8820 8769
f 8769 8820 8821 8770
f 8770 8821 8822 8771
f 8771 8822 8823 8772
f 8773 8824 8825 8774
f 8774 8825 8826 8775
f 8775 8826 8827 8776
f 8776 8827 8828 8777
f 8777 8828 8829 8778
f 8778 8829 8830 8779
f 8779 8830 8831 8780
f 8780 8831 8832 8781
f 8781 8832 8833 8782
f 8782 8833 8834 8783
f 8783 8834 8835 8784
f 8784 8835 8836 8785
f 8785 8836 8837 8786
f 8786 8837 8838 8787
f 8787 8838 8839 8788
f 8788 8839 8840 8789
f 8789 8840 8841 8790
f 8790 8841 8842 8791
f 8791 8842 8843 8792
f 8792 8843 8844 8793
f 8793 8844 8845 8794
f 8794 8845 8846 8795
f 8795 8846 8847 8796
f 8796 8847 8848 8797
f 8797 8848 8849 8798
f 8798 8849 8850 8799
f 8799 8850 8851 8800
f 8800 8851 8852 8801
f 8801 8852 8853 8802
f 8802 8853 8854 8803
f 8803 8854 8855 8804
f 8804 8855 8856 8805
f 8805 8856 8857 8806
f 8806 8857 8858 8807
f 8807 8858 8859 8808
f 8808 8859 8860 8809
f 8809 8860 8861 8810
f 8810 8861 8862 8811
f 8811 8862 8863 8812
f 8812 8863 8864 8813
f 8813 8864 8865 8814
f 8814 8865 8866 8815
f 8815 8866 8867 8816
f 8816 8867 8868 8817
f 8817 8868 8869 8818
f 8818 8869 8870 8819
f 8819 8870 8871 8820
f 8820 8871 8872 8821
f 8821 8872 8873 8822
f 8822 8873 8874 8823
f 8824 8875 8876 8825
f 8825 8876 8877 8826
f 8826 8877 8878 8827
f 8827 8878 8879 8828
f 8828 8879 8880 8829
f 8829 8880 8881 8830
f 8830 8881 8882 8831
f 8831 8882 8883 8832
f 8832 8883 8884 8833
f 8833 8884 8885 8834
f 8834 8885 8886 8835
f 8835 8886 8887 8836
f 8836 8887 8888 8837
f 8837 8888 8889 8838
f 8838 8889 8890 8839
f 8839 8890 8891 8840
f 8840 8891 8892 8841
f 8841 8892 8893 8842
f 8842 8893 8894 8843
f 8843 8894 8895 8844
f 8844 8895 8896 8845
f 8845 8896 8897 8846
f 8846 8897 8898 8847
f 8847 8898 8899 8848
f 8848 8899 8900 8849
f 8849 8900 8901 8850
f 8850 8901 8902 8851
f 8851 8902 8903 8852
f 8852 8903 8904 8853
f 8853 8904 8905 8854
f 8854 8905 8906 8855
f 8855 8906 8907 8856
f 8856 8907 8908 8857
f 8857 8908 8909 8858
f 8858 8909 8910 8859
f 8859 8910 8911 8860
f 8860 8911 8912 8861
f 8861 8912 8913 8862
f 8862 8913 8914 8863
f 8863 8914 8915 8864
f 8864 8915 8916 8865
f 8865 8916 8917 8866
f 8866 8917 8918 8867
f 8867 8918 8919 8868
f 8868 8919 8920 8869
f 8869 8920 8921 8870
f 8870 8921 8922 8871
f 8871 8922 8923 8872
f 8872 8923 8924 8873
f 8873 8924 8925 8874
f 8875 8926 8927 8876
f 8876 8927 8928 8877
f 8877 8928 8929 8878
f 8878 8929 8930 8879
f 8879 8930 8931 8880
f 8880 8931 8932 8881
f 8881 8932 8933 8882
f 8882 8933 8934 8883
f 8883 8934 8935 8884
f 8884 8935 8936 8885
f 8885 8936 8937 8886
f 8886 8937 8938 8887
f 8887 8938 8939 8888
f 8888 8939 8940 8889
f 8889 8940 8941 8890
f 8890 8941 8942 8891
f 8891 8942 8943 8892
f 8892 8943 8944 8893
f 8893 8944 8945 8894
f 8894 8945 8946 8895
f 8895 8946 8947 8896
f 8896 8947 8948 8897
f 8897 8948 8949 8898
f 8898 8949 8950 8899
f 8899 8950 8951 8900
f 8900 8951 8952 8901
f 8901 8952 8953 8902
f 8902 8953 8954 8903
f 8903 8954 8955 8904
f 8904 8955 8956 8905
f 8905 8956 8957 8906
f 8906 8957 8958 8907
f 8907 8958 8959 8908
f 8908 8959 8960 8909
f 8909 8960 8961 8910
f 8910 8961 8962 8911
f 8911 8962 8963 8912
f 8912 8963 8964 8913
f 8913 8964 8965 8914
f 8914 8965 8966 8915
f 8915 8966 8967 8916
f 8916 8967 8968 8917
f 8917 8968 8969 8918
f 8918 8969 8970 8919
f 8919 8970 8971 8920
f 8920 8971 8972 8921
f 8921 8972 8973 8922
f 8922 8973 8974 8923
f 8923 8974 8975 8924
f 8924 8975 8976 8925
f 8926 8977 8978 8927
f 8927 8978 8979 8928
f 8928 8979 8980 8929
f 8929 8980 8981 8930
f 8930 8981 8982 8931
f 8931 8982 8983 8932
f 8932 8983 8984 8933
f 8933 8984 8985 8934
f 8934 8985 8986 8935
f 8935 8986 8987 8936
f 8936 8987 8988 8937
f 8937 8988 8989 8938
f 8938 8989 8990 8939
f 8939 8990 8991 8940
f 8940 8991 8992 8941
f 8941 8992 8993 8942
f 8942 8993 8994 8943
f 8943 8994 8995 8944
f 8944 8995 8996 8945
f 8945 8996 8997 8946
f 8946 8997 8998 8947
f 8947 8998 8999 8948
f 8948 8999 9000 8949
f 8949 9000 9001 8950
f 8950 9001 9002 8951
f 8951 9002 9003 8952
f 8952 9003 9004 8953
f 8953 9004 9005 8954
f 8954 9005 9006 8955
f 8955 9006 9007 8956
f 8956 9007 9008 8957
f 8957 9008 9009 8958
f 8958 9009 9010 8959
f 8959 9010 9011 8960
f 8960 9011 9012 8961
f 8961 9012 9013 8962
f 8962 9013 9014 8963
f 8963 9014 9015 8964
f 8964 9015 9016 8965
f 8965 9016 9017 8966
f 8966 9017 9018 8967
f 8967 9018 9019 8968
f 8968 9019 9020 8969
f 8969 9020 9021 8970
f 8970 9021 9022 8971
f 8971 9022 9023 8972
f 8972 9023 9024 8973
f 8973 9024 9025 8974
f 8974 9025 9026 8975
f 8975 9026 9027 8976
f 8977 9028 9029 8978
f 8978 9029 9030 8979
f 8979 9030 9031 8980
f 8980 9031 9032 8981
f 8981 9032 9033 8982
f 8982 9033 9034 8983
f 8983 9034 9035 8984
f 8984 9035 9036 8985
f 8985 9036 9037 8986
f 8986 9037 9038 8987
f 8987 9038 9039 8988
f 8988 9039 9040 8989
f 8989 9040 9041 8990
f 8990 9041 9042 8991
f 8991 9042 9043 8992
f 8992 9043 9044 8993
f 8993 9044 9045 8994
f 8994 9045 9046 8995
f 8995 9046 9047 8996
f 8996 9047 9048 8997
f 8997 9048 9049 8998
f 8998 9049 9050 8999
f 8999 9050 9051 9000
f 9000 9051 9052 9001
f 9001 9052 9053 9002
f 9002 9053 9054 9003
f 9003 9054 9055 9004
f 9004 9055 9056 9005
f 9005 9056 9057 9006
f 9006 9057 9058 9007
f 9007 9058 9059 9008
f 9008 9059 9060 9009
f 9009 9060 9061 9010
f 9010 9061 9062 9011
f 9011 9062 9063 9012
f 9012 9063 9064 9013
f 9013 9064 9065 9014
f 9014 9065 9066 9015
f 9015 9066 9067 9016
f 9016 9067 9068 9017
f 9017 9068 9069 9018
f 9018 9069 9070 9019
f 9019 9070 9071 9020
f 9020 9071 9072 9021
f 9021 9072 9073 9022
f 9022 9073 9074 9023
f 9023 9074 9075 9024
f 9024 9075 9076 9025
f 9025 9076 9077 9026
f 9026 9077 9078 9027
f 9028 9079 9080 9029
f 9029 9080 9081 9030
f 9030 9081 9082 9031
f 9031 9082 9083 9032
f 9032 9083 9084 9033
f 9033 9084 9085 9034
f 9034 9085 9086 9035
f 9035 9086 9087 9036
f 9036 9087 9088 9037
f 9037 9088 9089 9038
f 9038 9089 9090 9039
f 9039 9090 9091 9040
f 9040 9091 9092 9041
f 9041 9092 9093 9042
f 9042 9093 9094 9043
f 9043 9094 9095 9044
f 9044 9095 9096 9045
f 9045 9096 9097 9046
f 9046 9097 9098 9047
f 9047 9098 9099 9048
f 9048 9099 9100 9049
f 9049 9100 9101 9050
f 9050 9101 9102 9051
f 9051 9102 9103 9052
f 9052 9103 9104 9053
f 9053 9104 9105 9054
f 9054 9105 9106 9055
f 9055 9106 9107 9056
f 9056 9107 9108 9057
f 9057 9108 9109 9058
f 9058 9109 9110 9059
f 9059 9110 9111 9060
f 9060 9111 9112 9061
f 9061 9112 9113 9062
f 9062 9113 9114 9063
f 9063 9114 9115 9064
f 9064 9115 9116 9065
f 9065 9116 9117 9066
f 9066 9117 9118 9067
f 9067 9118 9119 9068
f 9068 9119 9120 9069
f 9069 9120 9121 9070
f 9070 9121 9122 9071
f 9071 9122 9123 9072
f 9072 9123 9124 9073
f 9073 9124 9125 9074
f 9074 9125 9126 9075
f 9075 9126 9127 9076
f 9076 9127 9128 9077
f 9077 9128 9129 9078
f 9079 9130 9131 9080
f 9080 9131 9132 9081
f 9081 9132 9133 9082
f 9082 9133 9134 9083
f 9083 9134 9135 9084
f 9084 9135 9136 9085
f 9085 9136 9137 9086
f 9086 9137 9138 9087
f 9087 9138 9139 9088
f 9088 9139 9140 9089
f 9089 9140 9141 9090
f 9090 9141 9142 9091
f 9091 9142 9143 9092
f 9092 9143 9144 9093
f 9093 9144 9145 9094
f 9094 9145 9146 9095
f 9095 9146 9147 9096
f 9096 9147 9148 9097
f 9097 9148 9149 9098
f 9098 9149 9150 9099
f 9099 9150 9151 9100
f 9100 9151 9152 9101
f 9101 9152 9153 9102
f 9102 9153 9154 9103
f 9103 9154 9155 9104
f 9104 9155 9156 9105
f 9105 9156 9157 9106
f 9106 9157 9158 9107
f 9107 9158 9159 9108
f 9108 9159 9160 9109
f 9109 9160 9161 9110
f 9110 9161 9162 9111
f 9111 9162 9163 9112
f 9112 9163 9164 9113
f 9113 9164 9165 9114
f 9114 9165 9166 9115
f 9115 9166 9167 9116
f 9116 9167 9168 9117
f 9117 9168 9169 9118
f 9118 9169 9170 9119
f 9119 9170 9171 9120
f 9120 9171 9172 9121
f 9121 9172 9173 9122
f 9122 9173 9174 9123
f 9123 9174 9175 9124
f 9124 9175 9176 9125
f 9125 9176 9177 9126
f 9126 9177 9178 9127
f 9127 9178 9179 9128
f 9128 9179 9180 9129
f 9130 9181 9182 9131
f 9131 9182 9183 9132
f 9132 9183 9184 9133
f 9133 9184 9185 9134
f 9134 9185 9186 9135
f 9135 9186 9187 9136
f 9136 9187 9188 9137
f 9137 9188 9189 9138
f 9138 9189 9190 9139
f 9139 9190 9191 9140
f 9140 9191 9192 9141
f 9141 9192 9193 9142
f 9142 9193 9194 9143
f 9143 9194 9195 9144
f 9144 9195 9196 9145
f 9145 9196 9197 9146
f 9146 9197 9198 9147
f 9147 9198 9199 9148
f 9148 9199 9200 9149
f 9149 9200 9201 9150
f 9150 9201 9202 9151
f 9151 9202 9203 9152
f 9152 9203 9204 9153
f 9153 9204 9205 9154
f 9154 9205 9206 9155
f 9155 9206 9207 9156
f 9156 9207 9208 9157
f 9157 9208 9209 9158
f 9158 9209 9210 9159
f 9159 9210 9211 9160
f 9160 9211 9212 9161
f 9161 9212 9213 9162
f 9162 9213 9214 9163
f 9163 9214 9215 9164
f 9164 9215 9216 9165
f 9165 9216 9217 9166
f 9166 9217 9218 9167
f 9167 9218 9219 9168
f 9168 9219 9220 9169
f 9169 9220 9221 9170
f 9170 9221 9222 9171
f 9171 9222 9223 9172
f 9172 9223 9224 9173
f 9173 9224 9225 9174
f 9174 9225 9226 9175
f 9175 9226 9227 9176
f 9176 9227 9228 9177
f 9177 9228 9229 9178
f 9178 9229 9230 9179
f 9179 9230 9231 9180
f 9181 9232 9233 9182
f 9182 9233 9234 9183
f 9183 9234 9235 9184
f 9184 9235 9236 9185
f 9185 9236 9237 9186
f 9186 9237 9238 9187
f 9187 9238 9239 9188
f 9188 9239 9240 9189
f 9189 9240 9241 9190
f 9190 9241 9242 9191
f 9191 9242 9243 9192
f 9192 9243 9244 9193
f 9193 9244 9245 9194
f 9194 9245 9246 9195
f 9195 9246 9247 9196
f 9196 9247 9248 9197
f 9197 9248 9249 9198
f 9198 9249 9250 9199
f 9199 9250 9251 9200
f 9200 9251 9252 9201
f 9201 9252 9253 9202
f 9202 9253 9254 9203
f 9203 9254 9255 9204
f 9204 9255 9256 9205
f 9205 9256 9257 9206
f 9206 9257 9258 9207
f 9207 9258 9259 9208
f 9208 9259 9260 9209
f 9209 9260 9261 9210
f 9210 9261 9262 9211
f 9211 9262 9263 9212
f 9212 9263 9264 9213
f 9213 9264 9265 9214
f 9214 9265 9266 9215
f 9215 9266 9267 9216
f 9216 9267 9268 9217
f 9217 9268 9269 9218
f 9218 9269 9270 9219
f 9219 9270 9271 9220
f 9220 9271 9272 9221
f 9221 9272 9273 9222
f 9222 9273 9274 9223
f 9223 9274 9275 9224
f 9224 9275 9276 9225
f 9225 9276 9277 9226
f 9226 9277 9278 9227
f 9227 9278 9279 9228
f 9228 9279 9280 9229
f 9229 9280 9281 9230
f 9230 9281 9282 9231
f 9232 9283 9284 9233
f 9233 9284 9285 9234
f 9234 9285 9286 9235
f 9235 9286 9287 9236
f 9236 9287 9288 9237
f 9237 9288 9289 9238
f 9238 9289 9290 9239
f 9239 9290 9291 9240
f 9240 9291 9292 9241
f 9241 9292 9293 9242
f 9242 9293 9294 9243
f 9243 9294 9295 9244
f 9244 9295 9296 9245
f 9245 9296 9297 9246
f 9246 9297 9298 9247
f 9247 9298 9299 9248
f 9248 9299 9300 9249
f 9249 9300 9301 9250
f 9250 9301 9302 9251
f 9251 9302 9303 9252
f 9252 9303 9304 9253
f 9253 9304 9305 9254
f 9254 9305 9306 9255
f 9255 9306 9307 9256
f 9256 9307 9308 9257
f 9257 9308 9309 9258
f 9258 9309 9310 9259
f 9259 9310 9311 9260
f 9260 9311 9312 9261
f 9261 9312 9313 9262
f 9262 9313 9314 9263
f 9263 9314 9315 9264
f 9264 9315 9316 9265
f 9265 9316 9317 9266
f 9266 9317 9318 9267
f 9267 9318 9319 9268
f 9268 9319 9320 9269
f 9269 9320 9321 9270
f 9270 9321 9322 9271
f 9271 9322 9323 9272
f 9272 9323 9324 9273
f 9273 9324 9325 9274
f 9274 9325 9326 9275
f 9275 9326 9327 9276
f 9276 9327 9328 9277
f 9277 9328 9329 9278
f 9278 9329 9330 9279
f 9279 9330 9331 9280
f 9280 9331 9332 9281
f 9281 9332 9333 9282
f 9283 9334 9335 9284
f 9284 9335 9336 9285
f 9285 9336 9337 9286
f 9286 9337 9338 9287
f 9287 9338 9339 9288
f 9288 9339 9340 9289
f 9289 9340 9341 9290
f 9290 9341 9342 9291
f 9291 9342 9343 9292
f 9292 9343 9344 9293
f 9293 9344 9345 9294
f 9294 9345 9346 9295
f 9295 9346 9347 9296
f 9296 9347 9348 9297
f 9297 9348 9349 9298
f 9298 9349 9350 9299
f 9299 9350 9351 9300
f 9300 9351 9352 9301
f 9301 9352 9353 9302
f 9302 9353 9354 9303
f 9303 9354 9355 9304
f 9304 9355 9356 9305
f 9305 9356 9357 9306
f 9306 9357 9358 9307
f 9307 9358 9359 9308
f 9308 9359 9360 9309
f 9309 9360 9361 9310
f 9310 9361 9362 9311
f 9311 9362 9363 9312
f 9312 9363 9364 9313
f 9313 9364 9365 9314
f 9314 9365 9366 9315
f 9315 9366 9367 9316
f 9316 9367 9368 9317
f 9317 9368 9369 9318
f 9318 9369 9370 9319
f 9319 9370 9371 9320
f 9320 9371 9372 9321
f 9321 9372 9373 9322
f 9322 9373 9374 9323
f 9323 9374 9375 9324
f 9324 9375 9376 9325
f 9325 9376 9377 9326
f 9326 9377 9378 9327
f 9327 9378 9379 9328
f 9328 9379 9380 9329
f 9329 9380 9381 9330
f 9330 9381 9382 9331
f 9331 9382 9383 9332
f 9332 9383 9384 9333
f 9334 9385 9386 9335
f 9335 9386 9387 9336
f 9336 9387 9388 9337
f 9337 9388 9389 9338
f 9338 9389 9390 9339
f 9339 9390 9391 9340
f 9340 9391 9392 9341
f 9341 9392 9393 9342
f 9342 9393 9394 9343
f 9343 9394 9395 9344
f 9344 9395 9396 9345
f 9345 9396 9397 9346
f 9346 9397 9398 9347
f 9347 9398 9399 9348
f 9348 9399 9400 9349
f 9349 9400 9401 9350
f 9350 9401 9402 9351
f 9351 9402 9403 9352
f 9352 9403 9404 9353
f 9353 9404 9405 9354
f 9354 9405 9406 9355
f 9355 9406 9407 9356
f 9356 9407 9408 9357
f 9357 9408 9409 9358
f 9358 9409 9410 9359
f 9359 9410 9411 9360
f 9360 9411 9412 9361
f 9361 9412 9413 9362
f 9362 9413 9414 9363
f 9363 9414 9415 9364
f 9364 9415 9416 9365
f 9365 9416 9417 9366
f 9366 9417 9418 9367
f 9367 9418 9419 9368
f 9368 9419 9420 9369
f 9369 9420 9421 9370
f 9370 9421 9422 9371
f 9371 9422 9423 9372
f 9372 9423 9424 9373
f 9373 9424 9425 9374
f 9374 9425 9426 9375
f 9375 9426 9427 9376
f 9376 9427 9428 9377
f 9377 9428 9429 9378
f 9378 9429 9430 9379
f 9379 9430 9431 9380
f 9380 9431 9432 9381
f 9381 9432 9433 9382
f 9382 9433 9434 9383
f 9383 9434 9435 9384
f 9385 9436 9437 9386
f 9386 9437 9438 9387
f 9387 9438 9439 9388
f 9388 9439 9440 9389
f 9389 9440 9441 9390
f 9390 9441 9442 9391
f 9391 9442 9443 9392
f 9392 9443 9444 9393
f 9393 9444 9445 9394
f 9394 9445 9446 9395
f 9395 9446 9447 9396
f 9396 9447 9448 9397
f 9397 9448 9449 9398
f 9398 9449 9450 9399
f 9399 9450 9451 9400
f 9400 9451 9452 9401
f 9401 9452 9453 9402
f 9402 9453 9454 9403
f 9403 9454 9455 9404
f 9404 9455 9456 9405
f 9405 9456 9457 9406
f 9406 9457 9458 9407
f 9407 9458 9459 9408
f 9408 9459 9460 9409
f 9409 9460 9461 9410
f 9410 9461 9462 9411
f 9411 9462 9463 9412
f 9412 9463 9464 9413
f 9413 9464 9465 9414
f 9414 9465 9466 9415
f 9415 9466 9467 9416
f 9416 9467 9468 9417
f 9417 9468 9469 9418
f 9418 9469 9470 9419
f 9419 9470 9471 9420
f 9420 9471 9472 9421
f 9421 9472 9473 9422
f 9422 9473 9474 9423
f 9423 9474 9475 9424
f 9424 9475 9476 9425
f 9425 9476 9477 9426
f 9426 9477 9478 9427
f 9427 9478 9479 9428
f 9428 9479 9480 9429
f 9429 9480 9481 9430
f 9430 9481 9482 9431
f 9431 9482 9483 9432
f 9432 9483 9484 9433
f 9433 9484 9485 9434
f 9434 9485 9486 9435
f 9436 9487 9488 9437
f 9437 9488 9489 9438
f 9438 9489 9490 9439
f 9439 9490 9491 9440
f 9440 9491 9492 9441
f 9441 9492 9493 9442
f 9442 9493 9494 9443
f 9443 9494 9495 9444
f 9444 9495 9496 9445
f 9445 9496 9497 9446
f 9446 9497 9498 9447
f 9447 9498 9499 9448
f 9448 9499 9500 9449
f 9449 9500 9501 9450
f 9450 9501 9502 9451
f 9451 9502 9503 9452
f 9452 9503 9504 9453
f 9453 9504 9505 9454
f 9454 9505 9506 9455
f 9455 9506 9507 9456
f 9456 9507 9508 9457
f 9457 9508 9509 9458
f 9458 9509 9510 9459
f 9459 9510 9511 9460
f 9460 9511 9512 9461
f 9461 9512 9513 9462
f 9462 9513 9514 9463
f 9463 9514 9515 9464
f 9464 9515 9516 9465
f 9465 9516 9517 9466
f 9466 9517 9518 9467
f 9467 9518 9519 9468
f 9468 9519 9520 9469
f 9469 9520 9521 9470
f 9470 9521 9522 9471
f 9471 9522 9523 9472
f 9472 9523 9524 9473
f 9473 9524 9525 9474
f 9474 9525 9526 9475
f 9475 9526 9527 9476
f 9476 9527 9528 9477
f 9477 9528 9529 9478
f 9478 9529 9530 9479
f 9479 9530 9531 9480
f 9480 9531 9532 9481
f 9481 9532 9533 9482
f 9482 9533 9534 9483
f 9483 9534 9535 9484
f 9484 9535 9536 9485
f 9485 9536 9537 9486
f 9487 9538 9539 9488
f 9488 9539 9540 9489
f 9489 9540 9541 9490
f 9490 9541 9542 9491
f 9491 9542 9543 9492
f 9492 9543 9544 9493
f 9493 9544 9545 9494
f 9494 9545 9546 9495
f 9495 9546 9547 9496
f 9496 9547 9548 9497
f 9497 9548 9549 9498
f 9498 9549 9550 9499
f 9499 9550 9551 9500
f 9500 9551 9552 9501
f 9501 9552 9553 9502
f 9502 9553 9554 9503
f 9503 9554 9555 9504
f 9504 9555 9556 9505
f 9505 9556 9557 9506
f 9506 9557 9558 9507
f 9507 9558 9559 9508
f 9508 9559 9560 9509
f 9509 9560 9561 9510
f 9510 9561 9562 9511
f 9511 9562 9563 9512
f 9512 9563 9564 9513
f 9513 9564 9565 9514
f 9514 9565 9566 9515
f 9515 9566 9567 9516
f 9516 9567 9568 9517
f 9517 9568 9569 9518
f 9518 9569 9570 9519
f 9519 9570 9571 9520
f 9520 9571 9572 9521
f 9521 9572 9573 9522
f 9522 9573 9574 9523
f 9523 9574 9575 9524
f 9524 9575 9576 9525
f 9525 9576 9577 9526
f 9526 9577 9578 9527
f 9527 9578 9579 9528
f 9528 9579 9580 9529
f 9529 9580 9581 9530
f 9530 9581 9582 9531
f 9531 9582 9583 9532
f 9532 9583 9584 9533
f 9533 9584 9585 9534
f 9534 9585 9586 9535
f 9535 9586 9587 9536
f 9536 9587 9588 9537
f 9538 9589 9590 9539
f 9539 9590 9591 9540
f 9540 9591 9592 9541
f 9541 9592 9593 9542
f 9542 9593 9594 9543
f 9543 9594 9595 9544
f 9544 9595 9596 9545
f 9545 9596 9597 9546
f 9546 9597 9598 9547
f 9547 9598 9599 9548
f 9548 9599 9600 9549
f 9549 9600 9601 9550
f 9550 9601 9602 9551
f 9551 9602 9603 9552
f 9552 9603 9604 9553
f 9553 9604 9605 9554
f 9554 9605 9606 9555
f 9555 9606 9607 9556
f 9556 9607 9608 9557
f 9557 9608 9609 9558
f 9558 9609 9610 9559
f 9559 9610 9611 9560
f 9560 9611 9612 9561
f 9561 9612 9613 9562
f 9562 9613 9614 9563
f 9563 9614 9615 9564
f 9564 9615 9616 9565
f 9565 9616 9617 9566
f 9566 9617 9618 9567
f 9567 9618 9619 9568
f 9568 9619 9620 9569
f 9569 9620 9621 9570
f 9570 9621 9622 9571
f 9571 9622 9623 9572
f 9572 9623 9624 9573
f 9573 9624 9625 9574
f 9574 9625 9626 9575
f 9575 9626 9627 9576
f 9576 9627 9628 9577
f 9577 9628 9629 9578
f 9578 9629 9630 9579
f 9579 9630 9631 9580
f 9580 9631 9632 9581
f 9581 9632 9633 9582
f 9582 9633 9634 9583
f 9583 9634 9635 9584
f 9584 9635 9636 9585
f 9585 9636 9637 9586
f 9586 9637 9638 9587
f 9587 9638 9639 9588
f 9589 9640 9641 9590
f 9590 9641 9642 9591
f 9591 9642 9643 9592
f 9592 9643 9644 9593
f 9593 9644 9645 9594
f 9594 9645 9646 9595
f 9595 9646 9647 9596
f 9596 9647 9648 9597
f 9597 9648 9649 9598
f 9598 9649 9650 9599
f 9599 9650 9651 9600
f 9600 9651 9652 9601
f 9601 9652 9653 9602
f 9602 9653 9654 9603
f 9603 9654 9655 9604
f 9604 9655 9656 9605
f 9605 9656 9657 9606
f 9606 9657 9658 9607
f 9607 9658 9659 9608
f 9608 9659 9660 9609
f 9609 9660 9661 9610
f 9610 9661 9662 9611
f 9611 9662 9663 9612
f 9612 9663 9664 9613
f 9613 9664 9665 9614
f 9614 9665 9666 9615
f 9615 9666 9667 9616
f 9616 9667 9668 9617
f 9617 9668 9669 9618
f 9618 9669 9670 9619
f 9619 9670 9671 9620
f 9620 9671 9672 9621
f 9621 9672 9673 9622
f 9622 9673 9674 9623
f 9623 9674 9675 9624
f 9624 9675 9676 9625
f 9625 9676 9677 9626
f 9626 9677 9678 9627
f 9627 9678 9679 9628
f 9628 9679 9680 9629
f 9629 9680 9681 9630
f 9630 9681 9682 9631
f 9631 9682 9683 9632
f 9632 9683 9684 9633
f 9633 9684 9685 9634
f 9634 9685 9686 9635
f 9635 9686 9687 9636
f 9636 9687 9688 9637
f 9637 9688 9689 9638
f 9638 9689 9690 9639
f 9640 9691 9692 9641
f 9641 9692 9693 9642
f 9642 9693 9694 9643
f 9643 9694 9695 9644
f 9644 9695 9696 9645
f 9645 9696 9697 9646
f 9646 9697 9698 9647
f 9647 9698 9699 9648
f 9648 9699 9700 9649
f 9649 9700 9701 9650
f 9650 9701 9702 9651
f 9651 9702 9703 9652
f 9652 9703 9704 9653
f 9653 9704 9705 9654
f 9654 9705 9706 9655
f 9655 9706 9707 9656
f 9656 9707 9708 9657
f 9657 9708 9709 9658
f 9658 9709 9710 9659
f 9659 9710 9711 9660
f 9660 9711 9712 9661
f 9661 9712 9713 9662
f 9662 9713 9714 9663
f 9663 9714 9715 9664
f 9664 9715 9716 9665
f 9665 9716 9717 9666
f 9666 9717 9718 9667
f 9667 9718 9719 9668
f 9668 9719 9720 9669
f 9669 9720 9721 9670
f 9670 9721 9722 9671
f 9671 9722 9723 9672
f 9672 9723 9724 9673
f 9673 9724 9725 9674
f 9674 9725 9726 9675
f 9675 9726 9727 9676
f 9676 9727 9728 9677
f 9677 9728 9729 9678
f 9678 9729 9730 9679
f 9679 9730 9731 9680
f 9680 9731 9732 9681
f 9681 9732 9733 9682
f 9682 9733 9734 9683
f 9683 9734 9735 9684
f 9684 9735 9736 9685
f 9685 9736 9737 9686
f 9686 9737 9738 9687
f 9687 9738 9739 9688
f 9688 9739 9740 9689
f 9689 9740 9741 9690
f 9691 9742 9743 9692
f 9692 9743 9744 9693
f 9693 9744 9745 9694
f 9694 9745 9746 9695
f 9695 9746 9747 9696
f 9696 9747 9748 9697
f 9697 9748 9749 9698
f 9698 9749 9750 9699
f 9699 9750 9751 9700
f 9700 9751 9752 9701
f 9701 9752 9753 9702
f 9702 9753 9754 9703
f 9703 9754 9755 9704
f 9704 9755 9756 9705
f 9705 9756 9757 9706
f 9706 9757 9758 9707
f 9707 9758 9759 9708
f 9708 9759 9760 9709
f 9709 9760 9761 9710
f 9710 9761 9762 9711
f 9711 9762 9763 9712
f 9712 9763 9764 9713
f 9713 9764 9765 9714
f 9714 9765 9766 9715
f 9715 9766 9767 9716
f 9716 9767 9768 9717
f 9717 9768 9769 9718
f 9718 9769 9770 9719
f 9719 9770 9771 9720
f 9720 9771 9772 9721
f 9721 9772 9773 9722
f 9722 9773 9774 9723
f 9723 9774 9775 9724
f 9724 9775 9776 9725
f 9725 9776 9777 9726
f 9726 9777 9778 9727
f 9727 9778 9779 9728
f 9728 9779 9780 9729
f 9729 9780 9781 9730
f 9730 9781 9782 9731
f 9731 9782 9783 9732
f 9732 9783 9784 9733
f 9733 9784 9785 9734
f 9734 9785 9786 9735
f 9735 9786 9787 9736
f 9736 9787 9788 9737
f 9737 9788 9789 9738
f 9738 9789 9790 9739
f 9739 9790 9791 9740
f 9740 9791 9792 9741
f 9742 9793 9794 9743
f 9743 9794 9795 9744
f 9744 9795 9796 9745
f 9745 9796 9797 9746
f 9746 9797 9798 9747
f 9747 9798 9799 9748
f 9748 9799 9800 9749
f 9749 9800 9801 9750
f 9750 9801 9802 9751
f 9751 9802 9803 9752
f 9752 9803 9804 9753
f 9753 9804 9805 9754
f 9754 9805 9806 9755
f 9755 9806 9807 9756
f 9756 9807 9808 9757
f 9757 9808 9809 9758
f 9758 9809 9810 9759
f 9759 9810 9811 9760
f 9760 9811 9812 9761
f 9761 9812 9813 9762
f 9762 9813 9814 9763
f 9763 9814 9815 9764
f 9764 9815 9816 9765
f 9765 9816 9817 9766
f 9766 9817 9818 9767
f 9767 9818 9819 9768
f 9768 9819 9820 9769
f 9769 9820 9821 9770
f 9770 9821 9822 9771
f 9771 9822 9823 9772
f 9772 9823 9824 9773
f 9773 9824 9825 9774
f 9774 9825 9826 9775
f 9775 9826 9827 9776
f 9776 9827 9828 9777
f 9777 9828 9829 9778
f 9778 9829 9830 9779
f 9779 9830 9831 9780
f 9780 9831 9832 9781
f 9781 9832 9833 9782
f 9782 9833 9834 9783
f 9783 9834 9835 9784
f 9784 9835 9836 9785
f 9785 9836 9837 9786
f 9786 9837 9838 9787
f 9787 9838 9839 9788
f 9788 9839 9840 9789
f 9789 9840 9841 9790
f 9790 9841 9842 9791
f 9791 9842 9843 9792
f 9793 9844 9845 9794
f 9794 9845 9846 9795
f 9795 9846 9847 9796
f 9796 9847 9848 9797
f 9797 9848 9849 9798
f 9798 9849 9850 9799
f 9799 9850 9851 9800
f 9800 9851 9852 9801
f 9801 9852 9853 9802
f 9802 9853 9854 9803
f 9803 9854 9855 9804
f 9804 9855 9856 9805
f 9805 9856 9857 9806
f 9806 9857 9858 9807
f 9807 9858 9859 9808
f 9808 9859 9860 9809
f 9809 9860 9861 9810
f 9810 9861 9862 9811
f 9811 9862 9863 9812
f 9812 9863 9864 9813
f 9813 9864 9865 9814
f 9814 9865 9866 9815
f 9815 9866 9867 9816
f 9816 9867 9868 9817
f 9817 9868 9869 9818
f 9818 9869 9870 9819
f 9819 9870 9871 9820
f 9820 9871 9872 9821
f 9821 9872 9873 9822
f 9822 9873 9874 9823
f 9823 9874 9875 9824
f 9824 9875 9876 9825
f 9825 9876 9877 9826
f 9826 9877 9878 9827
f 9827 9878 9879 9828
f 9828 9879 9880 9829
f 9829 9880 9881 9830
f 9830 9881 9882 9831
f 9831 9882 9883 9832
f 9832 9883 9884 9833
f 9833 9884 9885 9834
f 9834 9885 9886 9835
f 9835 9886 9887 9836
f 9836 9887 9888 9837
f 9837 9888 9889 9838
f 9838 9889 9890 9839
f 9839 9890 9891 9840
f 9840 9891 9892 9841
f 9841 9892 9893 9842
f 9842 9893 9894 9843
f 9844 9895 9896 9845
f 9845 9896 9897 9846
f 9846 9897 9898 9847
f 9847 9898 9899 9848
f 9848 9899 9900 9849
f 9849 9900 9901 9850
f 9850 9901 9902 9851
f 9851 9902 9903 9852
f 9852 9903 9904 9853
f 9853 9904 9905 9854
f 9854 9905 9906 9855
f 9855 9906 9907 9856
f 9856 9907 9908 9857
f 9857 9908 9909 9858
f 9858 9909 9910 9859
f 9859 9910 9911 9860
f 9860 9911 9912 9861
f 9861 9912 9913 9862
f 9862 9913 9914 9863
f 9863 9914 9915 9864
f 9864 9915 9916 9865
f 9865 9916 9917 9866
f 9866 9917 9918 9867
f 9867 9918 9919 9868
f 9868 9919 9920 9869
f 9869 9920 9921 9870
f 9870 9921 9922 9871
f 9871 9922 9923 9872
f 9872 9923 9924 9873
f 9873 9924 9925 9874
f 9874 9925 9926 9875
f 9875 9926 9927 9876
f 9876 9927 9928 9877
f 9877 9928 9929 9878
f 9878 9929 9930 9879
f 9879 9930 9931 9880
f 9880 9931 9932 9881
f 9881 9932 9933 9882
f 9882 9933 9934 9883
f 9883 9934 9935 9884
f 9884 9935 9936 9885
f 9885 9936 9937 9886
f 9886 9937 9938 9887
f 9887 9938 9939 9888
f 9888 9939 9940 9889
f 9889 9940 9941 9890
f 9890 9941 9942 9891
f 9891 9942 9943 9892
f 9892 9943 9944 9893
f 9893 9944 9945 9894
f 9895 9946 9947 9896
f 9896 9947 9948 9897
f 9897 9948 9949 9898
f 9898 9949 9950 9899
f 9899 9950 9951 9900
f 9900 9951 9952 9901
f 9901 9952 9953 9902
f 9902 9953 9954 9903
f 9903 9954 9955 9904
f 9904 9955 9956 9905
f 9905 9956 9957 9906
f 9906 9957 9958 9907
f 9907 9958 9959 9908
f 9908 9959 9960 9909
f 9909 9960 9961 9910
f 9910 9961 9962 9911
f 9911 9962 9963 9912
f 9912 9963 9964 9913
f 9913 9964 9965 9914
f 9914 9965 9966 9915
f 9915 9966 9967 9916
f 9916 9967 9968 9917
f 9917 9968 9969 9918
f 9918 9969 9970 9919
f 9919 9970 9971 9920
f 9920 9971 9972 9921
f 9921 9972 9973 9922
f 9922 9973 9974 9923
f 9923 9974 9975 9924
f 9924 9975 9976 9925
f 9925 9976 9977 9926
f 9926 9977 9978 9927
f 9927 9978 9979 9928
f 9928 9979 9980 9929
f 9929 9980 9981 9930
f 9930 9981 9982 9931
f 9931 9982 9983 9932
f 9932 9983 9984 9933
f 9933 9984 9985 9934
f 9934 9985 9986 9935
f 9935 9986 9987 9936
f 9936 9987 9988 9937
f 9937 9988 9989 9938
f 9938 9989 9990 9939
f 9939 9990 9991 9940
f 9940 9991 9992 9941
f 9941 9992 9993 9942
f 9942 9993 9994 9943
f 9943 9994 9995 9944
f 9944 9995 9996 9945
f 9946 9997 9998 9947
f 9947 9998 9999 9948
f 9948 9999 10000 9949
f 9949 10000 10001 9950
f 9950 10001 10002 9951
f 9951 10002 10003 9952
f 9952 10003 10004 9953
f 9953 10004 10005 9954
f 9954 10005 10006 9955
f 9955 10006 10007 9956
f 9956 10007 10008 9957
f 9957 10008 10009 9958
f 9958 10009 10010 9959
f 9959 10010 10011 9960
f 9960 10011 10012 9961
f 9961 10012 10013 9962
f 9962 10013 10014 9963
f 9963 10014 10015 9964
f 9964 10015 10016 9965
f 9965 10016 10017 9966
f 9966 10017 10018 9967
f 9967 10018 10019 9968
f 9968 10019 10020 9969
f 9969 10020 10021 9970
f 9970 10021 10022 9971
f 9971 10022 10023 9972
f 9972 10023 10024 9973
f 9973 10024 10025 9974
f 9974 10025 10026 9975
f 9975 10026 10027 9976
f 9976 10027 10028 9977
f 9977 10028 10029 9978
f 9978 10029 10030 9979
f 9979 10030 10031 9980
f 9980 10031 10032 9981
f 9981 10032 10033 9982
f 9982 10033 10034 9983
f 9983 10034 10035 9984
f 9984 10035 10036 9985
f 9985 10036 10037 9986
f 9986 10037 10038 9987
f 9987 10038 10039 9988
f 9988 10039 10040 9989
f 9989 10040 10041 9990
f 9990 10041 10042 9991
f 9991 10042 10043 9992
f 9992 10043 10044 9993
f 9993 10044 10045 9994
f 9994 10045 10046 9995
f 9995 10046 10047 9996
f 9997 10048 10049 9998
f 9998 10049 10050 9999
f 9999 10050 10051 10000
f 10000 10051 10052 10001
f 10001 10052 10053 10002
f 10002 10053 10054 10003
f 10003 10054 10055 10004
f 10004 10055 10056 10005
f 10005 10056 10057 10006
f 10006 10057 10058 10007
f 10007 10058 10059 10008
f 10008 10059 10060 10009
f 10009 10060 10061 10010
f 10010 10061 10062 10011
f 10011 10062 10063 10012
f 10012 10063 10064 10013
f 10013 10064 10065 10014
f 10014 10065 10066 10015
f 10015 10066 10067 10016
f 10016 10067 10068 10017
f 10017 10068 10069 10018
f 10018 10069 10070 10019
f 10019 10070 10071 10020
f 10020 10071 10072 10021
f 10021 10072 10073 10022
f 10022 10073 10074 10023
f 10023 10074 10075 10024
f 10024 10075 10076 10025
f 10025 10076 10077 10026
f 10026 10077 10078 10027
f 10027 10078 10079 10028
f 10028 10079 10080 10029
f 10029 10080 10081 10030
f 10030 10081 10082 10031
f 10031 10082 10083 10032
f 10032 10083 10084 10033
f 10033 10084 10085 10034
f 10034 10085 10086 10035
f 10035 10086 10087 10036
f 10036 10087 10088 10037
f 10037 10088 10089 10038
f 10038 10089 10090 10039
f 10039 10090 10091 10040
f 10040 10091 10092 10041
f 10041 10092 10093 10042
f 10042 10093 10094 10043
f 10043 10094 10095 10044
f 10044 10095 10096 10045
f 10045 10096 10097 10046
f 10046 10097 10098 10047
f 10048 10099 10100 10049
f 10049 10100 10101 10050
f 10050 10101 10102 10051
f 10051 10102 10103 10052
f 10052 10103 10104 10053
f 10053 10104 10105 10054
f 10054 10105 10106 10055
f 10055 10106 10107 10056
f 10056 10107 10108 10057
f 10057 10108 10109 10058
f 10058 10109 10110 10059
f 10059 10110 10111 10060
f 10060 10111 10112 10061
f 10061 10112 10113 10062
f 10062 10113 10114 10063
f 10063 10114 10115 10064
f 10064 10115 10116 10065
f 10065 10116 10117 10066
f 10066 10117 10118 10067
f 10067 10118 10119 10068
f 10068 10119 10120 10069
f 10069 10120 10121 10070
f 10070 10121 10122 10071
f 10071 10122 10123 10072
f 10072 10123 10124 10073
f 10073 10124 10125 10074
f 10074 10125 10126 10075
f 10075 10126 10127 10076
f 10076 10127 10128 10077
f 10077 10128 10129 10078
f 10078 10129 10130 10079
f 10079 10130 10131 10080
f 10080 10131 10132 10081
f 10081 10132 10133 10082
f 10082 10133 10134 10083
f 10083 10134 10135 10084
f 10084 10135 10136 10085
f 10085 10136 10137 10086
f 10086 10137 10138 10087
f 10087 10138 10139 10088
f 10088 10139 10140 10089
f 10089 10140 10141 10090
f 10090 10141 10142 10091
f 10091 10142 10143 10092
f 10092 10143 10144 10093
f 10093 10144 10145 10094
f 10094 10145 10146 10095
f 10095 10146 10147 10096
f 10096 10147 10148 10097
f 10097 10148 10149 10098
f 10099 10150 10151 10100
f 10100 10151 10152 10101
f 10101 10152 10153 10102
f 10102 10153 10154 10103
f 10103 10154 10155 10104
f 10104 10155 10156 10105
f 10105 10156 10157 10106
f 10106 10157 10158 10107
f 10107 10158 10159 10108
f 10108 10159 10160 10109
f 10109 10160 10161 10110
f 10110 10161 10162 10111
f 10111 10162 10163 10112
f 10112 10163 10164 10113
f 10113 10164 10165 10114
f 10114 10165 10166 10115
f 10115 10166 10167 10116
f 10116 10167 10168 10117
f 10117 10168 10169 10118
f 10118 10169 10170 10119
f 10119 10170 10171 10120
f 10120 10171 10172 10121
f 10121 10172 10173 10122
f 10122 10173 10174 10123
f 10123 10174 10175 10124
f 10124 10175 10176 10125
f 10125 10176 10177 10126
f 10126 10177 10178 10127
f 10127 10178 10179 10128
f 10128 10179 10180 10129
f 10129 10180 10181 10130
f 10130 10181 10182 10131
f 10131 10182 10183 10132
f 10132 10183 10184 10133
f 10133 10184 10185 10134
f 10134 10185 10186 10135
f 10135 10186 10187 10136
f 10136 10187 10188 10137
f 10137 10188 10189 10138
f 10138 10189 10190 10139
f 10139 10190 10191 10140
f 10140 10191 10192 10141
f 10141 10192 10193 10142
f 10142 10193 10194 10143
f 10143 10194 10195 10144
f 10144 10195 10196 10145
f 10145 10196 10197 10146
f 10146 10197 10198 10147
f 10147 10198 10199 10148
f 10148 10199 10200 10149
f 10150 10201 10202 10151
f 10151 10202 10203 10152
f 10152 10203 10204 10153
f 10153 10204 10205 10154
f 10154 10205 10206 10155
f 10155 10206 10207 10156
f 10156 10207 10208 10157
f 10157 10208 10209 10158
f 10158 10209 10210 10159
f 10159 10210 10211 10160
f 10160 10211 10212 10161
f 10161 10212 10213 10162
f 10162 10213 10214 10163
f 10163 10214 10215 10164
f 10164 10215 10216 10165
f 10165 10216 10217 10166
f 10166 10217 10218 10167
f 10167 10218 10219 10168
f 10168 10219 10220 10169
f 10169 10220 10221 10170
f 10170 10221 10222 10171
f 10171 10222 10223 10172
f 10172 10223 10224 10173
f 10173 10224 10225 10174
f 10174 10225 10226 10175
f 10175 10226 10227 10176
f 10176 10227 10228 10177
f 10177 10228 10229 10178
f 10178 10229 10230 10179
f 10179 10230 10231 10180
f 10180 10231 10232 10181
f 10181 10232 10233 10182
f 10182 10233 10234 10183
f 10183 10234 10235 10184
f 10184 10235 10236 10185
f 10185 10236 10237 10186
f 10186 10237 10238 10187
f 10187 10238 10239 10188
f 10188 10239 10240 10189
f 10189 10240 10241 10190
f 10190 10241 10242 10191
f 10191 10242 10243 10192
f 10192 10243 10244 10193
f 10193 10244 10245 10194
f 10194 10245 10246 10195
f 10195 10246 10247 10196
f 10196 10247 10248 10197
f 10197 10248 10249 10198
f 10198 10249 10250 10199
f 10199 10250 10251 10200
f 10201 10252 10253 10202
f 10202 10253 10254 10203
f 10203 10254 10255 10204
f 10204 10255 10256 10205
f 10205 10256 10257 10206
f 10206 10257 10258 10207
f 10207 10258 10259 10208
f 10208 10259 10260 10209
f 10209 10260 10261 10210
f 10210 10261 10262 10211
f 10211 10262 10263 10212
f 10212 10263 10264 10213
f 10213 10264 10265 10214
f 10214 10265 10266 10215
f 10215 10266 10267 10216
f 10216 10267 10268 10217
f 10217 10268 10269 10218
f 10218 10269 10270 10219
f 10219 10270 10271 10220
f 10220 10271 10272 10221
f 10221 10272 10273 10222
f 10222 10273 10274 10223
f 10223 10274 10275 10224
f 10224 10275 10276 10225
f 10225 10276 10277 10226
f 10226 10277 10278 10227
f 10227 10278 10279 10228
f 10228 10279 10280 10229
f 10229 10280 10281 10230
f 10230 10281 10282 10231
f 10231 10282 10283 10232
f 10232 10283 10284 10233
f 10233 10284 10285 10234
f 10234 10285 10286 10235
f 10235 10286 10287 10236
f 10236 10287 10288 10237
f 10237 10288 10289 10238
f 10238 10289 10290 10239
f 10239 10290 10291 10240
f 10240 10291 10292 10241
f 10241 10292 10293 10242
f 10242 10293 10294 10243
f 10243 10294 10295 10244
f 10244 10295 10296 10245
f 10245 10296 10297 10246
f 10246 10297 10298 10247
f 10247 10298 10299 10248
f 10248 10299 10300 10249
f 10249 10300 10301 10250
f 10250 10301 10302 10251
f 1 5152 5153 2
f 2 5153 5154 3
f 3 5154 5155 4
f 4 5155 5156 5
f 5 5156 5157 6
f 6 5157 5158 7
f 7 5158 5159 8
f 8 5159 5160 9
f 9 5160 5161 10
f 10 5161 5162 11
f 11 5162 5163 12
f 12 5163 5164 13
f 13 5164 5165 14
f 14 5165 5166 15
f 15 5166 5167 16
f 16 5167 5168 17
f 17 5168 5169 18
f 18 5169 5170 19
f 19 5170 5171 20
f 20 5171 5172 21
f 21 5172 5173 22
f 22 5173 5174 23
f 23 5174 5175 24
f 24 5175 5176 25
f 25 5176 5177 26
f 26 5177 5178 27
f 27 5178 5179 28
f 28 5179 5180 29
f 29 5180 5181 30
f 30 5181 5182 31
f 31 5182 5183 32
f 32 5183 5184 33
f 33 5184 5185 34
f 34 5185 5186 35
f 35 5186 5187 36
f 36 5187 5188 37
f 37 5188 5189 38
f 38 5189 5190 39
f 39 5190 5191 40
f 40 5191 5192 41
f 41 5192 5193 42
f 42 5193 5194 43
f 43 5194 5195 44
f 44 5195 5196 45
f 45 5196 5197 46
f 46 5197 5198 47
f 47 5198 5199 48
f 48 5199 5200 49
f 49 5200 5201 50
f 50 5201 5202 51
f 5102 10253 10252 5101
f 5103 10254 10253 5102
f 5104 10255 10254 5103
f 5105 10256 10255 5104
f 5106 10257 10256 5105
f 5107 10258 10257 5106
f 5108 10259 10258 5107
f 5109 10260 10259 5108
f 5110 10261 10260 5109
f 5111 10262 10261 5110
f 5112 10263 10262 5111
f 5113 10264 10263 5112
f 5114 10265 10264 5113
f 5115 10266 10265 5114
f 5116 10267 10266 5115
f 5117 10268 10267 5116
f 5118 10269 10268 5117
f 5119 10270 10269 5118
f 5120 10271 10270 5119
f 5121 10272 10271 5120
f 5122 10273 10272 5121
f 5123 10274 10273 5122
f 5124 10275 10274 5123
f 5125 10276 10275 5124
f 5126 10277 10276 5125
f 5127 10278 10277 5126
f 5128 10279 10278 5127
f 5129 10280 10279 5128
f 5130 10281 10280 5129
f 5131 10282 10281 5130
f 5132 10283 10282 5131
f 5133 10284 10283 5132
f 5134 10285 10284 5133
f 5135 10286 10285 5134
f 5136 10287 10286 5135
f 5137 10288 10287 5136
f 5138 10289 10288 5137
f 5139 10290 10289 5138
f 5140 10291 10290 5139
f 5141 10292 10291 5140
f 5142 10293 10292 5141
f 5143 10294 10293 5142
f 5144 10295 10294 5143
f 5145 10296 10295 5144
f 5146 10297 10296 5145
f 5147 10298 10297 5146
f 5148 10299 10298 5147
f 5149 10300 10299 5148
f 5150 10301 10300 5149
f 5151 10302 10301 5150
f 52 5203 5152 1
f 103 5254 5203 52
f 154 5305 5254 103
f 205 5356 5305 154
f 256 5407 5356 205
f 307 5458 5407 256
f 358 5509 5458 307
f 409 5560 5509 358
f 460 5611 5560 409
f 511 5662 5611 460
f 562 5713 5662 511
f 613 5764 5713 562
f 664 5815 5764 613
f 715 5866 5815 664
f 766 5917 5866 715
f 817 5968 5917 766
f 868 6019 5968 817
f 919 6070 6019 868
f 970 6121 6070 919
f 1021 6172 6121 970
f 1072 6223 6172 1021
f 1123 6274 6223 1072
f 1174 6325 6274 1123
f 1225 6376 6325 1174
f 1276 6427 6376 1225
f 1327 6478 6427 1276
f 1378 6529 6478 1327
f 1429 6580 6529 1378
f 1480 6631 6580 1429
f 1531 6682 6631 1480
f 1582 6733 6682 1531
f 1633 6784 6733 1582
f 1684 6835 6784 1633
f 1735 6886 6835 1684
f 1786 6937 6886 1735
f 1837 6988 6937 1786
f 1888 7039 6988 1837
f 1939 7090 7039 1888
f 1990 7141 7090 1939
f 2041 7192 7141 1990
f 2092 7243 7192 2041
f 2143 7294 7243 2092
f 2194 7345 7294 2143
f 2245 7396 7345 2194
f 2296 7447 7396 2245
f 2347 7498 7447 2296
f 2398 7549 7498 2347
f 2449 7600 7549 2398
f 2500 7651 7600 2449
f 2551 7702 7651 2500
f 2602 7753 7702 2551
f 2653 7804 7753 2602
f 2704 7855 7804 2653
f 2755 7906 7855 2704
f 2806 7957 7906 2755
f 2857 8008 7957 2806
f 2908 8059 8008 2857
f 2959 8110 8059 2908
f 3010 8161 8110 2959
f 3061 8212 8161 3010
f 3112 8263 8212 3061
f 3163 8314 8263 3112
f 3214 8365 8314 3163
f 3265 8416 8365 3214
f 3316 8467 8416 3265
f 3367 8518 8467 3316
f 3418 8569 8518 3367
f 3469 8620 8569 3418
f 3520 8671 8620 3469
f 3571 8722 8671 3520
f 3622 8773 8722 3571
f 3673 8824 8773 3622
f 3724 8875 8824 3673
f 3775 8926 8875 3724
f 3826 8977 8926 3775
f 3877 9028 8977 3826
f 3928 9079 9028 3877
f 3979 9130 9079 3928
f 4030 9181 9130 3979
f 4081 9232 9181 4030
f 4132 9283 9232 4081
f 4183 9334 9283 4132
f 4234 9385 9334 4183
f 4285 9436 9385 4234
f 4336 9487 9436 4285
f 4387 9538 9487 4336
f 4438 9589 9538 4387
f 4489 9640 9589 4438
f 4540 9691 9640 4489
f 4591 9742 9691 4540
f 4642 9793 9742 4591
f 4693 9844 9793 4642
f 4744 9895 9844 4693
f 4795 9946 9895 4744
f 4846 9997 9946 4795
f 4897 10048 9997 4846
f 4948 10099 10048 4897
f 4999 10150 10099 4948
f 5050 10201 10150 4999
f 5101 10252 10201 5050
f 51 5202 5253 102
f 102 5253 5304 153
f 153 5304 5355 204
f 204 5355 5406 255
f 255 5406 5457 306
f 306 5457 5508 357
f 357 5508 5559 408
f 408 5559 5610 459
f 459 5610 5661 510
f 510 5661 5712 561
f 561 5712 5763 612
f 612 5763 5814 663
f 663 5814 5865 714
f 714 5865 5916 765
f 765 5916 5967 816
f 816 5967 6018 867
f 867 6018 6069 918
f 918 6069 6120 969
f 969 6120 6171 1020
f 1020 6171 6222 1071
f 1071 6222 6273 1122
f 1122 6273 6324 1173
f 1173 6324 6375 1224
f 1224 6375 6426 1275
f 1275 6426 6477 1326
f 1326 6477 6528 1377
f 1377 6528 6579 1428
f 1428 6579 6630 1479
f 1479 6630 6681 1530
f 1530 6681 6732 1581
f 1581 6732 6783 1632
f 1632 6783 6834 1683
f 1683 6834 6885 1734
f 1734 6885 6936 1785
f 1785 6936 6987 1836
f 1836 6987 7038 1887
f 1887 7038 7089 1938
f 1938 7089 7140 1989
f 1989 7140 7191 2040
f 2040 7191 7242 2091
f 2091 7242 7293 2142
f 2142 7293 7344 2193
f 2193 7344 7395 2244
f 2244 7395 7446 2295
f 2295 7446 7497 2346
f 2346 7497 7548 2397
f 2397 7548 7599 2448
f 2448 7599 7650 2499
f 2499 7650 7701 2550
f 2550 7701 7752 2601
f 2601 7752 7803 2652
f 2652 7803 7854 2703
f 2703 7854 7905 2754
f 2754 7905 7956 2805
f 2805 7956 8007 2856
f 2856 8007 8058 2907
f 2907 8058 8109 2958
f 2958 8109 8160 3009
f 3009 8160 8211 3060
f 3060 8211 8262 3111
f 3111 8262 8313 3162
f 3162 8313 8364 3213
f 3213 8364 8415 3264
f 3264 8415 8466 3315
f 3315 8466 8517 3366
f 3366 8517 8568 3417
f 3417 8568 8619 3468
f 3468 8619 8670 3519
f 3519 8670 8721 3570
f 3570 8721 8772 3621
f 3621 8772 8823 3672
f 3672 8823 8874 3723
f 3723 8874 8925 3774
f 3774 8925 8976 3825
f 3825 8976 9027 3876
f 3876 9027 9078 3927
f 3927 9078 9129 3978
f 3978 9129 9180 4029
f 4029 9180 9231 4080
f 4080 9231 9282 4131
f 4131 9282 9333 4182
f 4182 9333 9384 4233
f 4233 9384 9435 4284
f 4284 9435 9486 4335
f 4335 9486 9537 4386
f 4386 9537 9588 4437
f 4437 9588 9639 4488
f 4488 9639 9690 4539
f 4539 9690 9741 4590
f 4590 9741 9792 4641
f 4641 9792 9843 4692
f 4692 9843 9894 4743
f 4743 9894 9945 4794
f 4794 9945 9996 4845
f 4845 9996 10047 4896
f 4896 10047 10098 4947
f 4947 10098 10149 4998
f 4998 10149 10200 5049
f 5049 10200 10251 5100
f 5100 10251 10302 5151
